Detected m/z (primary)	RT Start	RT Apex	RT End	Charge States	Per-Charge Detected m/z	Num Charge States	Primary Charge	Monoisotopic Mass	Mono m/z (primary)	Summed Intensity	Cross-Charge Support	Num Members
356.19186	24.0440	24.4332	24.9125	2;4	z2:711.3779;z4:356.1919	2	4	1418.73164	355.69019	6.7389e8	1	2
420.71432	24.0440	24.2253	24.6987	2;4	z2:840.4210;z4:420.7143	2	4	1674.81457	419.71092	4.3650e8	2	2
473.30710	24.4332	24.9125	24.9632	2	z2:473.3071	1	2	942.59293	472.30374	2.9225e8	1	1
416.24902	24.4332	24.9125	24.9632	2;4	z2:831.4899;z4:416.2490	2	4	1656.95332	415.24561	2.7242e8	2	2
387.27142	24.2738	24.7448	24.9632	2	z2:387.2714	1	2	770.52158	386.26807	2.1103e8	1	1
345.22382	24.0440	24.1867	24.6553	4	z4:345.2238	1	4	1374.85945	344.72214	2.0657e8	1	1
410.68216	24.0440	24.3087	24.7837	2;4	z2:820.3604;z4:410.6822	2	4	1634.68803	409.67928	1.9607e8	2	2
359.26468	24.0783	24.5637	24.9632	2	z2:359.2647	1	2	714.50810	358.26132	1.9114e8	1	1
357.69266	24.0783	24.5637	24.9632	2;4	z2:714.3768;z4:357.6927	2	4	1422.72569	356.68870	1.7567e8	1	2
359.24023	24.0440	24.1215	24.6205	1	z1:359.2402	1	1	358.23296	359.24023	1.6792e8	1	1
322.18738	24.0440	24.3780	24.8730	4	z4:322.1874	1	4	1282.71370	321.68570	1.6640e8	1	1
409.21912	24.0783	24.5637	24.9632	2	z2:409.2191	1	2	814.41697	408.21576	1.4933e8	1	1
519.31238	24.2253	24.6987	24.9632	2	z2:519.3124	1	2	1034.60349	518.30902	1.3721e8	1	1
444.28177	24.3780	24.8730	24.9632	2	z2:444.2818	1	2	884.54227	443.27841	1.3684e8	1	1
473.28180	24.0440	24.5127	24.9632	2	z2:473.2818	1	2	942.54234	472.27844	1.3608e8	1	1
546.32397	24.0440	24.3780	24.8730	2	z2:546.3240	1	2	1088.62669	545.32062	1.3147e8	1	1
308.69250	24.0440	24.3087	24.7837	2;4	z2:616.3759;z4:308.6925	2	4	1228.73310	308.19055	1.2592e8	2	2
477.74023	24.2253	24.6987	24.9632	2;4;6	z2:954.4735;z4:477.7402;z6:318.8291	3	4	1902.91848	476.73690	1.2486e8	3	3
436.21109	24.6553	24.8730	24.9632	2;4	z2:871.4148;z4:436.2111	2	4	1736.80179	435.20773	1.2412e8	2	2
573.33514	24.2738	24.7448	24.9632	2	z2:573.3351	1	2	1142.64903	572.33179	1.2248e8	1	1
357.24960	24.1867	24.6553	24.9632	2	z2:357.2496	1	2	710.47794	356.24625	1.2155e8	1	1
433.73975	24.3087	24.3780	24.8730	2;4	z2:866.4741;z4:433.7397	2	4	1726.91688	432.73650	1.2115e8	2	2
560.74731	24.7448	24.7837	24.9632	2;4;6	z2:1120.4854;z4:560.7473;z6:374.1674	3	4	2234.94682	559.74398	1.1963e8	2	3
406.18182	24.3087	24.7837	24.9632	2;4	z2:811.3574;z4:406.1818	2	4	1618.69148	405.68015	1.1937e8	1	2
402.72589	24.4332	24.9125	24.9632	2;4	z2:804.4467;z4:402.7259	2	4	1604.86775	402.22421	1.1374e8	1	2
417.24551	24.0440	24.1522	24.6205	2	z2:417.2455	1	2	830.46977	416.24216	1.1037e8	1	1
393.24863	24.4808	24.9363	24.9632	2	z2:393.2486	1	2	782.47599	392.24527	1.1034e8	1	1
423.22305	24.0440	24.4808	24.9632	2;4	z2:846.4460;z4:423.2231	2	4	1684.84969	422.21970	1.0402e8	1	2
508.28564	24.0783	24.5637	24.9632	1	z1:508.2856	1	1	507.27837	508.28564	1.0216e8	1	1
438.23358	24.0440	24.4808	24.9632	2	z2:438.2336	1	2	872.44590	437.23023	1.0182e8	1	1
488.73495	24.0440	24.1215	24.5637	2;4	z2:976.4612;z4:488.7350	2	4	1946.89703	487.73154	1.0128e8	2	2
572.31470	24.0440	24.1867	24.6553	2	z2:572.3147	1	2	1140.60813	571.31134	9.8067e7	1	1
371.21515	24.0440	24.5127	24.9632	2;4	z2:741.4250;z4:371.2151	2	4	1478.82478	370.71347	9.2689e7	1	2
675.36560	24.2253	24.8730	24.9632	2;3;4	z2:675.3656;z3:449.9074;z4:338.1863	3	2	1346.70974	674.36215	9.0207e7	2	4
490.28586	24.0440	24.3087	24.7837	2	z2:490.2859	1	2	976.55045	489.28250	8.9434e7	1	1
466.77310	24.3087	24.3780	24.8730	2;4;6	z2:932.5422;z4:466.7731;z6:311.5182	3	4	1859.05066	465.76994	8.8246e7	3	3
389.25003	24.0440	24.0783	24.5637	2	z2:389.2500	1	2	774.47880	388.24668	8.8083e7	1	1
388.20032	24.2738	24.7448	24.9632	2;4	z2:775.3911;z4:388.2003	2	4	1544.75801	387.19678	8.8013e7	2	3
466.26483	24.4332	24.9125	24.9632	2	z2:466.2648	1	2	928.50840	465.26148	8.5117e7	1	1
375.23486	24.0440	24.0783	24.5637	2	z2:375.2349	1	2	746.44846	374.23151	8.4191e7	1	1
503.29169	24.0440	24.3087	24.7837	1	z1:503.2917	1	1	502.28441	503.29169	8.0588e7	1	1
463.74347	24.4808	24.6553	24.9632	2;4;6	z2:926.4764;z4:463.7435;z6:309.4974	3	4	1846.93015	462.73981	7.9721e7	3	3
363.21817	24.0440	24.3780	24.8730	2;4	z2:725.4296;z4:363.2182	2	4	1446.83687	362.71649	7.9676e7	1	2
423.25922	24.2253	24.6987	24.9632	2	z2:423.2592	1	2	842.49717	422.25586	7.9595e7	1	1
432.25543	24.0440	24.3780	24.8730	2	z2:432.2554	1	2	860.48960	431.25208	7.6709e7	1	1
430.27585	24.2253	24.6987	24.9632	1	z1:430.2758	1	1	429.26857	430.27585	7.4931e7	1	1
617.33673	24.3087	24.7837	24.9632	2;4	z2:617.3367;z4:309.1715	2	2	1230.65178	616.33317	7.3999e7	2	2
448.24622	24.6553	24.7837	24.9632	2;4	z2:895.4867;z4:448.2462	2	4	1784.94281	447.24298	7.0144e7	2	2
437.24908	24.0440	24.3087	24.7837	2	z2:437.2491	1	2	870.47691	436.24573	6.9949e7	1	1
631.37665	24.3087	24.7837	24.9632	2;4	z2:631.3766;z4:316.1924	2	2	1258.73263	630.37359	6.9069e7	2	2
379.19461	24.0440	24.1215	24.6205	2;4	z2:757.3839;z4:379.1946	2	4	1510.74263	378.69293	6.5979e7	1	2
493.27536	24.2253	24.6987	24.9632	2	z2:493.2754	1	2	982.52946	492.27201	6.5963e7	1	1
448.27490	24.0440	24.4808	24.9632	2	z2:448.2749	1	2	892.52854	447.27155	6.5220e7	1	1
402.70758	24.6205	24.9632	24.9632	2;4	z2:804.4078;z4:402.7076	2	4	1602.78770	401.70420	6.3650e7	1	2
672.40125	24.1867	24.6553	24.9632	2;4	z2:672.4012;z4:336.7049	2	2	1340.78223	671.39839	6.3238e7	2	2
313.18683	24.3087	24.5637	24.9632	2;4	z2:625.3657;z4:313.1868	2	4	1246.71096	312.68502	6.3049e7	2	2
467.23450	24.3087	24.7837	24.9632	2;4	z2:933.4628;z4:467.2345	2	4	1860.89613	466.23131	6.1571e7	2	2
446.29657	24.0440	24.5127	24.9632	2	z2:446.2966	1	2	888.57188	445.29321	6.1503e7	1	1
393.22357	24.2738	24.6987	24.9632	2	z2:393.2236	1	2	782.42588	392.22022	6.1409e7	1	1
518.25647	24.2738	24.7448	24.9632	2	z2:518.2565	1	2	1032.49168	517.25311	6.1277e7	1	1
373.71252	24.1522	24.5637	24.9632	2;4	z2:746.4197;z4:373.7125	2	4	1488.81428	373.21085	5.8829e7	1	2
488.28210	24.3087	24.7837	24.9632	2	z2:488.2821	1	2	972.54295	487.27875	5.8483e7	1	1
634.35126	24.3087	24.7837	24.9632	2;4	z2:634.3513;z4:317.6793	2	2	1264.68131	633.34793	5.8216e7	2	2
302.67416	24.0440	24.1867	24.5637	2;4	z2:604.3407;z4:302.6742	2	4	1204.66051	302.17240	5.6592e7	2	2
402.24539	24.0440	24.3087	24.7837	2	z2:402.2454	1	2	800.46952	401.24204	5.6419e7	1	1
547.30713	24.3432	24.8227	24.9632	2	z2:547.3071	1	2	1090.59300	546.30377	5.6120e7	1	1
373.28024	24.4808	24.9363	24.9632	2	z2:373.2802	1	2	742.53922	372.27689	5.5646e7	1	1
382.20749	24.8227	24.9125	24.9632	2;4	z2:763.4089;z4:382.2075	2	4	1522.79414	381.70581	5.4650e7	1	2
531.28668	24.0440	24.1867	24.6553	1	z1:531.2867	1	1	530.27941	531.28668	5.4543e7	1	1
489.30289	24.0440	24.4808	24.9632	2	z2:489.3029	1	2	974.58451	488.29953	5.4096e7	1	1
712.83545	24.6553	24.6987	24.9632	2;3	z2:712.8354;z3:475.5600	2	2	1419.64382	710.82918	5.3217e7	2	2
476.28180	24.0440	24.3087	24.7837	2	z2:476.2818	1	2	948.54234	475.27844	5.2978e7	1	1
576.78967	24.5637	24.6553	24.9632	2;4	z2:1152.5693;z4:576.7897	2	4	2297.10906	575.28454	4.8390e7	2	2
418.26498	24.0440	24.3087	24.7837	2	z2:418.2650	1	2	832.50871	417.26163	4.8213e7	1	1
518.28101	24.0440	24.4808	24.9632	2	z2:518.2810	1	2	1032.54075	517.27765	4.6917e7	1	1
351.69220	24.0440	24.4332	24.9125	2;4	z2:702.3776;z4:351.6922	2	4	1400.73340	351.19063	4.6627e7	2	2
544.76886	24.5127	24.6205	24.9632	2;4;6	z2:1088.5342;z4:544.7689;z6:363.5152	3	4	2171.03320	543.76558	4.6583e7	2	3
300.19647	24.5127	24.8730	24.9632	2;4	z2:599.3867;z4:300.1965	2	4	1194.75081	299.69498	4.5319e7	2	2
345.21292	24.0440	24.3780	24.8730	2;4	z2:689.4178;z4:345.2129	2	4	1374.81554	344.71116	4.4655e7	2	2
381.21140	24.0440	24.0440	24.5127	2;4	z2:761.4125;z4:381.2114	2	4	1518.80977	380.70972	4.4348e7	1	2
375.19778	24.0440	24.3087	24.7837	1	z1:375.1978	1	1	374.19051	375.19778	4.3551e7	1	1
532.27124	24.2738	24.7448	24.9632	2	z2:532.2712	1	2	1060.52122	531.26789	4.2438e7	1	1
425.72440	24.0440	24.4808	24.9632	2;4	z2:850.4426;z4:425.7244	2	4	1694.85536	424.72112	4.2394e7	2	2
463.21582	24.6205	24.9125	24.9632	2;4	z2:925.4225;z4:463.2158	2	4	1844.81920	462.21208	4.2373e7	2	2
405.71362	24.2738	24.6553	24.9632	2;4	z2:810.4195;z4:405.7136	2	4	1616.81868	405.21195	4.1736e7	1	2
674.33557	24.0783	24.5637	24.9632	2;4	z2:674.3356;z4:337.6711	2	2	1344.64957	673.33206	4.1702e7	2	2
565.27234	24.0440	24.4332	24.9125	2	z2:565.2723	1	2	1126.52342	564.26898	4.1274e7	1	1
343.22101	24.5637	24.6553	24.9632	2;4	z2:685.4341;z4:343.2210	2	4	1366.84802	342.71928	4.1188e7	2	2
359.69476	24.6205	24.8227	24.9632	2;4	z2:718.3831;z4:359.6948	2	4	1430.73734	358.69161	4.0378e7	2	2
474.26562	24.0440	24.0783	24.5637	1	z1:474.2656	1	1	473.25835	474.26562	3.9786e7	1	1
358.22620	24.1522	24.5127	24.9632	2;4	z2:715.4457;z4:358.2262	2	4	1426.86897	357.72452	3.9377e7	1	2
459.26718	24.1867	24.6553	24.9632	2	z2:459.2672	1	2	914.51310	458.26383	3.9244e7	1	1
456.23840	24.6987	24.8227	24.9632	2;4;6	z2:911.4671;z4:456.2384;z6:304.4939	3	4	1816.90910	455.23455	3.9043e7	3	3
517.30829	24.3780	24.8730	24.9632	1	z1:517.3083	1	1	516.30101	517.30829	3.8945e7	1	1
544.31995	24.3780	24.8730	24.9632	2	z2:544.3199	1	2	1084.61863	543.31659	3.8523e7	1	1
444.21100	24.4332	24.5637	24.9632	2;4	z2:887.4113;z4:444.2110	2	4	1768.80021	443.20733	3.8479e7	2	2
359.23895	24.6553	24.6987	24.9632	1	z1:359.2390	1	1	358.23168	359.23895	3.8372e7	1	1
640.30280	24.0440	24.1867	24.6205	2;4	z2:640.3028;z4:320.6556	2	2	1276.58443	639.29949	3.8131e7	2	2
351.20178	24.0783	24.5637	24.9632	4	z4:351.2018	1	4	1398.77131	350.70010	3.8011e7	1	1
330.21371	24.6553	24.7837	24.9632	2;4	z2:659.4197;z4:330.2137	2	4	1314.81888	329.71200	3.7962e7	2	2
517.29712	24.0440	24.4808	24.9632	2	z2:517.2971	1	2	1030.57298	516.29376	3.7863e7	1	1
469.21173	24.6987	24.8730	24.9632	2;4;6	z2:937.4193;z4:469.2117;z6:313.1450	3	4	1868.80579	468.20872	3.7831e7	3	3
515.31793	24.3780	24.8730	24.9632	2	z2:515.3179	1	2	1026.61460	514.31458	3.7068e7	1	1
644.34698	24.0440	24.0783	24.5637	2;4	z2:644.3470;z4:322.6774	2	2	1284.67295	643.34375	3.6844e7	2	2
428.71701	24.0440	24.1867	24.6553	2;4	z2:856.4243;z4:428.7170	2	4	1706.82478	427.71347	3.6575e7	2	2
428.26123	24.0440	24.3087	24.7837	2	z2:428.2612	1	2	852.50120	427.25788	3.6409e7	1	1
589.32965	24.6205	24.8730	24.9632	2	z2:589.3297	1	2	1174.63804	588.32630	3.6319e7	1	1
515.28699	24.0440	24.3780	24.5127	2;4;6	z2:1029.5663;z4:515.2870;z6:343.8610	3	4	2053.10584	514.28374	3.6157e7	3	3
385.25497	24.3780	24.8730	24.9632	2	z2:385.2550	1	2	766.48869	384.25162	3.5713e7	1	1
473.30710	24.0440	24.3780	24.3780	2	z2:473.3071	1	2	942.59293	472.30374	3.5464e7	1	1
589.31885	24.0440	24.4808	24.5637	2	z2:589.3188	1	2	1174.61643	588.31549	3.5341e7	1	1
391.23654	24.1867	24.6553	24.9632	2	z2:391.2365	1	2	778.45182	390.23319	3.4411e7	1	1
460.28784	24.3087	24.7837	24.9632	2	z2:460.2878	1	2	916.55442	459.28449	3.4377e7	1	1
601.36542	24.3087	24.7837	24.9632	2;4	z2:601.3654;z4:301.1865	2	2	1198.70970	600.36213	3.4026e7	2	2
319.68915	24.8730	24.9363	24.9632	2;4	z2:638.3726;z4:319.6891	2	4	1272.72181	319.18773	3.3443e7	2	2
603.34558	24.0440	24.2738	24.7448	2;4	z2:603.3456;z4:302.1764	2	2	1202.66982	602.34218	3.3298e7	2	2
579.26019	24.6553	24.7448	24.9632	2;4;6	z2:1157.5159;z4:579.2602;z6:386.5095	3	4	2306.99213	577.75531	3.3101e7	3	3
446.22354	24.0440	24.5127	24.9632	1	z1:446.2235	1	1	445.21626	446.22354	3.3081e7	1	1
329.67023	24.0440	24.3087	24.5637	2;4	z2:658.3334;z4:329.6702	2	4	1312.64530	329.16860	3.2936e7	2	2
418.18744	24.0440	24.0440	24.5127	2;4	z2:835.3671;z4:418.1874	2	4	1664.70705	417.18404	3.2880e7	2	2
490.26126	24.3780	24.8730	24.9632	2	z2:490.2613	1	2	976.50126	489.25791	3.2868e7	1	1
451.26627	24.3780	24.8730	24.9632	2	z2:451.2663	1	2	898.51127	450.26291	3.2333e7	1	1
388.69208	24.0440	24.3087	24.7837	2;4	z2:776.3792;z4:388.6921	2	4	1546.73045	387.68989	3.2081e7	1	2
534.30469	24.4808	24.9363	24.9632	2	z2:534.3047	1	2	1064.58811	533.30133	3.1577e7	1	1
609.28534	24.4808	24.9363	24.9632	2;4	z2:609.2853;z4:305.1474	2	2	1214.55043	608.28249	3.1561e7	2	2
345.16568	24.2253	24.5637	24.9632	2;4	z2:689.3256;z4:345.1657	2	4	1374.62792	344.66426	3.1512e7	2	2
369.69168	24.0440	24.3780	24.6987	2;4	z2:738.3756;z4:369.6917	2	4	1470.72325	368.68809	3.1349e7	1	2
530.30249	24.0440	24.4808	24.9632	1	z1:530.3025	1	1	529.29521	530.30249	3.0788e7	1	1
502.27576	24.0440	24.1522	24.6205	1	z1:502.2758	1	1	501.26848	502.27576	3.0748e7	1	1
411.23932	24.4332	24.5127	24.9632	2;4	z2:821.4712;z4:411.2393	2	4	1636.91472	410.23596	3.0461e7	2	2
402.26978	24.4332	24.9125	24.9632	2	z2:402.2698	1	2	800.51829	401.26642	3.0287e7	1	1
592.31128	24.2253	24.6987	24.9632	1	z1:592.3113	1	1	589.29729	590.30457	3.0164e7	1	1
365.21793	24.0440	24.4808	24.9632	2	z2:365.2179	1	2	726.41459	364.21457	3.0134e7	1	1
447.72495	24.0440	24.3087	24.7837	2;4	z2:894.4396;z4:447.7249	2	4	1782.85665	446.72144	3.0050e7	2	2
308.97446	24.0440	24.0783	24.5637	4	z4:308.9745	1	4	1229.86201	308.47278	3.0001e7	1	1
359.69476	24.0440	24.0783	24.3780	2;4	z2:718.3831;z4:359.6948	2	4	1430.73826	358.69184	2.9934e7	1	2
520.27283	24.6205	24.6553	24.7837	2;4;6	z2:1039.5365;z4:520.2728;z6:347.5194	3	4	2073.04846	519.26939	2.9827e7	3	3
487.29703	24.4808	24.9363	24.9632	2	z2:487.2970	1	2	970.57279	486.29367	2.9652e7	1	1
530.32788	24.0440	24.3087	24.7837	2	z2:530.3279	1	2	1056.63450	529.32453	2.9374e7	1	1
720.33319	24.0440	24.3087	24.5127	2;4	z2:720.3332;z4:360.6697	2	2	1434.63841	718.32648	2.8960e7	1	2
718.37219	24.2253	24.5127	24.6553	2;4	z2:718.3722;z4:359.6896	2	2	1430.71641	716.36548	2.8807e7	1	2
619.32941	24.0440	24.3780	24.8730	1;2	z1:619.3294;z2:310.1681	2	1	616.31524	617.32251	2.8649e7	2	2
403.22870	24.0440	24.3780	24.3780	2	z2:403.2287	1	2	802.43613	402.22534	2.8020e7	1	1
422.23947	24.0440	24.3087	24.7837	2	z2:422.2395	1	2	840.45768	421.23612	2.7940e7	1	1
471.26724	24.0440	24.1867	24.6553	1	z1:471.2672	1	1	470.25997	471.26724	2.7751e7	1	1
388.25522	24.0440	24.1867	24.6553	2	z2:388.2552	1	2	772.48917	387.25186	2.7670e7	1	1
304.16089	24.0440	24.1522	24.6205	2	z2:304.1609	1	2	604.30051	303.15753	2.7392e7	1	1
438.24918	24.8227	24.9632	24.9632	2;4	z2:875.4918;z4:438.2492	2	4	1744.95437	437.24587	2.7145e7	2	2
355.18436	24.4332	24.9125	24.9632	2;4	z2:709.3605;z4:355.1844	2	4	1414.70161	354.68268	2.7075e7	1	2
677.38281	24.5637	24.9632	24.9632	2;4	z2:677.3828;z4:339.1941	2	2	1350.74275	676.37865	2.7033e7	2	2
574.32977	24.0783	24.4332	24.4808	2	z2:574.3298	1	2	1144.63828	573.32642	2.6979e7	1	1
436.23004	24.0440	24.4808	24.9632	2	z2:436.2300	1	2	868.43882	435.22669	2.6949e7	1	1
369.19397	24.5127	24.8227	24.9632	2;4	z2:737.3835;z4:369.1940	2	4	1468.73441	368.19088	2.6779e7	2	2
445.73245	24.6205	24.9125	24.9632	2;4	z2:890.4556;z4:445.7325	2	4	1774.88611	444.72880	2.6679e7	2	2
641.32330	24.0440	24.4808	24.9632	2;4	z2:641.3233;z4:321.1661	2	2	1278.62591	640.32023	2.6164e7	2	2
515.28040	24.1215	24.4808	24.9632	2	z2:515.2804	1	2	1026.53953	514.27704	2.6073e7	1	1
402.19815	24.4332	24.7448	24.9363	4	z4:402.1982	1	4	1602.75679	401.69647	2.6014e7	1	1
589.27557	24.2253	24.5127	24.7837	2;4;6	z2:1177.5398;z4:589.2756;z6:393.1853	3	4	2347.04693	587.76901	2.5603e7	2	3
507.25888	24.0440	24.1867	24.6553	2	z2:507.2589	1	2	1010.49650	506.25553	2.5464e7	1	1
420.24030	24.1522	24.2738	24.6987	2;4	z2:839.4736;z4:420.2403	2	4	1672.91871	419.23696	2.5412e7	2	2
690.36615	24.2253	24.6987	24.9632	2;4	z2:690.3661;z4:345.6860	2	2	1376.70959	689.36207	2.5348e7	2	2
386.98795	24.0440	24.0783	24.5637	5	z5:386.9879	1	5	1925.88993	386.18526	2.5292e7	1	1
558.33435	24.2738	24.6205	24.9632	2	z2:558.3344	1	2	1112.64744	557.33100	2.5156e7	1	1
412.71005	24.6553	24.9125	24.9632	2;4	z2:824.4148;z4:412.7101	2	4	1642.79910	411.70705	2.5132e7	2	2
502.74820	24.0440	24.0783	24.3432	2;4;6	z2:1004.4893;z4:502.7482;z6:335.1695	3	4	2002.95033	501.74486	2.4996e7	2	3
480.28134	24.4808	24.9363	24.9632	2	z2:480.2813	1	2	956.54142	479.27799	2.4936e7	1	1
350.18317	24.0783	24.4808	24.7837	2;4	z2:699.3594;z4:350.1832	2	4	1394.69711	349.68155	2.4524e7	2	2
501.24384	24.2253	24.6987	24.9632	2	z2:501.2438	1	2	998.46641	500.24048	2.4503e7	1	1
403.69412	24.4332	24.6987	24.9363	2;4	z2:806.3812;z4:403.6941	2	4	1606.73448	402.69090	2.4388e7	1	2
561.32220	24.1215	24.6205	24.9632	1	z1:561.3222	1	1	558.30822	559.31549	2.4315e7	1	1
545.30255	24.0783	24.5637	24.9632	4	z4:545.3026	1	4	2173.16768	544.29920	2.4122e7	1	1
504.27649	24.0440	24.2738	24.7448	2	z2:504.2765	1	2	1004.53172	503.27313	2.3751e7	1	1
365.19156	24.2253	24.6987	24.9632	2;4	z2:729.3768;z4:365.1916	2	4	1454.73042	364.68988	2.3606e7	1	2
632.33380	24.1867	24.6553	24.9632	2;4	z2:632.3338;z4:316.6709	2	2	1260.64691	631.33073	2.3405e7	2	2
486.24808	24.8730	24.9632	24.9632	2;4;6	z2:971.4882;z4:486.2481;z6:324.5006	3	4	1936.94919	485.24457	2.3316e7	3	3
638.34827	24.1867	24.6553	24.9632	2;4	z2:638.3483;z4:319.6783	2	2	1272.67596	637.34526	2.3168e7	2	2
452.74042	24.0440	24.0440	24.5127	2;4;6	z2:904.4739;z4:452.7404;z6:302.1625	3	4	1802.91923	451.73708	2.2925e7	2	3
605.32428	24.8227	24.9363	24.9632	2	z2:605.3243	1	2	1206.62730	604.32092	2.2779e7	1	1
451.23004	24.3780	24.8730	24.9632	2	z2:451.2300	1	2	898.43882	450.22669	2.2673e7	1	1
460.27664	24.0440	24.1867	24.6205	2	z2:460.2766	1	2	916.53202	459.27329	2.2381e7	1	1
306.18423	24.1867	24.6553	24.9632	2;4	z2:611.3619;z4:306.1842	2	4	1218.70148	305.68265	2.1970e7	2	2
389.23990	24.0440	24.0783	24.5637	2	z2:389.2399	1	2	774.45853	388.23654	2.1929e7	1	1
474.26562	24.6205	24.8730	24.9632	1	z1:474.2656	1	1	473.25835	474.26562	2.1912e7	1	1
389.21378	24.2738	24.7448	24.9632	2	z2:389.2138	1	2	774.40629	388.21042	2.1877e7	1	1
421.22177	24.5127	24.9125	24.9632	4	z4:421.2218	1	4	1676.84456	420.21842	2.1824e7	1	1
442.75009	24.6553	24.7448	24.9632	2;4	z2:884.4919;z4:442.7501	2	4	1762.95762	441.74668	2.1801e7	2	2
333.68134	24.0783	24.4808	24.8730	2;4	z2:666.3551;z4:333.6813	2	4	1328.68944	333.17964	2.1696e7	2	2
402.69537	24.0440	24.4332	24.5637	2;4	z2:804.3820;z4:402.6954	2	4	1602.73607	401.69129	2.1639e7	1	2
694.35162	24.0440	24.3087	24.7837	2;4	z2:694.3516;z4:347.6786	2	2	1384.68086	693.34771	2.1607e7	2	2
417.24551	24.6553	24.6987	24.9632	2	z2:417.2455	1	2	830.46977	416.24216	2.1556e7	1	1
350.19183	24.0440	24.0440	24.5127	2;4	z2:699.3769;z4:350.1918	2	4	1394.73179	349.69022	2.1133e7	2	2
418.20358	24.0440	24.1867	24.6553	2	z2:418.2036	1	2	833.38926	417.70191	2.1121e7	1	1
408.22318	24.0440	24.1867	24.6553	4	z4:408.2232	1	4	1626.85688	407.72150	2.0943e7	1	1
406.67407	24.3780	24.8730	24.9632	2;4	z2:812.3407;z4:406.6741	2	4	1618.65366	405.67069	2.0932e7	2	2
498.77042	24.0440	24.2253	24.3432	2;4;6	z2:996.5317;z4:498.7704;z6:332.8492	3	4	1987.03871	497.76695	2.0892e7	3	3
308.97446	24.6205	24.9125	24.9632	5	z5:308.9745	1	5	1535.82248	308.17177	2.0692e7	1	1
322.70804	24.6987	24.8730	24.9632	2;4	z2:644.4088;z4:322.7080	2	4	1284.79632	322.20636	2.0674e7	2	2
387.27142	24.0440	24.2253	24.2253	2	z2:387.2714	1	2	770.52158	386.26807	2.0628e7	1	1
523.24939	24.3780	24.8730	24.9632	2	z2:523.2494	1	2	1042.47752	522.24603	2.0612e7	1	1
449.21774	24.2253	24.6987	24.9363	2	z2:449.2177	1	2	894.41422	448.21439	2.0554e7	1	1
345.22382	24.6987	24.6987	24.9632	1	z1:345.2238	1	1	344.21654	345.22382	2.0521e7	1	1
419.24280	24.3780	24.8730	24.9632	2	z2:419.2428	1	2	834.46433	418.23944	2.0517e7	1	1
623.31439	24.0440	24.1215	24.5637	2;4	z2:623.3144;z4:312.1611	2	2	1242.60786	622.31121	2.0499e7	2	2
501.31378	24.4808	24.6553	24.9632	1	z1:501.3138	1	1	500.30651	501.31378	2.0453e7	1	1
333.21317	24.0440	24.5127	24.9632	4	z4:333.2132	1	4	1326.81685	332.71149	2.0169e7	1	1
347.18433	24.2738	24.6553	24.9632	2	z2:347.1843	1	2	690.34739	346.18097	2.0056e7	1	1
579.27863	24.3780	24.8730	24.9632	2	z2:579.2786	1	2	1154.53599	578.27527	1.9986e7	1	1
375.23486	24.6205	24.8730	24.9632	2	z2:375.2349	1	2	746.44846	374.23151	1.9864e7	1	1
458.30737	24.4808	24.9632	24.9632	1	z1:458.3074	1	1	457.30010	458.30737	1.9801e7	1	1
588.34436	24.0783	24.5637	24.7837	2	z2:588.3444	1	2	1172.66746	587.34101	1.9738e7	1	1
446.26096	24.0440	24.3087	24.7837	2	z2:446.2610	1	2	888.50065	445.25760	1.9379e7	1	1
379.20856	24.8227	24.8730	24.9632	3	z3:379.2086	1	3	1132.59713	378.53965	1.9298e7	1	1
639.30914	24.5127	24.9632	24.9632	2;4	z2:639.3091;z4:320.1583	2	2	1274.59725	638.30590	1.9151e7	2	2
426.74332	24.0440	24.2738	24.6987	2;4	z2:852.4796;z4:426.7433	2	4	1698.93078	425.73997	1.9120e7	2	2
382.68790	24.6205	24.9363	24.9632	2;4	z2:764.3662;z4:382.6879	2	4	1522.70445	381.68339	1.9029e7	1	2
411.70764	24.0440	24.4808	24.6553	2;4	z2:822.4105;z4:411.7076	2	4	1638.78887	410.70449	1.8945e7	2	2
425.20877	24.2738	24.6205	24.9125	2;4	z2:849.4127;z4:425.2088	2	4	1692.79450	424.20590	1.8933e7	2	2
427.56055	24.3432	24.3780	24.6553	4;6	z4:640.8388;z6:427.5605	2	6	2553.30240	426.55768	1.8876e7	2	2
433.73975	24.9125	24.9363	24.9632	2;4	z2:866.4693;z4:433.7397	2	4	1726.91560	432.73618	1.8775e7	2	3
343.20779	24.0440	24.1867	24.6553	4	z4:343.2078	1	4	1366.79536	342.70612	1.8704e7	1	1
531.28668	24.6987	24.6987	24.9632	1	z1:531.2867	1	1	530.27941	531.28668	1.8631e7	1	1
537.26617	24.4808	24.9125	24.9632	2	z2:537.2662	1	2	1070.51109	536.26282	1.8421e7	1	1
757.34845	24.0440	24.3780	24.5637	2;4	z2:757.3484;z4:379.1765	2	2	1508.66893	755.34174	1.8414e7	1	2
306.15894	24.3780	24.8730	24.9632	2;4	z2:612.3082;z4:306.1589	2	4	1218.60006	305.65729	1.8400e7	2	3
315.68735	24.2738	24.7448	24.9632	2	z2:315.6873	1	2	627.35343	314.68399	1.8219e7	1	1
803.38733	24.3087	24.7448	24.9363	1	z1:803.3873	1	1	800.37334	801.38062	1.8200e7	1	1
704.31927	24.0440	24.1867	24.4332	2;4	z2:704.3193;z4:352.6636	2	2	1404.61785	703.31620	1.7823e7	2	2
329.19241	24.0440	24.3780	24.8730	4	z4:329.1924	1	4	1310.73384	328.69074	1.7679e7	1	1
331.23407	24.0440	24.0783	24.5637	4	z4:331.2341	1	4	1318.90046	330.73239	1.7408e7	1	1
423.74329	24.0440	24.0783	24.3087	2;4	z2:846.4786;z4:423.7433	2	4	1686.93041	422.73988	1.7364e7	2	2
526.29718	24.1215	24.6205	24.9632	2	z2:526.2972	1	2	1048.57310	525.29383	1.7130e7	1	1
437.21280	24.0783	24.5637	24.6205	2	z2:437.2128	1	2	870.40434	436.20944	1.7061e7	1	1
558.32434	24.0440	24.1522	24.3432	2	z2:558.3243	1	2	1112.62742	557.32099	1.6786e7	1	1
587.32928	24.0783	24.5637	24.9632	2	z2:587.3293	1	2	1170.63731	586.32593	1.6362e7	1	1
385.18643	24.0440	24.0783	24.3087	2;4	z2:769.3651;z4:385.1864	2	4	1534.70991	384.68475	1.6104e7	1	2
519.31238	24.0440	24.1867	24.1867	2	z2:519.3124	1	2	1034.60349	518.30902	1.6077e7	1	1
416.28592	24.0783	24.5637	24.9632	2	z2:416.2859	1	2	828.55058	415.28256	1.5789e7	1	1
633.30823	24.3432	24.8227	24.9632	2;4	z2:633.3082;z4:317.1580	2	2	1262.59523	632.30489	1.5762e7	2	2
501.78275	24.6987	24.7837	24.9632	2;4	z2:1002.5555;z4:501.7827	2	4	1999.08776	500.77922	1.5685e7	2	2
618.30865	24.0440	24.0440	24.4332	2;4	z2:618.3087;z4:309.6579	2	2	1232.59597	617.30526	1.5668e7	2	2
520.27954	24.7448	24.8730	24.9632	2	z2:520.2795	1	2	1036.53782	519.27619	1.5617e7	1	1
445.27591	24.0440	24.3780	24.5637	2	z2:445.2759	1	2	886.53056	444.27255	1.5546e7	1	1
545.32898	24.0440	24.2738	24.7448	1	z1:545.3290	1	1	545.32506	546.33233	1.5516e7	1	1
363.19855	24.0440	24.3087	24.7837	2	z2:363.1985	1	2	722.37583	362.19519	1.5427e7	1	1
439.72617	24.0440	24.3087	24.7448	2;4	z2:878.4454;z4:439.7262	2	4	1750.86220	438.72283	1.5424e7	2	2
432.24524	24.0440	24.0783	24.5637	2	z2:432.2452	1	2	860.46922	431.24188	1.5359e7	1	1
487.36005	24.0783	24.5637	24.9632	2	z2:487.3600	1	2	970.69883	486.35669	1.5320e7	1	1
387.73834	24.6987	24.7448	24.8730	2;4	z2:774.4701;z4:387.7383	2	4	1542.91095	386.73501	1.5276e7	2	2
416.26025	24.3432	24.7837	24.9363	1	z1:416.2603	1	1	415.25298	416.26025	1.5141e7	1	1
458.29626	24.4808	24.9363	24.9632	2	z2:458.2963	1	2	912.57127	457.29291	1.5064e7	1	1
494.23505	24.0440	24.4332	24.9125	1	z1:494.2350	1	1	493.22777	494.23505	1.5002e7	1	1
717.35120	24.3780	24.8730	24.9632	2;4	z2:717.3512;z4:359.1798	2	2	1428.67442	715.34449	1.4984e7	1	2
588.30933	24.2253	24.6987	24.9632	2	z2:588.3093	1	2	1172.59739	587.30597	1.4955e7	1	1
378.70267	24.6205	24.8730	24.9632	2	z2:378.7027	1	2	754.38743	378.20099	1.4938e7	1	1
535.75427	24.4808	24.5637	24.8730	2;4;6	z2:1070.5033;z4:535.7543;z6:357.5061	3	4	2134.97577	534.75122	1.4830e7	2	3
356.17917	24.3432	24.6553	24.9632	2;4	z2:710.3467;z4:356.1792	2	4	1414.66539	354.67362	1.4748e7	1	2
719.36627	24.6205	24.8227	24.9632	2;4	z2:719.3663;z4:360.1876	2	2	1432.70597	717.36026	1.4579e7	2	2
549.79742	24.7448	24.7837	24.8730	4	z4:549.7974	1	4	2191.14717	548.79407	1.4548e7	1	1
303.67642	24.6205	24.7837	24.9632	2;4	z2:606.3441;z4:303.6764	2	4	1208.66685	303.17399	1.4444e7	1	2
466.26294	24.0440	24.3087	24.3780	2;4	z2:931.5208;z4:466.2629	2	4	1857.00969	465.25970	1.4280e7	2	2
409.24414	24.0440	24.1215	24.6205	2	z2:409.2441	1	2	814.46702	408.24079	1.4237e7	1	1
631.34967	24.4332	24.6987	24.9632	2	z2:631.3497	1	2	1258.67808	630.34632	1.4131e7	1	1
373.70569	24.0440	24.3780	24.5127	2;4	z2:746.4042;z4:373.7057	2	4	1486.78050	372.70240	1.3973e7	1	2
432.21979	24.1215	24.6205	24.9125	2	z2:432.2198	1	2	860.41831	431.21643	1.3890e7	1	1
604.32947	24.4808	24.9632	24.9632	1	z1:604.3295	1	1	602.31884	603.32611	1.3868e7	1	1
395.20782	24.4808	24.9125	24.9632	2;4	z2:789.4104;z4:395.2078	2	4	1572.78943	394.20463	1.3785e7	2	2
389.25003	24.6205	24.6987	24.9632	2	z2:389.2500	1	2	774.47880	388.24668	1.3712e7	1	1
494.25995	24.4808	24.9125	24.9632	2	z2:494.2599	1	2	984.49863	493.25659	1.3665e7	1	1
407.76077	24.8730	24.9125	24.9632	2;4	z2:814.5145;z4:407.7608	2	4	1623.00108	406.75755	1.3458e7	1	2
464.23438	24.6987	24.9125	24.9632	4	z4:464.2344	1	4	1848.89497	463.23102	1.3307e7	1	1
499.29904	24.0440	24.5127	24.9632	2	z2:499.2990	1	2	994.57682	498.29569	1.3251e7	1	1
606.34406	24.2738	24.2738	24.7448	2	z2:606.3441	1	2	1208.66685	605.34070	1.3021e7	1	1
506.28687	24.2738	24.3780	24.6553	4;6	z4:506.2869;z6:337.8611	2	4	2017.10682	505.28398	1.2988e7	2	2
400.23654	24.5637	24.6987	24.9632	2;4	z2:799.4655;z4:400.2365	2	4	1592.90356	399.23317	1.2987e7	2	2
504.24011	24.0440	24.4332	24.8730	1	z1:504.2401	1	1	503.23284	504.24011	1.2909e7	1	1
575.30353	24.1867	24.4808	24.9632	2	z2:575.3035	1	2	1146.58579	574.30017	1.2750e7	1	1
330.69263	24.0440	24.1867	24.6553	2;4	z2:660.3773;z4:330.6926	2	4	1316.73463	330.19093	1.2737e7	2	2
542.26727	24.0440	24.3087	24.7448	2	z2:542.2673	1	2	1080.51328	541.26392	1.2712e7	1	1
565.30792	24.1215	24.5637	24.9632	1	z1:565.3079	1	1	562.29394	563.30121	1.2613e7	1	1
308.20023	24.0440	24.0783	24.5127	2;4	z2:615.3940;z4:308.2002	2	4	1226.76565	307.69869	1.2552e7	2	2
345.20081	24.0440	24.0440	24.4332	2;4	z2:689.3939;z4:345.2008	2	4	1374.76729	344.69910	1.2549e7	2	2
402.26978	24.0440	24.3780	24.3780	2	z2:402.2698	1	2	800.51829	401.26642	1.2481e7	1	1
502.29703	24.2253	24.6987	24.9632	1	z1:502.2970	1	1	501.28975	502.29703	1.2453e7	1	1
485.28329	24.0440	24.3087	24.5127	1	z1:485.2833	1	1	484.27602	485.28329	1.2407e7	1	1
460.25055	24.3087	24.7837	24.9632	2	z2:460.2505	1	2	916.47984	459.24719	1.2304e7	1	1
577.25580	24.2738	24.7448	24.9363	1	z1:577.2558	1	1	574.24181	575.24909	1.2288e7	1	1
743.32031	24.3780	24.8730	24.9632	2	z2:743.3203	1	2	1480.61265	741.31360	1.2268e7	1	1
576.29803	24.3432	24.8227	24.9632	4	z4:576.2980	1	4	2295.14290	574.79300	1.2263e7	1	1
461.23517	24.0440	24.3780	24.7448	2	z2:461.2352	1	2	918.44907	460.23181	1.2250e7	1	1
401.28693	24.7837	24.9363	24.9632	2	z2:401.2869	1	2	798.55259	400.28357	1.2223e7	1	1
682.31561	24.0440	24.3780	24.5637	2;4	z2:682.3156;z4:341.6611	2	2	1360.60945	681.31200	1.2194e7	2	2
414.24600	24.0440	24.1867	24.3432	2	z2:414.2460	1	2	824.47074	413.24265	1.2189e7	1	1
323.20474	24.0440	24.1522	24.5127	2;4	z2:645.4020;z4:323.2047	2	4	1286.78307	322.70304	1.2143e7	2	2
491.23889	24.0440	24.3087	24.5637	2	z2:491.2389	1	2	978.45652	490.23554	1.2052e7	1	1
610.29236	24.0440	24.1522	24.5637	2;4	z2:610.2924;z4:305.6505	2	2	1216.56405	609.28930	1.2049e7	2	2
756.40039	24.6205	24.8730	24.9632	2	z2:756.4004	1	2	1506.77281	754.39368	1.2047e7	1	1
471.29236	24.3780	24.8730	24.9632	1	z1:471.2924	1	1	471.28844	472.29571	1.2011e7	1	1
399.68951	24.1522	24.6553	24.8730	2;4	z2:798.3734;z4:399.6895	2	4	1590.71873	398.68696	1.1899e7	1	2
378.73886	24.8730	24.9363	24.9632	2;4	z2:756.4711;z4:378.7389	2	4	1508.91963	378.23718	1.1880e7	1	2
562.28064	24.4808	24.9632	24.9632	2	z2:562.2806	1	2	1120.54002	561.27728	1.1656e7	1	1
377.22147	24.0440	24.1867	24.6553	2	z2:377.2215	1	2	750.42167	376.21811	1.1653e7	1	1
319.69669	24.4808	24.8227	24.9632	2;4	z2:638.3848;z4:319.6967	2	4	1272.75045	319.19489	1.1619e7	2	2
574.31934	24.6987	24.7448	24.9632	1	z1:574.3193	1	1	571.30535	572.31263	1.1606e7	1	1
302.68610	24.0440	24.0783	24.3780	2;4	z2:604.3660;z4:302.6861	2	4	1204.70930	302.18460	1.1578e7	2	2
397.19083	24.0783	24.5637	24.9363	2;4	z2:793.3766;z4:397.1908	2	4	1582.74458	396.69342	1.1576e7	1	3
419.22333	24.3087	24.7837	24.9632	2	z2:419.2233	1	2	834.42539	418.21997	1.1431e7	1	1
643.34082	24.6987	24.9632	24.9632	2	z2:643.3408	1	2	1282.66038	642.33747	1.1359e7	1	1
646.37567	24.0440	24.2738	24.6553	2;4	z2:646.3757;z4:324.6951	2	2	1288.73008	645.37232	1.1303e7	1	2
316.19235	24.0440	24.0783	24.2738	4	z4:316.1924	1	4	1256.72688	315.18900	1.1286e7	1	1
481.75018	24.5637	24.8730	24.9632	2;4;6	z2:962.4900;z4:481.7502;z6:321.5023	3	4	1918.95764	480.74669	1.1282e7	2	3
343.19699	24.6987	24.9363	24.9632	2;4	z2:685.3866;z4:343.1970	2	4	1366.75206	342.69529	1.1271e7	2	2
504.26581	24.2253	24.5637	24.9632	1	z1:504.2658	1	1	504.26189	505.26916	1.1196e7	1	1
605.30737	24.1522	24.3087	24.4332	2	z2:605.3074	1	2	1206.59348	604.30402	1.1181e7	1	1
491.78647	24.9125	24.9363	24.9632	2;4	z2:982.5654;z4:491.7865	2	4	1959.10328	490.78310	1.1150e7	2	2
445.25107	24.1215	24.6205	24.7837	2	z2:445.2511	1	2	886.48087	444.24771	1.1115e7	1	1
317.21771	24.0440	24.0783	24.5637	4	z4:317.2177	1	4	1262.83503	316.71603	1.1093e7	1	1
718.40857	24.8227	24.9363	24.9632	2;4	z2:718.4086;z4:359.7076	2	2	1430.78881	716.40168	1.1092e7	2	2
327.19531	24.4808	24.5127	24.9125	2;4	z2:653.3833;z4:327.1953	2	4	1302.74542	326.69363	1.1087e7	2	2
390.22394	24.9125	24.9632	24.9632	2;4	z2:779.4411;z4:390.2239	2	4	1552.85341	389.22063	1.1087e7	2	2
418.20358	24.6987	24.6987	24.9632	2	z2:418.2036	1	2	832.38590	417.20023	1.1002e7	1	1
485.27118	24.3780	24.8730	24.9632	2	z2:485.2712	1	2	966.52110	484.26782	1.1001e7	1	1
374.23990	24.0440	24.0783	24.5637	2	z2:374.2399	1	2	744.45853	373.23654	1.0928e7	1	1
459.25604	24.6553	24.6987	24.9632	2;4;6	z2:917.5013;z4:459.2560;z6:306.5063	3	4	1828.98008	458.25230	1.0903e7	2	3
476.80066	24.1522	24.1867	24.3432	4;6	z4:476.8007;z6:318.2020	2	4	1899.15775	475.79671	1.0894e7	2	2
444.28000	24.0440	24.3087	24.3432	5	z5:444.2800	1	5	2212.35019	443.47731	1.0806e7	1	1
375.22388	24.0440	24.3087	24.4332	2	z2:375.2239	1	2	746.42649	374.22052	1.0795e7	1	1
571.32013	24.0440	24.5127	24.7837	2	z2:571.3201	1	2	1138.61900	570.31677	1.0680e7	1	1
676.35144	24.5127	24.8730	24.9632	2;4	z2:676.3514;z4:338.6790	2	2	1348.68162	675.34809	1.0662e7	1	2
450.70898	24.6987	24.9125	24.9632	2;4	z2:900.4125;z4:450.7090	2	4	1794.79453	449.70591	1.0597e7	2	2
466.24011	24.4332	24.9125	24.9632	1	z1:466.2401	1	1	465.23284	466.24011	1.0594e7	1	1
560.30353	24.0440	24.4808	24.9632	2	z2:560.3035	1	2	1116.58579	559.30017	1.0576e7	1	1
537.24738	24.4808	24.9125	24.9632	2	z2:537.2474	1	2	1070.47349	536.24402	1.0548e7	1	1
460.27664	24.6987	24.9125	24.9125	2	z2:460.2766	1	2	916.53202	459.27329	1.0518e7	1	1
418.18744	24.5637	24.9125	24.9632	4	z4:418.1874	1	4	1664.70723	417.18408	1.0445e7	1	1
350.71362	24.4808	24.6205	24.9632	2;4	z2:700.4229;z4:350.7136	2	4	1396.81899	350.21202	1.0294e7	2	2
531.32367	24.6553	24.7837	24.9632	2	z2:531.3237	1	2	1058.62608	530.32031	1.0163e7	1	1
395.22861	24.0440	24.1867	24.2253	2	z2:395.2286	1	2	786.43595	394.22525	1.0160e7	1	1
344.20456	24.0440	24.1867	24.6553	4	z4:344.2046	1	4	1370.78242	343.70288	1.0156e7	1	1
579.32343	24.0440	24.3780	24.8730	2	z2:579.3234	1	2	1154.62559	578.32007	1.0060e7	1	1
513.27759	24.0440	24.3780	24.8730	2	z2:513.2776	1	2	1022.53391	512.27423	1.0055e7	1	1
331.23291	24.6205	24.8227	24.9632	4	z4:331.2329	1	4	1318.89583	330.73123	9.8984e6	1	1
558.32434	24.6987	24.9363	24.9632	2	z2:558.3243	1	2	1112.62742	557.32099	9.7923e6	1	1
537.76056	24.0440	24.1522	24.3780	2;4	z2:1074.5178;z4:537.7606	2	4	2142.99971	536.75720	9.7864e6	1	2
414.26990	24.4808	24.9632	24.9632	2	z2:414.2699	1	2	824.51853	413.26654	9.7639e6	1	1
390.21228	24.4332	24.9125	24.9632	2	z2:390.2123	1	2	776.40330	389.20893	9.6990e6	1	1
487.29907	24.0783	24.0783	24.4332	2	z2:487.2991	1	2	970.57688	486.29572	9.6902e6	1	1
551.28119	24.3780	24.8730	24.9632	2	z2:551.2812	1	2	1098.54112	550.27783	9.5846e6	1	1
372.20483	24.0440	24.1522	24.6205	2	z2:372.2048	1	2	740.38841	371.20148	9.2618e6	1	1
360.20047	24.3087	24.8227	24.8227	2;4	z2:719.3954;z4:360.2005	2	4	1432.76040	359.19738	9.2499e6	2	2
631.37665	24.0440	24.1867	24.2738	2	z2:631.3766	1	2	1258.73203	630.37329	9.2128e6	1	1
491.76175	24.0440	24.1215	24.3087	2;4;6	z2:982.5189;z4:491.7617;z6:328.1770	3	4	1959.00476	490.75847	9.1631e6	3	3
624.30927	24.0440	24.3087	24.3780	2;4	z2:624.3093;z4:312.6587	2	2	1244.59795	623.30625	9.1329e6	2	2
372.18719	24.0440	24.4332	24.9125	2;4	z2:743.3663;z4:372.1872	2	4	1480.70595	371.18376	9.0410e6	2	2
570.37195	24.0440	24.3780	24.8730	2	z2:570.3719	1	2	1136.72263	569.36859	8.9499e6	1	1
459.25604	24.0440	24.1522	24.6205	2	z2:459.2560	1	2	914.49082	458.25269	8.8891e6	1	1
385.21783	24.1867	24.6553	24.9632	2	z2:385.2178	1	2	766.41441	384.21448	8.8041e6	1	1
493.24225	24.6205	24.6987	24.9632	2	z2:493.2422	1	2	982.46323	492.23889	8.7695e6	1	1
701.34479	24.2253	24.6987	24.7837	2	z2:701.3448	1	2	1398.66831	700.34143	8.7440e6	1	1
403.71558	24.0440	24.1867	24.6553	4	z4:403.7156	1	4	1608.82649	403.21390	8.7236e6	1	1
576.29016	24.0440	24.5127	24.5127	2	z2:576.2902	1	2	1148.55906	575.28681	8.6868e6	1	1
617.35992	24.1867	24.6553	24.9632	2;4	z2:617.3599;z4:309.1839	2	2	1230.69892	616.35674	8.6734e6	2	2
413.72406	24.8227	24.9125	24.9632	2;4	z2:826.4398;z4:413.7241	2	4	1646.85332	412.72061	8.6496e6	2	2
465.74033	24.0440	24.1867	24.3087	2;4	z2:930.4743;z4:465.7403	2	4	1854.91894	464.73701	8.6407e6	2	2
409.21130	24.4808	24.7837	24.8730	2;4	z2:817.4164;z4:409.2113	2	4	1628.80479	408.20847	8.6128e6	1	2
660.32922	24.3780	24.8730	24.9632	1;2;4	z1:1319.6384;z2:660.3292;z4:330.6688	3	2	1316.63713	659.32584	8.5658e6	3	3
416.29715	24.0440	24.0440	24.5127	2	z2:416.2971	1	2	828.57304	415.29379	8.4774e6	1	1
322.18738	24.9125	24.9125	24.9632	4	z4:322.1874	1	4	1282.71370	321.68570	8.4391e6	1	1
388.21909	24.3432	24.4808	24.7448	2;4	z2:775.4279;z4:388.2191	2	4	1544.83322	387.21558	8.4373e6	2	2
373.72342	24.3087	24.6987	24.8227	4	z4:373.7234	1	4	1488.85786	373.22174	8.4200e6	1	1
436.72617	24.7448	24.8730	24.9632	2	z2:436.7262	1	2	869.43107	435.72281	8.3647e6	1	1
425.21375	24.0440	24.0440	24.5127	2	z2:425.2137	1	2	846.40623	424.21039	8.3485e6	1	1
536.27472	24.0440	24.1215	24.3087	2	z2:536.2747	1	2	1068.52818	535.27136	8.3138e6	1	1
546.28778	24.0440	24.5127	24.9632	2	z2:546.2878	1	2	1088.55430	545.28443	8.2998e6	1	1
509.77838	24.3087	24.4808	24.5127	2;4	z2:1018.5527;z4:509.7784	2	4	2031.07162	508.77518	8.2038e6	2	2
337.71329	24.0440	24.0440	24.4332	2;4	z2:674.4183;z4:337.7133	2	4	1344.81680	337.21148	8.1958e6	2	2
505.29636	24.8227	24.8227	24.9632	2	z2:505.2964	1	2	1006.57145	504.29300	8.1576e6	1	1
371.70746	24.8227	24.9632	24.9632	2;4	z2:742.4061;z4:371.7075	2	4	1478.78428	370.70335	7.9740e6	1	2
402.24539	24.8227	24.8730	24.9632	2	z2:402.2454	1	2	800.46952	401.24204	7.9704e6	1	1
519.26990	24.0440	24.3087	24.3780	2	z2:519.2699	1	2	1034.51853	518.26654	7.9243e6	1	1
459.71191	24.0440	24.2253	24.3087	2;4	z2:918.4155;z4:459.7119	2	4	1830.80445	458.70839	7.9045e6	2	2
488.28210	24.0440	24.1867	24.2738	5	z5:488.2821	1	5	2430.35401	487.07808	7.8685e6	1	1
572.35089	24.5637	24.6553	24.7837	2	z2:572.3509	1	2	1140.68052	571.34754	7.8558e6	1	1
421.18585	24.0440	24.0783	24.5637	2	z2:421.1859	1	2	838.35044	420.18250	7.8013e6	1	1
371.23947	24.0440	24.0783	24.5637	2	z2:371.2395	1	2	738.45768	370.23612	7.7848e6	1	1
421.18585	24.6205	24.9125	24.9632	1	z1:421.1859	1	1	420.17858	421.18585	7.7656e6	1	1
432.28091	24.0440	24.1867	24.1867	2	z2:432.2809	1	2	860.54057	431.27756	7.7583e6	1	1
326.70389	24.3780	24.6553	24.9363	2;4	z2:652.4031;z4:326.7039	2	4	1300.78132	326.20261	7.7228e6	2	2
332.16422	24.0440	24.0783	24.5637	2;4	z2:663.3206;z4:332.1642	2	4	1322.62068	331.66245	7.7181e6	2	2
476.23468	24.0440	24.4808	24.6205	1	z1:476.2347	1	1	475.22740	476.23468	7.7114e6	1	1
620.35858	24.4808	24.9632	24.9632	1	z1:620.3586	1	1	617.34460	618.35187	7.6407e6	1	1
391.19269	24.0440	24.2738	24.7448	2	z2:391.1927	1	2	778.36411	390.18933	7.6127e6	1	1
310.16293	24.7837	24.9632	24.9632	2;4	z2:618.3203;z4:310.1629	2	4	1232.61348	309.16065	7.6100e6	2	3
389.23843	24.6205	24.6205	24.9632	4	z4:389.2384	1	4	1548.91121	388.23508	7.5730e6	1	1
403.20117	24.0440	24.3780	24.3780	4	z4:403.2012	1	4	1604.76216	402.19782	7.5612e6	1	1
408.22318	24.6987	24.9363	24.9632	2;4	z2:815.4376;z4:408.2232	2	4	1624.84995	407.21977	7.5243e6	2	2
691.28204	24.4332	24.9125	24.9632	2	z2:691.2820	1	2	1378.54282	690.27869	7.5110e6	1	1
349.71814	24.0440	24.1215	24.3087	2;4	z2:698.4310;z4:349.7181	2	4	1392.83724	349.21659	7.5066e6	2	2
356.19186	24.9363	24.9363	24.9632	4	z4:356.1919	1	4	1416.72493	355.18851	7.4877e6	1	1
480.74500	24.0783	24.3087	24.5127	4	z4:480.7450	1	4	1914.93746	479.74164	7.4872e6	1	1
394.23596	24.5637	24.9363	24.9632	2;4	z2:787.4656;z4:394.2360	2	4	1568.90148	393.23265	7.4699e6	2	2
322.15350	24.4808	24.9363	24.9632	4	z4:322.1535	1	4	1282.57820	321.65183	7.4215e6	1	1
388.22922	24.0783	24.5637	24.7448	4	z4:388.2292	1	4	1546.88105	387.72754	7.3965e6	1	1
587.35077	24.4808	24.9363	24.9632	2	z2:587.3508	1	2	1170.68028	586.34741	7.3550e6	1	1
547.30713	24.0440	24.3087	24.3087	2	z2:547.3071	1	2	1090.59300	546.30377	7.3549e6	1	1
431.26056	24.0440	24.0783	24.5637	2	z2:431.2606	1	2	858.49986	430.25720	7.3420e6	1	1
561.29706	24.3780	24.8730	24.9632	2	z2:561.2971	1	2	1118.57285	560.29370	7.3212e6	1	1
469.22131	24.3087	24.6205	24.8227	2	z2:469.2213	1	2	934.42136	468.21796	7.3111e6	1	1
603.30914	24.0440	24.4332	24.5637	2	z2:603.3091	1	2	1202.59702	602.30579	7.2980e6	1	1
518.25647	24.0440	24.1867	24.2253	1	z1:518.2565	1	1	517.24919	518.25647	7.2859e6	1	1
337.21555	24.1522	24.5127	24.9125	2;4	z2:673.4235;z4:337.2155	2	4	1342.82621	336.71383	7.2719e6	2	2
544.31995	24.0440	24.0440	24.3432	2	z2:544.3199	1	2	1084.61863	543.31659	7.2447e6	1	1
381.22406	24.0440	24.2738	24.5637	2	z2:381.2241	1	2	758.42686	380.22071	7.2140e6	1	1
355.20334	24.1867	24.4808	24.6205	2;4	z2:709.3962;z4:355.2033	2	4	1414.77754	354.70166	7.2010e6	1	2
435.21796	24.5637	24.7448	24.8227	4	z4:435.2180	1	4	1732.82930	434.21460	7.1515e6	1	1
341.19272	24.0783	24.5637	24.9125	5	z5:341.1927	1	5	1696.91379	340.39003	7.0601e6	1	1
588.38214	24.0440	24.3087	24.7837	2	z2:588.3821	1	2	1172.74302	587.37879	7.0286e6	1	1
523.26971	24.3432	24.5637	24.8227	2	z2:523.2697	1	2	1042.51817	522.26636	6.9435e6	1	1
338.18161	24.0440	24.0783	24.1867	4	z4:338.1816	1	4	1346.69062	337.67993	6.9264e6	1	1
503.28104	24.6553	24.6987	24.9632	2	z2:503.2810	1	2	1002.54081	502.27768	6.9238e6	1	1
743.40454	24.0440	24.1522	24.6205	2	z2:743.4045	1	2	1480.78111	741.39783	6.8958e6	1	1
446.27164	24.0440	24.0783	24.3432	2	z2:446.2716	1	2	888.52201	445.26828	6.8891e6	1	1
705.34088	24.2738	24.6987	24.9125	1	z1:705.3409	1	1	702.32690	703.33417	6.8411e6	1	1
385.20068	24.0440	24.0783	24.5637	4	z4:385.2007	1	4	1534.76692	384.69901	6.8094e6	1	1
591.29681	24.0440	24.0783	24.5637	2	z2:591.2968	1	2	1178.57237	590.29346	6.7469e6	1	1
432.24356	24.6205	24.9363	24.9632	2	z2:432.2436	1	2	860.46586	431.24021	6.7115e6	1	1
408.73163	24.0440	24.3780	24.3780	4	z4:408.7316	1	4	1626.88399	407.72827	6.6691e6	1	1
401.71246	24.7448	24.8227	24.9363	2;4	z2:802.4203;z4:401.7125	2	4	1600.81404	401.21079	6.6292e6	1	2
423.23456	24.1215	24.5127	24.9125	2	z2:423.2346	1	2	842.44785	422.23120	6.6127e6	1	1
417.69513	24.0440	24.4332	24.9125	6	z6:417.6951	1	6	2494.10699	416.69177	6.6029e6	1	1
375.72144	24.4808	24.5127	24.7837	4	z4:375.7214	1	4	1492.83651	374.21640	6.5999e6	1	1
333.69400	24.6205	24.6987	24.9632	4	z4:333.6940	1	4	1326.73348	332.69065	6.5804e6	1	2
510.25491	24.4332	24.9125	24.9632	2	z2:510.2549	1	2	1016.48856	509.25156	6.5510e6	1	1
361.21906	24.1867	24.6553	24.9632	2	z2:361.2191	1	2	718.41685	360.21570	6.5411e6	1	1
388.29135	24.0440	24.3780	24.8730	5	z5:388.2914	1	5	1932.40695	387.48867	6.5114e6	1	1
332.94098	24.0440	24.0783	24.5637	4	z4:332.9410	1	4	1324.72475	332.18846	6.5098e6	1	1
303.21405	24.0440	24.0783	24.5637	4	z4:303.2141	1	4	1206.82039	302.71237	6.4904e6	1	1
441.21585	24.4332	24.4808	24.9632	2	z2:441.2159	1	2	878.41044	440.21250	6.4877e6	1	1
501.33923	24.3780	24.8730	24.9632	2	z2:501.3392	1	2	998.65720	500.33588	6.4738e6	1	1
462.24924	24.6553	24.9363	24.9632	2	z2:462.2492	1	2	920.47721	461.24588	6.4624e6	1	1
443.22394	24.4332	24.8227	24.9632	2;4	z2:885.4419;z4:443.2239	2	4	1764.85349	442.22065	6.4127e6	2	2
544.37994	24.0440	24.0783	24.5637	2	z2:544.3799	1	2	1084.73863	543.37659	6.4072e6	1	1
442.66565	24.0440	24.0440	24.4332	2;4	z2:884.3230;z4:442.6656	2	4	1762.61927	441.66209	6.3832e6	2	2
448.25876	24.7837	24.9363	24.9632	4	z4:448.2588	1	4	1784.99251	447.25540	6.2994e6	1	1
636.31171	24.0783	24.1867	24.5637	1	z1:636.3117	1	1	633.29772	634.30500	6.2367e6	1	1
308.67404	24.3087	24.7837	24.9632	1	z1:308.6740	1	1	307.66677	308.67404	6.2243e6	1	1
613.27399	24.0783	24.3780	24.6205	2;4	z2:613.2740;z4:307.1409	2	2	1222.52717	612.27086	6.2243e6	2	2
569.31061	24.8227	24.8730	24.9632	6	z6:569.3106	1	6	3401.79315	567.97280	6.2023e6	1	2
535.28601	24.0440	24.1867	24.2253	2	z2:535.2860	1	2	1066.55076	534.28266	6.1359e6	1	1
442.22256	24.0440	24.2738	24.3780	1;2	z1:883.4394;z2:442.2226	2	2	880.42395	441.21925	6.1168e6	2	2
606.29047	24.3087	24.7837	24.9632	2;4	z2:606.2905;z4:303.6494	2	2	1208.55972	605.28713	6.1139e6	2	2
375.20465	24.0440	24.3087	24.7837	1	z1:375.2047	1	1	373.19402	374.20130	6.1047e6	1	1
480.26144	24.4808	24.6987	24.8227	2	z2:480.2614	1	2	956.50163	479.25809	6.0640e6	1	1
811.35742	24.0440	24.1867	24.2738	2;4	z2:811.3574;z4:406.1818	2	2	1616.68583	809.35019	6.0605e6	2	2
477.21002	24.7448	24.8730	24.9632	2	z2:477.2100	1	2	950.39878	476.20667	5.9380e6	1	1
396.70825	24.6553	24.7448	24.9632	4	z4:396.7083	1	4	1578.79048	395.70490	5.9303e6	1	1
668.33527	24.5637	24.9125	24.9632	2;4	z2:668.3353;z4:334.6715	2	2	1332.64970	667.33213	5.9016e6	2	2
459.29135	24.0440	24.3780	24.4332	2	z2:459.2914	1	2	914.56144	458.28800	5.8592e6	1	1
302.66818	24.0440	24.5127	24.9632	4	z4:302.6682	1	4	1204.63691	302.16650	5.8591e6	1	1
593.75458	24.8227	24.8730	24.9363	2;4;6	z2:1186.4991;z4:593.7546;z6:396.5053	3	4	2366.97521	592.75108	5.8486e6	2	3
538.26038	24.4332	24.8227	24.8730	2	z2:538.2604	1	2	1072.49949	537.25702	5.7945e6	1	1
430.30112	24.1215	24.6205	24.9632	2	z2:430.3011	1	2	856.58097	429.29776	5.7907e6	1	1
556.35565	24.0440	24.0783	24.5637	2	z2:556.3557	1	2	1108.69004	555.35230	5.7862e6	1	1
397.25516	24.0783	24.5637	24.9632	2	z2:397.2552	1	2	790.48905	396.25180	5.7818e6	1	1
415.17456	24.4808	24.9363	24.9632	2	z2:415.1746	1	2	826.32786	414.17121	5.7698e6	1	1
383.20322	24.2738	24.7448	24.9363	2	z2:383.2032	1	2	762.38517	382.19986	5.7539e6	1	1
550.29706	24.9125	24.9632	24.9632	2	z2:550.2971	1	2	1096.57285	549.29370	5.7506e6	1	1
373.28024	24.1522	24.3780	24.4332	2	z2:373.2802	1	2	742.53922	372.27689	5.6851e6	1	1
675.32910	24.0440	24.0783	24.3780	2;4	z2:675.3291;z4:338.1687	2	2	1346.63734	674.32595	5.6659e6	2	2
466.75595	24.3780	24.5637	24.6205	2;4	z2:932.5045;z4:466.7560	2	4	1858.98126	465.75259	5.6636e6	2	2
912.92969	24.4808	24.4808	24.5127	2	z2:912.9297	1	2	1819.83140	910.92298	5.6568e6	1	1
357.24960	24.0440	24.0783	24.1522	2	z2:357.2496	1	2	710.47794	356.24625	5.6136e6	1	1
623.30560	24.4808	24.7837	24.8730	2;4	z2:623.3056;z4:312.1570	2	2	1242.59010	622.30233	5.6049e6	2	2
513.35010	24.7837	24.9363	24.9632	2	z2:513.3501	1	2	1022.67893	512.34674	5.5356e6	1	1
416.29715	24.5637	24.8730	24.9632	2	z2:416.2971	1	2	828.57304	415.29379	5.4928e6	1	1
405.22159	24.2253	24.3087	24.3432	2;4	z2:809.4354;z4:405.2216	2	4	1612.84350	404.21815	5.4889e6	2	2
479.23511	24.6987	24.7837	24.9125	2;4	z2:957.4609;z4:479.2351	2	4	1908.89745	478.23164	5.4743e6	2	2
323.19376	24.1215	24.1522	24.3432	4	z4:323.1938	1	4	1284.73250	322.19040	5.4260e6	1	1
571.75635	24.6987	24.8227	24.9363	4;6	z4:571.7563;z6:382.1722	2	4	2276.97616	570.25132	5.3956e6	1	2
618.28253	24.9363	24.9632	24.9632	4	z4:618.2825	1	4	2463.08089	616.77750	5.3916e6	1	1
389.68274	24.2738	24.6987	24.8227	2	z2:389.6827	1	2	775.34422	388.67938	5.3768e6	1	1
434.23505	24.0440	24.1867	24.2253	2	z2:434.2350	1	2	864.44883	433.23169	5.3583e6	1	1
301.70258	24.0440	24.1215	24.3087	2;4	z2:602.3976;z4:301.7026	2	4	1200.77431	301.20085	5.3522e6	2	2
570.28699	24.0440	24.3432	24.7837	2	z2:570.2870	1	2	1136.55271	569.28363	5.3417e6	1	1
552.22626	24.5637	24.9125	24.9632	2	z2:552.2263	1	2	1100.43125	551.22290	5.3186e6	1	1
504.27649	24.7837	24.8730	24.9632	2	z2:504.2765	1	2	1004.53172	503.27313	5.3052e6	1	1
315.68735	24.0440	24.0783	24.2253	2	z2:315.6873	1	2	628.35679	315.18567	5.3022e6	1	1
439.68610	24.0440	24.1867	24.3087	2;4	z2:878.3667;z4:439.6861	2	4	1750.70265	438.68294	5.2960e6	2	2
461.74460	24.0440	24.1867	24.3087	2;4	z2:922.4830;z4:461.7446	2	4	1838.93619	460.74132	5.2888e6	2	2
386.98795	24.9125	24.9363	24.9632	5	z5:386.9879	1	5	1925.88993	386.18526	5.2711e6	1	1
604.32947	24.2738	24.3087	24.4332	2	z2:604.3295	1	2	1204.63767	603.32611	5.2397e6	1	1
371.69528	24.3780	24.5637	24.7837	2;4	z2:742.3832;z4:371.6953	2	4	1478.73859	370.69192	5.2360e6	2	2
330.68695	24.0440	24.3780	24.8730	4	z4:330.6870	1	4	1316.71199	330.18527	5.2195e6	1	1
337.19684	24.5637	24.9125	24.9632	2;4	z2:673.3871;z4:337.1968	2	4	1342.75227	336.69534	5.2040e6	2	2
692.34424	24.6553	24.8730	24.9632	1;2	z1:692.3442;z2:346.6753	2	1	689.32995	690.33723	5.2004e6	2	2
388.25522	24.6987	24.6987	24.9632	2	z2:388.2552	1	2	772.48917	387.25186	5.1829e6	1	1
323.67947	24.2738	24.3087	24.7837	4	z4:323.6795	1	4	1288.68208	323.17780	5.1142e6	1	1
867.42413	24.7448	24.8227	24.8227	2	z2:867.4241	1	2	1728.82029	865.41742	5.0417e6	1	1
778.35693	24.4808	24.7837	24.9125	2	z2:778.3569	1	2	1550.68589	776.35022	5.0410e6	1	1
407.23087	24.4808	24.9632	24.9632	2	z2:407.2309	1	2	810.44047	406.22751	5.0100e6	1	1
476.24646	24.0440	24.3087	24.5127	2	z2:476.2465	1	2	948.47166	475.24311	4.9963e6	1	1
646.34155	24.3087	24.4808	24.9632	2;4	z2:646.3416;z4:323.6740	2	2	1288.66127	645.33791	4.9666e6	2	2
338.18161	24.9125	24.9125	24.9632	4	z4:338.1816	1	4	1346.69062	337.67993	4.9030e6	1	1
525.27673	24.0440	24.1867	24.3432	1	z1:525.2767	1	1	524.26946	525.27673	4.9023e6	1	1
625.29181	24.2253	24.3780	24.8227	2	z2:625.2918	1	2	1246.56236	624.28845	4.8911e6	1	1
505.27277	24.0783	24.1867	24.1867	2	z2:505.2728	1	2	1006.52427	504.26941	4.8644e6	1	1
459.29135	24.5637	24.6987	24.8730	4	z4:459.2914	1	4	1831.12959	458.78967	4.8279e6	1	1
395.71744	24.0440	24.3432	24.5127	2	z2:395.7174	1	2	787.41361	394.71408	4.8276e6	1	1
452.24945	24.8730	24.8730	24.9632	2	z2:452.2495	1	2	900.47764	451.24610	4.7659e6	1	2
688.37262	24.4808	24.6553	24.6987	2;4	z2:688.3726;z4:344.6900	2	2	1372.72398	687.36926	4.7570e6	1	2
329.20483	24.0440	24.1522	24.3087	2;4	z2:657.4026;z4:329.2048	2	4	1310.78356	328.70317	4.7471e6	2	2
583.28180	24.0783	24.3780	24.7837	2	z2:583.2818	1	2	1162.54234	582.27844	4.7043e6	1	1
472.25061	24.4332	24.9125	24.9632	2	z2:472.2506	1	2	940.47996	471.24726	4.6983e6	1	1
345.19473	24.0440	24.4808	24.5637	2;4	z2:689.3837;z4:345.1947	2	4	1374.74362	344.69318	4.6493e6	2	2
498.30356	24.0440	24.5127	24.6987	5	z5:498.3036	1	5	2482.46799	497.50087	4.6347e6	1	1
616.32959	24.0440	24.2738	24.2738	2	z2:616.3296	1	2	1228.63792	615.32624	4.6273e6	1	1
516.31390	24.1867	24.6553	24.6553	1	z1:516.3139	1	1	514.30327	515.31055	4.5801e6	1	1
453.72113	24.3432	24.6553	24.8227	2;4	z2:906.4350;z4:453.7211	2	4	1806.84200	452.71778	4.5484e6	2	2
675.31915	24.3432	24.5127	24.5637	4;6	z4:675.3192;z6:450.8808	2	4	2691.22408	673.81330	4.5379e6	2	2
834.38733	24.0440	24.2738	24.7448	2	z2:834.3873	1	2	1662.74669	832.38062	4.5353e6	1	1
490.26126	24.0440	24.3087	24.3432	2	z2:490.2613	1	2	976.50126	489.25791	4.5201e6	1	1
456.29181	24.2738	24.7448	24.9632	5	z5:456.2918	1	5	2270.40253	455.08778	4.5175e6	1	1
517.33270	24.3780	24.8730	24.9632	2	z2:517.3327	1	2	1030.64414	516.32935	4.4941e6	1	1
374.69165	24.0440	24.1867	24.3432	2	z2:374.6917	1	2	746.36539	374.18997	4.4581e6	1	1
489.27631	24.3087	24.3087	24.4332	2	z2:489.2763	1	2	974.53135	488.27295	4.4245e6	1	1
336.16046	24.3780	24.5637	24.8730	4	z4:336.1605	1	4	1340.61274	336.16046	4.4174e6	1	1
486.73056	24.4808	24.5637	24.7448	4	z4:486.7306	1	4	1938.87972	485.72721	4.4047e6	1	1
632.29773	24.3780	24.8730	24.9632	4	z4:632.2977	1	4	2521.14839	631.29437	4.4017e6	1	1
385.25497	24.0440	24.2738	24.3432	2	z2:385.2550	1	2	766.48869	384.25162	4.3917e6	1	1
492.60547	24.7837	24.8730	24.9632	6	z6:492.6055	1	6	2943.56902	491.60211	4.3668e6	1	1
460.28784	24.0440	24.2738	24.2738	2	z2:460.2878	1	2	916.55442	459.28449	4.3641e6	1	1
357.21259	24.4808	24.9632	24.9632	4	z4:357.2126	1	4	1420.80782	356.20923	4.3585e6	1	1
542.32935	24.2738	24.6987	24.9632	2	z2:542.3293	1	2	1080.63743	541.32599	4.3484e6	1	1
494.29526	24.8227	24.9632	24.9632	2	z2:494.2953	1	2	984.56925	493.29190	4.3390e6	1	1
523.28552	24.4332	24.6987	24.6987	2	z2:523.2855	1	2	1042.54978	522.28217	4.3010e6	1	1
647.33295	24.0440	24.4808	24.5637	2	z2:647.3329	1	2	1290.64463	646.32959	4.2993e6	1	1
337.69455	24.0440	24.0783	24.3432	4	z4:337.6945	1	4	1344.74238	337.19287	4.2903e6	1	1
594.30164	24.8227	24.9632	24.9632	2	z2:594.3016	1	2	1184.58201	593.29828	4.2857e6	1	1
424.70236	24.4808	24.7448	24.9632	1	z1:424.7024	1	1	423.69509	424.70236	4.2658e6	1	1
326.69162	24.0440	24.1867	24.2738	2;4	z2:652.3780;z4:326.6916	2	4	1300.73187	326.19024	4.2646e6	2	2
576.31628	24.6987	24.9125	24.9632	2	z2:576.3163	1	2	1148.61131	575.31293	4.2547e6	1	1
576.33459	24.5127	24.7448	24.9632	2	z2:576.3346	1	2	1148.64793	575.33124	4.2374e6	1	1
316.68365	24.0440	24.0783	24.5637	4	z4:316.6837	1	4	1260.69880	316.18198	4.2324e6	1	1
450.24475	24.3780	24.8730	24.9632	4	z4:450.2448	1	4	1790.92977	448.73972	4.1999e6	1	1
492.22357	24.0440	24.3087	24.7837	2	z2:492.2236	1	2	980.42588	491.22022	4.1966e6	1	1
561.29706	24.0440	24.0440	24.3432	2	z2:561.2971	1	2	1118.57285	560.29370	4.1963e6	1	1
335.14975	24.0440	24.1867	24.6553	2	z2:335.1497	1	2	666.27824	334.14639	4.1898e6	1	1
359.20294	24.0440	24.2253	24.6987	1	z1:359.2029	1	1	358.19567	359.20294	4.1894e6	1	1
537.28497	24.4808	24.9363	24.9363	2	z2:537.2850	1	2	1070.54868	536.28162	4.1887e6	1	1
633.28412	24.0440	24.1867	24.3432	2;4	z2:633.2841;z4:317.1451	2	2	1262.54630	632.28043	4.1747e6	2	2
375.16483	24.1522	24.4332	24.6205	2;4	z2:749.3251;z4:375.1648	2	4	1492.62230	374.16285	4.1650e6	1	2
663.36578	24.6553	24.9363	24.9632	1;2	z1:663.3658;z2:333.1879	2	1	660.35180	661.35907	4.1565e6	1	2
594.35907	24.0440	24.4808	24.5637	2	z2:594.3591	1	2	1184.69688	593.35571	4.1523e6	1	1
554.30365	24.0440	24.1522	24.5637	2	z2:554.3036	1	2	1104.58604	553.30030	4.1496e6	1	1
612.34546	24.0440	24.3780	24.5637	2	z2:612.3455	1	2	1220.66966	611.34210	4.1450e6	1	1
428.28635	24.2253	24.6987	24.9632	2	z2:428.2863	1	2	852.55143	427.28299	4.1280e6	1	1
603.29797	24.6205	24.6553	24.6553	4	z4:603.2980	1	4	2405.14937	602.29462	4.0939e6	1	2
414.26990	24.0440	24.0783	24.4332	2	z2:414.2699	1	2	824.51853	413.26654	4.0921e6	1	1
624.26215	24.7448	24.8730	24.9632	2	z2:624.2621	1	2	1244.50303	623.25879	4.0718e6	1	1
487.32346	24.1215	24.4332	24.9125	2	z2:487.3235	1	2	970.62565	486.32010	4.0626e6	1	1
345.21292	24.9125	24.9632	24.9632	2	z2:345.2129	1	2	686.40458	344.20957	4.0529e6	1	1
405.22775	24.3432	24.3780	24.5637	2	z2:405.2278	1	2	806.43424	404.22440	4.0415e6	1	1
349.17514	24.0440	24.0783	24.2738	2;4	z2:697.3442;z4:349.1751	2	4	1390.66537	348.67362	4.0400e6	2	2
374.23853	24.6205	24.6987	24.9632	5	z5:374.2385	1	5	1862.14283	373.43584	4.0379e6	1	1
493.27536	24.0440	24.1867	24.1867	2	z2:493.2754	1	2	982.52946	492.27201	4.0280e6	1	1
458.74515	24.0783	24.1867	24.3432	4	z4:458.7451	1	4	1826.93807	457.74179	4.0044e6	1	1
523.25391	24.0440	24.1522	24.3087	2	z2:523.2539	1	2	1042.48655	522.25055	4.0040e6	1	1
688.36237	24.6205	24.8730	24.9632	2;4	z2:688.3624;z4:344.6840	2	2	1372.70213	687.35834	3.9981e6	2	2
708.34082	24.0783	24.3780	24.5127	2	z2:708.3408	1	2	1410.65367	706.33411	3.9372e6	1	1
599.35059	24.4332	24.5637	24.9632	2	z2:599.3506	1	2	1194.67991	598.34723	3.9258e6	1	1
307.20502	24.0440	24.1867	24.3087	2;4	z2:613.4031;z4:307.2050	2	4	1222.78445	306.70339	3.9102e6	2	2
356.16519	24.6553	24.8227	24.9125	1	z1:356.1652	1	1	355.15792	356.16519	3.9067e6	1	1
485.22876	24.5127	24.7837	24.9363	2	z2:485.2288	1	2	966.43626	484.22540	3.9026e6	1	1
719.36627	24.0440	24.1867	24.3432	2;4	z2:719.3663;z4:360.1876	2	2	1432.70557	717.36006	3.8653e6	2	2
393.70264	24.6987	24.9632	24.9632	1	z1:393.7026	1	1	392.69536	393.70264	3.8496e6	1	1
608.30640	24.1867	24.6205	24.8227	2;4	z2:608.3064;z4:304.6576	2	2	1212.59153	607.30304	3.8372e6	1	2
605.29895	24.0440	24.1215	24.1522	2	z2:605.2990	1	2	1206.57664	604.29560	3.8304e6	1	1
648.32977	24.5637	24.9632	24.9632	2	z2:648.3298	1	2	1292.63828	647.32642	3.8234e6	1	1
862.38812	24.0440	24.1215	24.4808	2	z2:862.3881	1	2	1718.74827	860.38141	3.8231e6	1	1
409.20660	24.4332	24.9125	24.9632	2	z2:409.2066	1	2	814.39195	408.20325	3.8204e6	1	1
622.31897	24.5637	24.9632	24.9632	2;4	z2:622.3190;z4:312.1622	2	2	1240.61302	621.31379	3.8168e6	2	3
574.29333	24.0440	24.1867	24.3780	1	z1:574.2933	1	1	571.27935	572.28663	3.8043e6	1	1
343.20779	24.6987	24.6987	24.9632	4	z4:343.2078	1	4	1366.79536	342.70612	3.8037e6	1	1
319.17252	24.0440	24.3780	24.8730	1	z1:319.1725	1	1	319.16859	320.17587	3.7725e6	1	1
434.70554	24.5127	24.5637	24.7837	2;4	z2:868.4047;z4:434.7055	2	4	1730.78031	433.70235	3.7642e6	2	2
439.23010	24.0783	24.0783	24.2253	2	z2:439.2301	1	2	874.43894	438.22675	3.7628e6	1	1
371.01120	24.0440	24.1867	24.6553	6	z6:371.0112	1	6	2214.00341	370.00785	3.7269e6	1	1
701.34479	24.0440	24.1215	24.1867	2;4	z2:701.3448;z4:351.1769	2	2	1398.66979	700.34217	3.7196e6	2	2
537.27557	24.3432	24.4332	24.5127	1	z1:537.2756	1	1	536.26830	537.27557	3.7150e6	1	1
467.22498	24.0440	24.3087	24.6205	2	z2:467.2250	1	2	930.42869	466.22162	3.7091e6	1	1
546.75360	24.6553	24.9125	24.9632	2;4	z2:1092.5005;z4:546.7536	2	4	2176.96629	545.24885	3.7064e6	1	2
648.32977	24.0440	24.0440	24.3780	1	z1:648.3298	1	1	645.31579	646.32306	3.6962e6	1	1
489.26608	24.0440	24.0440	24.5127	2	z2:489.2661	1	2	974.51090	488.26273	3.6929e6	1	1
530.36475	24.0440	24.0440	24.2253	5	z5:530.3647	1	5	2640.76722	529.16072	3.6458e6	1	1
703.39850	24.0440	24.1867	24.3432	2	z2:703.3985	1	2	1402.77573	702.39514	3.6105e6	1	1
498.76410	24.3432	24.4332	24.5127	4	z4:498.7641	1	4	1987.01387	497.76074	3.6078e6	1	1
305.18161	24.0440	24.0783	24.2738	2;4	z2:609.3535;z4:305.1816	2	4	1212.68392	304.17826	3.6059e6	1	2
519.24084	24.0440	24.1215	24.6205	2	z2:519.2408	1	2	1034.46043	518.23749	3.5773e6	1	1
480.25348	24.1867	24.3087	24.6553	1	z1:480.2535	1	1	479.24620	480.25348	3.5498e6	1	1
561.28705	24.4808	24.8227	24.9125	4	z4:561.2870	1	4	2235.09896	559.78202	3.5440e6	1	1
482.23599	24.0440	24.0783	24.5127	2	z2:482.2360	1	2	960.45072	481.23264	3.5321e6	1	1
361.18274	24.0783	24.5637	24.6205	2	z2:361.1827	1	2	718.34422	360.17938	3.5213e6	1	1
488.22708	24.5127	24.6205	24.9363	4	z4:488.2271	1	4	1944.86580	487.22373	3.5092e6	1	1
549.23285	24.3087	24.7837	24.9632	2	z2:549.2328	1	2	1094.44444	548.22949	3.4883e6	1	1
489.33972	24.0440	24.3780	24.6553	2	z2:489.3397	1	2	974.65818	488.33637	3.4867e6	1	1
550.22876	24.0440	24.3087	24.5637	2	z2:550.2288	1	2	1096.43626	549.22540	3.4814e6	1	1
467.72717	24.8227	24.9125	24.9632	2;4	z2:934.4442;z4:467.7272	2	4	1862.86545	466.72364	3.4771e6	2	2
402.20270	24.1867	24.3780	24.3780	4	z4:402.2027	1	4	1602.77498	401.70102	3.4639e6	1	1
460.73779	24.6553	24.7837	24.9363	2;4	z2:920.4697;z4:460.7378	2	4	1834.90899	459.73452	3.4581e6	2	2
373.25571	24.0440	24.0440	24.5127	2	z2:373.2557	1	2	742.49015	372.25235	3.4204e6	1	1
619.30322	24.1215	24.3087	24.7837	1	z1:619.3032	1	1	616.28924	617.29651	3.4183e6	1	1
477.21002	24.0440	24.0440	24.2738	2;4	z2:953.4160;z4:477.2100	2	4	1900.79857	476.20692	3.3914e6	2	2
605.25110	24.0440	24.1867	24.3087	2	z2:605.2511	1	2	1206.48093	604.24774	3.3664e6	1	1
393.21918	24.0440	24.3780	24.5127	1	z1:393.2192	1	1	392.21190	393.21918	3.3619e6	1	1
567.26819	24.0440	24.0783	24.1215	2	z2:567.2682	1	2	1130.51511	566.26483	3.3572e6	1	1
537.30145	24.1867	24.6553	24.6553	2	z2:537.3015	1	2	1070.58164	536.29810	3.3346e6	1	1
460.23935	24.2253	24.3780	24.6987	4	z4:460.2393	1	4	1834.92158	459.73767	3.3258e6	1	1
378.19223	24.6553	24.6553	24.9125	1;2	z1:755.3796;z2:378.1922	2	2	752.36343	377.18899	3.3196e6	2	2
507.26535	24.6205	24.9363	24.9632	1	z1:507.2654	1	1	506.25807	507.26535	3.3166e6	1	1
404.18799	24.1867	24.6553	24.6553	2	z2:404.1880	1	2	803.35136	402.68296	3.3013e6	1	1
351.18188	24.5127	24.7837	24.9632	2;4	z2:700.3598;z4:351.1819	2	4	1398.69172	350.68021	3.2933e6	1	2
515.34003	24.0440	24.1215	24.3780	2	z2:515.3400	1	2	1026.65879	514.33667	3.2876e6	1	1
687.40460	24.0783	24.2253	24.4808	1	z1:687.4046	1	1	684.39062	685.39789	3.2862e6	1	1
345.24927	24.3432	24.8227	24.8730	4	z4:345.2493	1	4	1374.96125	344.74759	3.2832e6	1	1
562.31842	24.0440	24.3432	24.4808	1	z1:562.3184	1	1	559.30443	560.31171	3.2596e6	1	2
539.28101	24.5637	24.5637	24.9632	2	z2:539.2810	1	2	1074.54075	538.27765	3.2273e6	1	1
602.35010	24.4808	24.6987	24.9632	2	z2:602.3501	1	2	1200.67893	601.34674	3.2237e6	1	1
370.18903	24.6987	24.9363	24.9632	4	z4:370.1890	1	4	1472.71358	369.18567	3.2228e6	1	1
370.18365	24.3087	24.5637	24.5637	2;4	z2:739.3621;z4:370.1837	2	4	1474.69880	369.68198	3.2165e6	1	2
318.66037	24.0440	24.1867	24.3780	4	z4:318.6604	1	4	1268.60566	318.15869	3.2099e6	1	1
663.32379	24.4808	24.5637	24.9632	2	z2:663.3238	1	2	1322.62632	662.32044	3.2061e6	1	1
391.19562	24.7837	24.9363	24.9632	4	z4:391.1956	1	4	1554.73324	389.69059	3.2061e6	1	1
306.15894	24.0440	24.1867	24.3432	1	z1:306.1589	1	1	305.15166	306.15894	3.2042e6	1	1
346.22086	24.0440	24.1867	24.5637	2	z2:346.2209	1	2	688.42045	345.21750	3.1973e6	1	1
470.27151	24.4808	24.9632	24.9632	2	z2:470.2715	1	2	937.52512	469.76984	3.1831e6	1	1
400.21841	24.2253	24.6553	24.7837	4	z4:400.2184	1	4	1594.83784	399.71674	3.1814e6	1	1
606.30743	24.4808	24.8227	24.9363	2	z2:606.3074	1	2	1208.59361	605.30408	3.1662e6	1	1
391.20731	24.2253	24.4332	24.5637	2;4	z2:781.4099;z4:391.2073	2	4	1556.79185	390.20524	3.1573e6	1	2
313.68478	24.0440	24.0440	24.3087	2;4	z2:626.3625;z4:313.6848	2	4	1248.70342	313.18313	3.1567e6	2	2
311.68134	24.3780	24.5127	24.5637	2;4	z2:622.3541;z4:311.6813	2	4	1242.69624	311.68134	3.1522e6	1	2
397.19083	24.7448	24.8730	24.9632	4	z4:397.1908	1	4	1580.72078	396.18747	3.1511e6	1	1
340.17935	24.1522	24.4808	24.8227	4	z4:340.1794	1	4	1352.67488	339.17600	3.1296e6	1	1
597.37079	24.7448	24.9632	24.9632	2	z2:597.3708	1	2	1190.72031	596.36743	3.1215e6	1	1
443.24155	24.3780	24.5127	24.5637	4	z4:443.2415	1	4	1766.93037	442.73987	3.1160e6	1	1
496.25052	24.0440	24.3780	24.5127	2	z2:496.2505	1	2	988.47977	495.24716	3.1142e6	1	1
577.28198	24.7448	24.7448	24.9632	1	z1:577.2820	1	1	574.26800	575.27527	3.1078e6	1	1
553.75928	24.0783	24.2738	24.3087	4	z4:553.7593	1	4	2206.99458	552.75592	3.1035e6	1	1
317.21771	24.6205	24.6205	24.9632	4	z4:317.2177	1	4	1262.83503	316.71603	3.1023e6	1	1
420.72736	24.0440	24.2253	24.2738	4	z4:420.7274	1	4	1676.87361	420.22568	3.0912e6	1	2
410.68216	24.8227	24.9125	24.9632	2;4	z2:820.3604;z4:410.6822	2	4	1634.68787	409.67924	3.0911e6	2	2
654.30878	24.5127	24.7837	24.8730	2	z2:654.3088	1	2	1304.59629	653.30542	3.0770e6	1	1
424.21002	24.5127	24.6553	24.7448	1;2	z1:847.4146;z2:424.2100	2	2	844.39928	423.20691	3.0742e6	2	2
453.20850	24.0440	24.1867	24.5637	2	z2:453.2085	1	2	902.39573	452.20514	3.0737e6	1	1
395.20340	24.0440	24.0440	24.5127	2	z2:395.2034	1	2	786.38554	394.20004	3.0560e6	1	1
376.70020	24.6553	24.8730	24.9363	4	z4:376.7002	1	4	1500.76497	376.19852	3.0412e6	1	1
350.20544	24.5637	24.8227	24.9363	4	z4:350.2054	1	4	1394.78596	349.70377	3.0251e6	1	1
575.26703	24.3780	24.5637	24.6205	2	z2:575.2670	1	2	1146.51280	574.26367	3.0240e6	1	1
675.32910	24.6205	24.6553	24.8730	2	z2:675.3291	1	2	1346.63694	674.32575	3.0115e6	1	1
649.29767	24.0440	24.3087	24.7837	2	z2:649.2977	1	2	1294.57407	648.29431	3.0073e6	1	1
376.68225	24.7837	24.9125	24.9632	2;4	z2:752.3569;z4:376.6823	2	4	1500.69319	376.18057	3.0001e6	1	2
366.17578	24.0440	24.4332	24.6205	6	z6:366.1758	1	6	2184.99090	365.17243	2.9991e6	1	1
312.65247	24.0783	24.3087	24.6987	1	z1:312.6525	1	1	311.64519	312.65247	2.9838e6	1	1
674.38190	24.0783	24.5637	24.7837	2;4	z2:674.3819;z4:337.6945	2	2	1344.74250	673.37853	2.9702e6	2	2
406.18646	24.1522	24.3087	24.3432	2	z2:406.1865	1	2	808.35166	405.18311	2.9691e6	1	1
314.99243	24.0440	24.0783	24.5637	5	z5:314.9924	1	5	1565.91236	314.18975	2.9661e6	1	1
488.73495	24.6553	24.9125	24.9632	4	z4:488.7350	1	4	1946.89729	487.73160	2.9604e6	1	1
515.74255	24.5637	24.6987	24.7448	2;4	z2:1030.4781;z4:515.7426	2	4	2054.92778	514.73922	2.9570e6	2	2
525.26538	24.0440	24.1215	24.1867	2	z2:525.2654	1	2	1046.50950	524.26203	2.9430e6	1	1
301.20422	24.3432	24.4808	24.6553	2;4	z2:601.4016;z4:301.2042	2	4	1198.78144	300.70264	2.9381e6	2	2
416.21854	24.0440	24.1867	24.2253	1;2	z1:831.4310;z2:416.2185	2	2	828.41588	415.21522	2.9345e6	2	2
347.20511	24.0783	24.5637	24.5637	4	z4:347.2051	1	4	1382.78462	346.70343	2.9293e6	1	1
840.42096	24.6987	24.7448	24.9632	2	z2:840.4210	1	2	1674.81395	838.41425	2.9271e6	1	1
434.68329	24.7837	24.9125	24.9363	4	z4:434.6833	1	4	1730.69063	433.67993	2.9264e6	1	1
375.20465	24.8227	24.9125	24.9632	4	z4:375.2047	1	4	1494.78279	374.70297	2.9216e6	1	1
425.26013	24.9363	24.9632	24.9632	4	z4:425.2601	1	4	1690.99129	423.75510	2.9213e6	1	1
313.70264	24.7448	24.8730	24.9363	4	z4:313.7026	1	4	1248.77473	313.20096	2.9040e6	1	1
333.69977	24.8227	24.9363	24.9632	4	z4:333.6998	1	4	1328.76326	333.19809	2.9018e6	1	1
696.37811	24.1867	24.3780	24.5637	1	z1:696.3781	1	1	693.36413	694.37140	2.9015e6	1	1
515.31793	24.0440	24.3432	24.3432	2	z2:515.3179	1	2	1026.61460	514.31458	2.8782e6	1	1
321.69955	24.6553	24.7448	24.9125	4	z4:321.6996	1	4	1282.76911	321.69955	2.8754e6	1	1
476.24255	24.8730	24.8730	24.9632	3	z3:476.2426	1	3	1421.69241	474.90475	2.8588e6	1	1
448.72171	24.8730	24.9125	24.9632	2;4	z2:896.4392;z4:448.7217	2	4	1786.84617	447.71882	2.8530e6	2	2
433.20267	24.0440	24.0440	24.4808	2	z2:433.2027	1	2	862.38407	432.19931	2.8462e6	1	1
459.26718	24.0440	24.1215	24.1522	1	z1:459.2672	1	1	459.26326	460.27054	2.8365e6	1	1
618.31738	24.5637	24.7448	24.7448	2	z2:618.3174	1	2	1232.61350	617.31403	2.8275e6	1	1
326.17575	24.2253	24.3087	24.3780	4	z4:326.1758	1	4	1298.66719	325.67407	2.8221e6	1	1
352.20859	24.1215	24.4808	24.5637	1	z1:352.2086	1	1	350.19796	351.20523	2.8194e6	1	1
407.23239	24.0440	24.0440	24.3087	2	z2:407.2324	1	2	810.44352	406.22904	2.8141e6	1	1
378.68457	24.4808	24.7837	24.9125	4	z4:378.6846	1	4	1506.69576	377.68122	2.7792e6	1	1
427.27676	24.0440	24.1215	24.5637	2	z2:427.2768	1	2	850.53227	426.27341	2.7778e6	1	1
570.37195	24.9125	24.9363	24.9632	2	z2:570.3719	1	2	1136.72263	569.36859	2.7614e6	1	1
501.37531	24.0783	24.4332	24.7837	2	z2:501.3753	1	2	998.72935	500.37195	2.7612e6	1	1
927.86847	24.6205	24.6987	24.6987	2;3	z2:927.8685;z3:618.9161	2	2	1849.71066	925.86261	2.7489e6	2	2
680.32330	24.6553	24.9125	24.9632	2	z2:680.3233	1	2	1356.62534	679.31995	2.7450e6	1	1
784.43103	24.1522	24.3780	24.4332	1	z1:784.4310	1	1	781.41704	782.42432	2.7375e6	1	1
733.38251	24.0440	24.1215	24.1867	2;3	z2:733.3825;z3:488.9207	2	2	1460.73704	731.37580	2.7360e6	1	2
447.72495	24.8227	24.8227	24.9632	1	z1:447.7249	1	1	446.71767	447.72495	2.7167e6	1	1
414.20300	24.8227	24.9632	24.9632	4	z4:414.2030	1	4	1648.76949	413.19965	2.7077e6	1	1
363.18024	24.9125	24.9125	24.9632	1	z1:363.1802	1	1	362.17296	363.18024	2.7032e6	1	1
476.28180	24.8227	24.8227	24.9632	4	z4:476.2818	1	4	1897.08467	475.27844	2.7021e6	1	1
563.34009	24.0440	24.3780	24.8730	2	z2:563.3401	1	2	1122.65891	562.33673	2.6915e6	1	1
738.40594	24.8227	24.8730	24.9632	2;4	z2:738.4059;z4:369.9577	2	2	1470.78392	736.39924	2.6696e6	1	2
483.74600	24.3087	24.4332	24.4808	2;4	z2:966.4907;z4:483.7460	2	4	1926.94330	482.74310	2.6689e6	2	2
578.29480	24.5637	24.6553	24.9125	2	z2:578.2948	1	2	1151.56498	576.78977	2.6559e6	1	1
624.29749	24.3780	24.3780	24.6205	2	z2:624.2975	1	2	1244.57371	623.29413	2.6348e6	1	1
404.22330	24.6205	24.8730	24.9632	1;2	z1:806.4288;z2:404.2233	2	2	803.42108	402.71782	2.6326e6	2	2
356.18170	24.3087	24.4332	24.4808	1	z1:356.1817	1	1	355.17443	356.18170	2.6075e6	1	1
386.98795	24.6205	24.6553	24.6553	4	z4:386.9879	1	4	1539.90926	385.98459	2.6054e6	1	1
438.21625	24.6553	24.8730	24.9632	2	z2:438.2162	1	2	871.40788	436.71122	2.5997e6	1	1
300.68939	24.0440	24.3087	24.3780	4	z4:300.6894	1	4	1196.72175	300.18771	2.5993e6	1	1
446.26096	24.8227	24.8730	24.9632	2	z2:446.2610	1	2	888.50065	445.25760	2.5987e6	1	1
310.97046	24.3780	24.8730	24.9632	5	z5:310.9705	1	5	1547.80920	310.56912	2.5974e6	1	1
354.70557	24.6987	24.8227	24.9632	4	z4:354.7056	1	4	1410.77974	353.70221	2.5963e6	1	1
551.30072	24.5127	24.8227	24.8730	2;3	z2:551.3007;z3:366.8678	2	2	1097.57682	549.79569	2.5913e6	1	2
401.17758	24.0440	24.1867	24.6205	1	z1:401.1776	1	1	400.17031	401.17758	2.5891e6	1	1
487.74850	24.0783	24.1867	24.2253	4	z4:487.7485	1	4	1942.95149	486.74515	2.5727e6	1	1
423.75482	24.8227	24.9363	24.9632	2	z2:423.7548	1	2	842.48503	422.24979	2.5719e6	1	1
408.73785	24.4332	24.5127	24.6553	4	z4:408.7379	1	4	1628.91560	408.23618	2.5464e6	1	1
422.27554	24.0440	24.0440	24.5127	2	z2:422.2755	1	2	840.52982	421.27219	2.5445e6	1	1
632.36084	24.0440	24.1867	24.4808	1	z1:632.3608	1	1	629.34685	630.35413	2.5424e6	1	1
462.21921	24.6553	24.9125	24.9632	1	z1:462.2192	1	1	462.21529	463.22256	2.5172e6	1	1
400.20026	24.1522	24.3780	24.5127	2;4	z2:799.3929;z4:400.2003	2	4	1592.75839	399.19687	2.4998e6	2	2
359.21066	24.0783	24.3087	24.3780	4	z4:359.2107	1	4	1426.79342	357.70563	2.4948e6	1	1
562.24542	24.2738	24.7448	24.7837	2	z2:562.2454	1	2	1119.46623	560.74039	2.4871e6	1	1
582.29834	24.2253	24.4332	24.5127	2	z2:582.2983	1	2	1160.57542	581.29499	2.4864e6	1	1
525.26538	24.5127	24.7837	24.9632	2	z2:525.2654	1	2	1046.50950	524.26203	2.4768e6	1	1
734.35522	24.7448	24.8730	24.9363	2;4	z2:734.3552;z4:367.6815	2	2	1462.68248	732.34851	2.4646e6	1	2
371.22733	24.0440	24.3780	24.8730	3	z3:371.2273	1	3	1108.65344	370.55842	2.4616e6	1	1
375.22388	24.7448	24.7448	24.9632	2	z2:375.2239	1	2	745.42314	373.71884	2.4564e6	1	1
310.16397	24.2253	24.2253	24.5637	4	z4:310.1640	1	4	1234.62007	309.66229	2.4495e6	1	1
613.32855	24.0440	24.1522	24.2738	1	z1:613.3286	1	1	610.31457	611.32184	2.4429e6	1	1
749.40265	24.7448	24.9632	24.9632	1	z1:749.4026	1	1	746.38866	747.39594	2.4250e6	1	1
501.26501	24.2738	24.3432	24.8227	4	z4:501.2650	1	4	1995.01082	499.75998	2.3926e6	1	1
391.71066	24.6205	24.6987	24.8730	4	z4:391.7107	1	4	1556.79342	390.20563	2.3888e6	1	1
578.23962	24.6553	24.9632	24.9632	2	z2:578.2396	1	2	1152.45799	577.23627	2.3882e6	1	1
374.69028	24.4808	24.8227	24.8730	4	z4:374.6903	1	4	1492.72529	374.18860	2.3784e6	1	1
443.69852	24.7448	24.8227	24.8730	2;4	z2:886.3884;z4:443.6985	2	4	1766.74888	442.69450	2.3726e6	1	2
350.72107	24.5637	24.6553	24.6987	2;4	z2:700.4333;z4:350.7211	2	4	1396.84773	350.21921	2.3709e6	2	2
380.23883	24.4332	24.7837	24.8227	4	z4:380.2388	1	4	1514.91951	379.73715	2.3660e6	1	1
462.25488	24.0440	24.1522	24.2738	2	z2:462.2549	1	2	919.48515	460.74985	2.3539e6	1	1
315.20258	24.2738	24.5127	24.9632	4	z4:315.2026	1	4	1252.76778	314.19922	2.3279e6	1	1
303.21307	24.6205	24.8730	24.9632	4	z4:303.2131	1	4	1206.81648	302.71140	2.3245e6	1	1
473.31876	24.0440	24.0783	24.4808	1	z1:473.3188	1	1	472.31148	473.31876	2.3093e6	1	1
489.22522	24.2253	24.4332	24.5127	4	z4:489.2252	1	4	1948.85835	488.22186	2.3061e6	1	1
835.36713	24.5637	24.7837	24.9632	2	z2:835.3671	1	2	1664.70628	833.36042	2.3023e6	1	1
645.36481	24.5637	24.6987	24.9363	2	z2:645.3648	1	2	1286.70835	644.36145	2.2891e6	1	1
380.52756	24.3087	24.3432	24.3780	2;6	z2:1139.5665;z6:380.5276	2	6	2271.09837	379.52367	2.2804e6	1	2
323.18716	24.0440	24.0440	24.0783	4	z4:323.1872	1	4	1284.70613	322.18381	2.2745e6	1	1
350.17450	24.6553	24.8730	24.9632	4	z4:350.1745	1	4	1394.66218	349.67282	2.2706e6	1	1
522.25360	24.3087	24.4808	24.4808	2	z2:522.2536	1	2	1040.48594	521.25025	2.2558e6	1	1
541.24768	24.4808	24.6553	24.6987	4	z4:541.2477	1	4	2156.94820	540.24433	2.2442e6	1	1
524.24573	24.0783	24.3087	24.3780	2	z2:524.2457	1	2	1044.47019	523.24237	2.2430e6	1	1
406.20657	24.3432	24.6205	24.7837	2	z2:406.2066	1	2	808.39188	405.20322	2.2386e6	1	1
383.69547	24.7448	24.7837	24.9632	2	z2:383.6955	1	2	763.36967	382.69211	2.2384e6	1	1
548.26630	24.7448	24.9632	24.9632	2	z2:548.2663	1	2	1091.50798	546.76126	2.2380e6	1	1
481.23325	24.5637	24.7448	24.9632	2;4	z2:961.4585;z4:481.2332	2	4	1916.88902	480.22953	2.2357e6	1	2
434.71069	24.4332	24.4808	24.5127	1	z1:434.7107	1	1	433.70342	434.71069	2.2334e6	1	1
600.30811	24.6553	24.9632	24.9632	2	z2:600.3081	1	2	1196.59495	599.30475	2.2328e6	1	1
620.32355	24.0440	24.1867	24.2738	2	z2:620.3235	1	2	1236.62583	619.32019	2.2271e6	1	1
860.41077	24.6987	24.9632	24.9632	2	z2:860.4108	1	2	1714.79356	858.40406	2.2244e6	1	1
562.25293	24.7448	24.8227	24.8730	2	z2:562.2529	1	2	1119.48124	560.74790	2.2231e6	1	1
407.71100	24.0440	24.1522	24.5127	1	z1:407.7110	1	1	406.70372	407.71100	2.2197e6	1	1
423.25922	24.0440	24.1867	24.1867	1	z1:423.2592	1	1	422.25194	423.25922	2.2150e6	1	1
367.19720	24.5127	24.8730	24.8730	1	z1:367.1972	1	1	366.18993	367.19720	2.2119e6	1	1
352.68234	24.3087	24.5127	24.6553	4	z4:352.6823	1	4	1404.69355	352.18067	2.2055e6	1	1
434.19916	24.7448	24.8227	24.9125	2	z2:434.1992	1	2	865.38041	433.69748	2.2041e6	1	1
331.17941	24.4808	24.5637	24.6987	1	z1:331.1794	1	1	330.17214	331.17941	2.2032e6	1	2
393.22357	24.0440	24.1867	24.1867	4	z4:393.2236	1	4	1564.85176	392.22022	2.1909e6	1	1
305.18161	24.3780	24.3780	24.5637	2	z2:305.1816	1	2	606.34196	304.17826	2.1877e6	1	1
587.27820	24.0440	24.1215	24.2738	2	z2:587.2782	1	2	1170.53513	586.27484	2.1839e6	1	1
357.72845	24.3087	24.5637	24.6553	2	z2:357.7285	1	2	712.43900	357.22678	2.1710e6	1	1
390.19772	24.8227	24.9363	24.9632	2	z2:390.1977	1	2	776.37418	389.19437	2.1636e6	1	1
670.32428	24.7448	24.8227	24.8730	2;4	z2:670.3243;z4:335.6673	2	2	1336.63007	669.32231	2.1612e6	2	2
450.72345	24.0440	24.0440	24.0783	4	z4:450.7234	1	4	1794.85127	449.72009	2.1532e6	1	1
587.31317	24.5637	24.9632	24.9632	2	z2:587.3132	1	2	1170.60508	586.30982	2.1528e6	1	1
337.20270	24.0440	24.1867	24.1867	4	z4:337.2027	1	4	1340.76827	336.19934	2.1390e6	1	1
588.30933	24.0440	24.1867	24.1867	1	z1:588.3093	1	1	586.29869	587.30597	2.1389e6	1	1
322.66205	24.4808	24.9632	24.9632	4	z4:322.6620	1	4	1284.61238	322.16037	2.1373e6	1	1
579.25494	24.0440	24.3087	24.3780	2	z2:579.2549	1	2	1154.48863	578.25159	2.1299e6	1	1
540.76984	24.7837	24.8227	24.8227	4	z4:540.7698	1	4	2155.03682	539.76648	2.1275e6	1	1
663.29480	24.0440	24.3087	24.3780	2	z2:663.2948	1	2	1322.56834	662.29144	2.1272e6	1	1
324.66858	24.0440	24.0440	24.2253	4	z4:324.6686	1	4	1292.63850	324.16690	2.1218e6	1	1
545.33862	24.0440	24.1215	24.1215	2	z2:545.3386	1	2	1086.65598	544.33527	2.1211e6	1	1
383.86731	24.7448	24.7837	24.8227	6	z6:383.8673	1	6	2291.14007	382.86395	2.1112e6	1	1
371.23947	24.6205	24.7448	24.9632	1	z1:371.2395	1	1	370.23219	371.23947	2.1112e6	1	1
400.22900	24.0440	24.2738	24.3432	1	z1:400.2290	1	1	399.22173	400.22900	2.0794e6	1	1
308.69250	24.8227	24.8227	24.9632	4	z4:308.6925	1	4	1228.73420	308.19083	2.0792e6	1	1
423.23950	24.9125	24.9632	24.9632	1;2	z1:845.4698;z2:423.2395	2	2	842.45750	422.23602	2.0791e6	2	2
390.20499	24.9125	24.9632	24.9632	4	z4:390.2050	1	4	1554.78413	389.70331	2.0532e6	1	1
366.21417	24.8730	24.9125	24.9632	2	z2:366.2142	1	2	728.40708	365.21082	2.0403e6	1	1
444.30298	24.0440	24.1215	24.3780	5	z5:444.3030	1	5	2210.45838	443.09895	2.0392e6	1	1
639.50769	24.1867	24.6553	24.9632	6	z6:639.5077	1	6	3817.95887	637.33375	2.0297e6	1	1
446.70294	24.3780	24.4808	24.5127	2;4	z2:892.3964;z4:446.7029	2	4	1778.76749	445.69915	2.0294e6	2	2
463.23276	24.0440	24.3087	24.3087	1	z1:463.2328	1	1	462.22548	463.23276	2.0262e6	1	1
310.15054	24.0440	24.0440	24.3087	2;4	z2:619.2945;z4:310.1505	2	4	1234.56678	309.64897	2.0104e6	2	2
404.20947	24.0440	24.1215	24.1867	4	z4:404.2095	1	4	1608.79537	403.20612	1.9968e6	1	1
807.36414	24.1215	24.4332	24.5127	2	z2:807.3641	1	2	1608.70030	805.35743	1.9929e6	1	1
414.70990	24.6987	24.9363	24.9632	2;4	z2:828.4183;z4:414.7099	2	4	1648.79036	413.20487	1.9915e6	1	2
587.27820	24.7837	24.8227	24.9125	4	z4:587.2782	1	4	2339.06356	585.77317	1.9878e6	1	1
410.20459	24.4332	24.6553	24.6987	2	z2:410.2046	1	2	816.38792	409.20124	1.9783e6	1	1
487.26859	24.5637	24.6987	24.7837	4	z4:487.2686	1	4	1941.03182	486.26523	1.9781e6	1	1
592.28680	24.4332	24.6205	24.6553	2	z2:592.2868	1	2	1180.55235	591.28345	1.9771e6	1	1
434.89224	24.1522	24.2738	24.3087	1;2;3	z1:1303.6644;z2:651.8369;z3:434.8922	3	3	1299.64950	434.22378	1.9721e6	3	3
354.67401	24.3087	24.3780	24.4808	5	z5:354.6740	1	5	1764.32025	353.87133	1.9719e6	1	1
591.29950	24.6205	24.7837	24.7837	1	z1:591.2995	1	1	589.28887	590.29614	1.9713e6	1	1
367.71219	24.7837	24.8227	24.9632	4	z4:367.7122	1	4	1464.81294	367.21051	1.9689e6	1	1
409.20660	24.0440	24.3087	24.3780	4	z4:409.2066	1	4	1628.78389	408.20325	1.9641e6	1	1
397.18634	24.6553	24.6987	24.6987	2;4	z2:793.3640;z4:397.1863	2	4	1582.70955	396.68466	1.9620e6	1	2
572.33795	24.7837	24.9632	24.9632	1	z1:572.3380	1	1	570.32732	571.33460	1.9612e6	1	1
390.21228	24.0440	24.3087	24.3087	2	z2:390.2123	1	2	776.40330	389.20893	1.9580e6	1	1
847.37726	24.6987	24.8730	24.9632	2	z2:847.3773	1	2	1688.72654	845.37055	1.9524e6	1	1
368.17087	24.1867	24.4332	24.5127	1;4	z1:1472.6724;z4:368.1709	2	4	1467.65167	367.92019	1.9429e6	1	2
329.70303	24.0440	24.1867	24.3087	4	z4:329.7030	1	4	1310.76961	328.69968	1.9419e6	1	1
310.82962	24.1215	24.1867	24.1867	3	z3:310.8296	1	3	927.46032	310.16072	1.9417e6	1	1
336.93729	24.0440	24.0783	24.5637	4	z4:336.9373	1	4	1342.71668	336.68645	1.9395e6	1	1
531.31213	24.7837	24.9363	24.9632	2	z2:531.3121	1	2	1058.60300	530.30878	1.9321e6	1	1
424.69409	24.7837	24.9632	24.9632	2	z2:424.6941	1	2	844.36357	423.18906	1.9251e6	1	1
678.36639	24.1215	24.3087	24.4808	1	z1:678.3664	1	1	675.35241	676.35968	1.9222e6	1	1
352.67609	24.8730	24.9632	24.9632	2;4	z2:704.3440;z4:352.6761	2	4	1404.66766	352.17419	1.9199e6	2	2
418.22943	24.0783	24.2738	24.7448	4	z4:418.2294	1	4	1666.88191	417.72775	1.9181e6	1	1
343.19699	24.0440	24.1867	24.2253	4	z4:343.1970	1	4	1368.75886	343.19699	1.9179e6	1	1
487.28690	24.5637	24.9632	24.9632	2	z2:487.2869	1	2	970.55253	486.28354	1.9137e6	1	1
328.69537	24.3780	24.5127	24.5637	2	z2:328.6954	1	2	652.36613	327.19034	1.9087e6	1	1
300.17880	24.2738	24.3087	24.7837	2	z2:300.1788	1	2	596.33634	299.17545	1.9039e6	1	1
585.28021	24.1522	24.2738	24.2738	2	z2:585.2802	1	2	1166.53916	584.27686	1.9035e6	1	1
661.94781	24.4332	24.4332	24.4808	3	z3:661.9478	1	3	1977.80484	660.27556	1.9020e6	1	1
493.26086	24.0440	24.1867	24.2253	2	z2:493.2609	1	2	982.50047	492.25751	1.9000e6	1	1
446.23422	24.0783	24.3087	24.4332	1	z1:446.2342	1	1	446.23030	447.23758	1.8962e6	1	1
534.26971	24.7837	24.9363	24.9632	2	z2:534.2697	1	2	1064.51817	533.26636	1.8954e6	1	1
524.28198	24.1215	24.6205	24.6205	2	z2:524.2820	1	2	1044.54270	523.27863	1.8880e6	1	1
848.39874	24.5127	24.7448	24.8730	2	z2:848.3987	1	2	1690.76951	846.39203	1.8868e6	1	1
325.68442	24.0783	24.1522	24.2253	2;4	z2:650.3617;z4:325.6844	2	4	1298.70857	325.68442	1.8857e6	1	2
559.30762	24.6553	24.6987	24.9632	6	z6:559.3076	1	6	3343.78192	558.30426	1.8854e6	1	1
486.26633	24.0783	24.2738	24.5127	2	z2:486.2663	1	2	968.51139	485.26297	1.8826e6	1	1
590.34991	24.8227	24.9363	24.9632	1	z1:590.3499	1	1	587.33593	588.34320	1.8825e6	1	1
496.27557	24.5127	24.9363	24.9632	2	z2:496.2756	1	2	988.52988	495.27222	1.8802e6	1	1
364.16422	24.0440	24.3087	24.3780	2	z2:364.1642	1	2	724.30717	363.16086	1.8779e6	1	1
605.31299	24.6205	24.7448	24.7837	1	z1:605.3130	1	1	602.29900	603.30628	1.8700e6	1	1
806.42450	24.0440	24.0440	24.5127	2	z2:806.4245	1	2	1606.82103	804.41779	1.8592e6	1	1
636.38147	24.3780	24.5637	24.6987	2	z2:636.3815	1	2	1268.74168	635.37811	1.8566e6	1	1
936.40619	24.0440	24.2253	24.2738	2	z2:936.4062	1	2	1866.78441	934.39948	1.8495e6	1	1
425.23196	24.0783	24.3780	24.6553	1	z1:425.2320	1	1	423.22133	424.22861	1.8378e6	1	1
343.20300	24.2738	24.2738	24.5127	4	z4:343.2030	1	4	1368.78291	343.20300	1.8355e6	1	1
747.35284	24.0440	24.1215	24.3087	2	z2:747.3528	1	2	1488.67772	745.34613	1.8343e6	1	1
329.18115	24.5637	24.6205	24.9632	2	z2:329.1812	1	2	654.34104	328.17780	1.8340e6	1	1
395.69958	24.8227	24.9632	24.9632	4	z4:395.6996	1	4	1576.76252	395.19791	1.8276e6	1	1
370.16617	24.5127	24.7448	24.8227	2;4	z2:739.3242;z4:370.1662	2	4	1472.62034	369.16236	1.8128e6	1	2
428.26123	24.8227	24.8730	24.9632	2	z2:428.2612	1	2	852.50120	427.25788	1.8074e6	1	1
409.18317	24.0440	24.0783	24.3087	4	z4:409.1832	1	4	1630.69685	408.68149	1.7995e6	1	1
367.19455	24.0440	24.1215	24.2738	1	z1:367.1945	1	1	366.18727	367.19455	1.7963e6	1	1
350.72604	24.3780	24.5127	24.5637	4	z4:350.7260	1	4	1396.86836	350.22437	1.7906e6	1	1
358.20825	24.6205	24.8730	24.9632	2	z2:358.2083	1	2	712.39524	357.20490	1.7833e6	1	1
569.26697	24.0440	24.2738	24.5127	4	z4:569.2670	1	4	2269.02535	568.26361	1.7816e6	1	1
634.35126	24.0440	24.1867	24.2738	2	z2:634.3513	1	2	1264.68125	633.34790	1.7792e6	1	1
743.40454	24.6553	24.7448	24.7837	2	z2:743.4045	1	2	1480.78111	741.39783	1.7786e6	1	1
407.19516	24.7837	24.9363	24.9632	1	z1:407.1952	1	1	406.18788	407.19516	1.7781e6	1	1
418.67902	24.1522	24.3432	24.4332	4	z4:418.6790	1	4	1666.67354	417.67566	1.7708e6	1	1
422.23947	24.8227	24.9125	24.9125	2	z2:422.2395	1	2	840.45768	421.23612	1.7702e6	1	1
324.17072	24.1215	24.4808	24.5637	2	z2:324.1707	1	2	643.31681	322.66568	1.7669e6	1	1
597.28802	24.0440	24.1867	24.3087	2	z2:597.2880	1	2	1190.55479	596.28467	1.7660e6	1	1
711.37793	24.9363	24.9363	24.9632	1	z1:711.3779	1	1	708.36394	709.37122	1.7657e6	1	1
575.31390	24.0440	24.0783	24.1522	2	z2:575.3139	1	2	1146.60655	574.31055	1.7622e6	1	1
373.25433	24.5637	24.6205	24.9632	1	z1:373.2543	1	1	372.24706	373.25433	1.7608e6	1	1
439.23010	24.8227	24.8730	24.9632	1	z1:439.2301	1	1	437.21947	438.22675	1.7599e6	1	1
517.33496	24.0440	24.0440	24.3432	2	z2:517.3350	1	2	1030.64866	516.33161	1.7517e6	1	1
748.37665	24.0783	24.1867	24.3087	2	z2:748.3766	1	2	1490.72532	746.36994	1.7487e6	1	1
372.20483	24.6553	24.7448	24.7837	1	z1:372.2048	1	1	371.19756	372.20483	1.7475e6	1	1
481.76019	24.6553	24.6987	24.7837	4	z4:481.7602	1	4	1916.99154	480.25516	1.7421e6	1	1
333.18787	24.0440	24.0440	24.1522	1	z1:333.1879	1	1	332.18059	333.18787	1.7411e6	1	1
565.78558	24.3087	24.4332	24.4332	2	z2:565.7856	1	2	1127.54990	564.78223	1.7406e6	1	1
547.76459	24.0440	24.1215	24.1522	4	z4:547.7646	1	4	2183.01582	546.76123	1.7331e6	1	1
352.84256	24.7448	24.7837	24.9125	4;6	z4:528.7601;z6:352.8426	2	6	2106.99819	352.17364	1.7325e6	2	2
532.27124	24.0440	24.1867	24.2253	1	z1:532.2712	1	1	532.26732	533.27460	1.7196e6	1	1
535.30707	24.0440	24.3780	24.4332	1	z1:535.3071	1	1	533.29644	534.30371	1.7154e6	1	1
596.35150	24.0783	24.3432	24.3780	1	z1:596.3515	1	1	593.33752	594.34479	1.7054e6	1	1
693.36755	24.1867	24.3780	24.4332	4	z4:693.3676	1	4	2761.41427	691.36084	1.7016e6	1	1
321.17151	24.1522	24.3432	24.5637	2	z2:321.1715	1	2	638.32175	320.16815	1.6819e6	1	1
479.75085	24.6987	24.8227	24.8730	4	z4:479.7509	1	4	1910.96089	478.74750	1.6798e6	1	1
529.76532	24.6553	24.6987	24.7837	4	z4:529.7653	1	4	2111.01875	528.76196	1.6708e6	1	1
456.25681	24.5127	24.9125	24.9632	4	z4:456.2568	1	4	1816.98470	455.25345	1.6704e6	1	1
399.23401	24.2738	24.4808	24.5127	1	z1:399.2340	1	1	399.23009	400.23736	1.6685e6	1	1
353.17337	24.3432	24.7448	24.7837	4	z4:353.1734	1	4	1406.65767	352.67169	1.6668e6	1	1
501.34985	24.0440	24.0440	24.1522	2	z2:501.3499	1	2	998.67844	500.34650	1.6655e6	1	1
360.23663	24.0440	24.1215	24.2738	2	z2:360.2366	1	2	716.45200	359.23328	1.6640e6	1	1
533.26794	24.0440	24.3087	24.3780	2	z2:533.2679	1	2	1062.51463	532.26459	1.6607e6	1	1
361.20737	24.8730	24.9363	24.9632	2	z2:361.2074	1	2	717.39012	359.70233	1.6567e6	1	1
429.70984	24.6987	24.8730	24.9125	4	z4:429.7098	1	4	1710.79683	428.70648	1.6524e6	1	1
488.74924	24.4332	24.5637	24.6553	4	z4:488.7492	1	4	1948.96113	488.24756	1.6490e6	1	1
401.21402	24.1867	24.2738	24.3432	1	z1:401.2140	1	1	400.20674	401.21402	1.6426e6	1	1
596.30200	24.0783	24.3087	24.3780	2	z2:596.3020	1	2	1188.58274	595.29865	1.6381e6	1	1
363.18155	24.1867	24.4332	24.4808	1	z1:363.1815	1	1	362.17427	363.18155	1.6308e6	1	1
454.21085	24.6987	24.9125	24.9363	2	z2:454.2108	1	2	904.40043	453.20749	1.6257e6	1	1
403.71558	24.6987	24.9125	24.9125	1	z1:403.7156	1	1	401.70494	402.71222	1.6231e6	1	1
369.67960	24.6553	24.9125	24.9363	2	z2:369.6796	1	2	735.33793	368.67624	1.6210e6	1	1
432.71420	24.7448	24.8730	24.9632	4	z4:432.7142	1	4	1722.81429	431.71085	1.6188e6	1	1
371.01120	24.6987	24.9363	24.9632	6	z6:371.0112	1	6	2211.99670	369.67339	1.6157e6	1	1
625.28290	24.0440	24.3087	24.3087	1	z1:625.2829	1	1	622.26891	623.27619	1.6062e6	1	1
316.17960	24.8227	24.9125	24.9632	4	z4:316.1796	1	4	1260.68928	316.17960	1.6043e6	1	1
363.69205	24.3087	24.5637	24.5637	4	z4:363.6920	1	4	1448.73237	363.19037	1.6015e6	1	1
552.26550	24.7448	24.8730	24.9632	2	z2:552.2655	1	2	1100.50974	551.26215	1.6009e6	1	1
389.21378	24.0440	24.2253	24.2253	4	z4:389.2138	1	4	1548.81258	388.21042	1.6002e6	1	1
366.68463	24.5127	24.8227	24.9125	2	z2:366.6846	1	2	729.34800	365.68128	1.5980e6	1	1
414.69235	24.1867	24.2738	24.3087	4	z4:414.6924	1	4	1652.73359	414.19067	1.5943e6	1	1
821.44897	24.6987	24.7448	24.7837	2	z2:821.4490	1	2	1636.86998	819.44226	1.5908e6	1	1
420.69800	24.0783	24.2253	24.2738	6	z6:420.6980	1	6	2511.12085	419.52742	1.5864e6	1	1
322.15460	24.0440	24.0783	24.3780	4	z4:322.1546	1	4	1282.58259	321.65292	1.5848e6	1	1
381.19171	24.4808	24.6987	24.7837	2;6	z2:1142.5594;z6:381.1917	2	6	2277.08421	380.52131	1.5817e6	1	2
436.25412	24.4808	24.8730	24.9632	5	z5:436.2541	1	5	2172.22080	435.45144	1.5805e6	1	1
357.71054	24.0783	24.3087	24.3087	4	z4:357.7105	1	4	1424.80635	357.20886	1.5758e6	1	1
640.77441	24.6205	24.6987	24.7448	4	z4:640.7744	1	4	2553.04842	639.26938	1.5746e6	1	1
660.36444	24.4332	24.7448	24.9125	2	z2:660.3644	1	2	1316.70762	659.36109	1.5730e6	1	1
546.36017	24.0440	24.1215	24.2253	2	z2:546.3602	1	2	1088.69907	545.35681	1.5724e6	1	1
518.76727	24.8730	24.9363	24.9632	4	z4:518.7673	1	4	2069.03328	518.26560	1.5706e6	1	1
440.74701	24.5637	24.6553	24.9125	4	z4:440.7470	1	4	1752.93880	439.24198	1.5667e6	1	1
479.26089	24.8730	24.9125	24.9632	1	z1:479.2609	1	1	478.25362	479.26089	1.5591e6	1	1
558.28699	24.2738	24.6205	24.6205	4	z4:558.2870	1	4	2223.09871	556.78196	1.5587e6	1	1
301.67883	24.6553	24.8227	24.9632	4	z4:301.6788	1	4	1200.67952	301.17716	1.5571e6	1	1
357.19986	24.0440	24.0783	24.0783	2;4	z2:713.3931;z4:357.1999	2	4	1418.75020	355.69483	1.5565e6	1	2
405.22775	24.0440	24.1867	24.2253	2	z2:405.2278	1	2	805.43089	403.72272	1.5563e6	1	1
402.23318	24.6205	24.9363	24.9632	4	z4:402.2332	1	4	1602.89692	401.73151	1.5550e6	1	1
434.23163	24.4808	24.4808	24.5127	4	z4:434.2316	1	4	1730.89070	433.72995	1.5529e6	1	1
589.76776	24.5637	24.5637	24.7837	6	z6:589.7678	1	6	3520.52265	587.76105	1.5490e6	1	1
555.25409	24.6987	24.9632	24.9632	4	z4:555.2541	1	4	2212.97383	554.25073	1.5485e6	1	1
489.26608	24.6205	24.6987	24.9125	2	z2:489.2661	1	2	974.51090	488.26273	1.5472e6	1	1
389.19781	24.3780	24.5637	24.6205	4	z4:389.1978	1	4	1546.74202	387.69278	1.5458e6	1	1
782.40125	24.6987	24.7837	24.8227	2	z2:782.4012	1	2	1558.77452	780.39454	1.5367e6	1	1
656.30536	24.4808	24.6987	24.8730	1	z1:656.3054	1	1	653.29137	654.29865	1.5358e6	1	1
304.16089	24.6553	24.6987	24.6987	4	z4:304.1609	1	4	1210.60774	303.65921	1.5301e6	1	1
387.72678	24.7837	24.8730	24.9125	4	z4:387.7268	1	4	1544.87129	387.22510	1.5293e6	1	1
585.33374	24.0440	24.1867	24.3432	2	z2:585.3337	1	2	1166.64622	584.33039	1.5289e6	1	1
392.20325	24.1522	24.1867	24.3087	2	z2:392.2032	1	2	780.38523	391.19989	1.5269e6	1	1
347.19165	24.0440	24.1522	24.1867	4	z4:347.1917	1	4	1382.73079	346.68997	1.5256e6	1	1
732.38544	24.8730	24.9632	24.9632	2	z2:732.3854	1	2	1458.74290	730.37873	1.5249e6	1	1
689.38367	24.7448	24.8730	24.9363	1	z1:689.3837	1	1	686.36968	687.37696	1.5223e6	1	1
435.23682	24.8227	24.9632	24.9632	2	z2:435.2368	1	2	865.44902	433.73178	1.5177e6	1	1
738.35284	24.6205	24.9125	24.9363	2	z2:738.3528	1	2	1470.67772	736.34613	1.5080e6	1	1
430.24042	24.4332	24.5637	24.6553	4	z4:430.2404	1	4	1712.91914	429.23706	1.5072e6	1	1
712.31439	24.3087	24.5127	24.5637	2;4	z2:712.3144;z4:356.6597	2	2	1418.60032	710.30743	1.5060e6	2	2
341.16888	24.6987	24.7837	24.9363	2	z2:341.1689	1	2	678.31651	340.16553	1.5018e6	1	1
485.34390	24.3780	24.6553	24.6987	2	z2:485.3439	1	2	966.66654	484.34055	1.4998e6	1	1
568.27264	24.3087	24.6205	24.6553	2	z2:568.2726	1	2	1131.52067	566.76761	1.4981e6	1	1
700.32483	24.1522	24.3780	24.3780	2	z2:700.3248	1	2	1396.62840	699.32147	1.4978e6	1	1
482.21597	24.3432	24.6987	24.8730	4	z4:482.2160	1	4	1920.82137	481.21262	1.4967e6	1	1
474.24222	24.8730	24.9363	24.9632	4	z4:474.2422	1	4	1890.93306	473.74054	1.4937e6	1	1
618.34644	24.1867	24.3087	24.4332	2;4	z2:618.3464;z4:310.1764	2	2	1232.66903	617.34179	1.4915e6	2	2
803.40027	24.3780	24.3780	24.4808	1	z1:803.4003	1	1	800.38628	801.39356	1.4913e6	1	1
416.23618	24.4332	24.4808	24.5637	4	z4:416.2362	1	4	1658.90889	415.73450	1.4907e6	1	1
489.73053	24.0440	24.1215	24.1522	4	z4:489.7305	1	4	1948.87288	488.22550	1.4816e6	1	1
381.22406	24.8227	24.9632	24.9632	4	z4:381.2241	1	4	1516.85372	380.22071	1.4751e6	1	1
549.27661	24.2738	24.3432	24.4808	1	z1:549.2766	1	1	548.26933	549.27661	1.4703e6	1	1
559.27264	24.5127	24.7837	24.8730	2	z2:559.2726	1	2	1114.52403	558.26929	1.4698e6	1	1
344.19247	24.7448	24.9125	24.9632	4	z4:344.1925	1	4	1370.73408	343.69080	1.4675e6	1	1
457.28778	24.2253	24.4332	24.4808	2	z2:457.2878	1	2	910.55430	456.28443	1.4555e6	1	1
792.41071	24.6987	24.7448	24.7837	1	z1:792.4107	1	1	789.39672	790.40400	1.4516e6	1	1
486.30280	24.6205	24.8227	24.9125	5	z5:486.3028	1	5	2422.46418	485.50011	1.4479e6	1	1
355.23370	24.5127	24.6205	24.9632	1	z1:355.2337	1	1	354.22643	355.23370	1.4438e6	1	1
479.71313	24.5637	24.6205	24.6553	4	z4:479.7131	1	4	1910.81001	478.70978	1.4389e6	1	1
670.38660	24.3087	24.5127	24.6553	2;4	z2:670.3866;z4:335.6975	2	2	1338.76106	670.38780	1.4360e6	1	2
691.29919	24.1867	24.3780	24.5637	2	z2:691.2992	1	2	1378.57713	690.29584	1.4354e6	1	1
741.34106	24.0440	24.0440	24.1867	2	z2:741.3411	1	2	1476.65416	739.33435	1.4328e6	1	1
441.26312	24.3780	24.6205	24.6987	2	z2:441.2631	1	2	878.50498	440.25977	1.4325e6	1	1
312.17780	24.9125	24.9632	24.9632	1	z1:312.1778	1	1	311.17052	312.17780	1.4310e6	1	1
534.25806	24.6987	24.6987	24.7448	4	z4:534.2581	1	4	2128.98970	533.25470	1.4280e6	1	1
598.32904	24.0440	24.0440	24.1867	2	z2:598.3290	1	2	1192.63682	597.32569	1.4226e6	1	1
531.31445	24.3087	24.4808	24.6553	1	z1:531.3145	1	1	529.30382	530.31110	1.4190e6	1	1
483.75201	24.9125	24.9632	24.9632	4	z4:483.7520	1	4	1926.96553	482.74866	1.4170e6	1	1
881.40405	24.4808	24.6987	24.7448	2;4	z2:881.4041;z4:441.2036	2	2	1756.77676	879.39566	1.4164e6	2	2
524.27069	24.8730	24.8730	24.9632	2	z2:524.2707	1	2	1044.52012	523.26734	1.4159e6	1	1
427.70258	24.0440	24.2253	24.2738	4	z4:427.7026	1	4	1702.76778	426.69922	1.4023e6	1	1
397.71027	24.3432	24.4332	24.5127	1;2	z1:794.4120;z2:397.7103	2	2	791.39909	396.70682	1.3947e6	2	2
375.19778	24.8227	24.9125	24.9632	1;2	z1:748.3843;z2:375.1978	2	2	746.37419	374.19437	1.3923e6	2	2
391.23654	24.0440	24.0783	24.1522	2	z2:391.2365	1	2	778.45182	390.23319	1.3889e6	1	1
462.71899	24.4332	24.5637	24.6205	4	z4:462.7190	1	4	1842.83345	461.71564	1.3888e6	1	1
725.30780	24.7837	24.8730	24.9632	2	z2:725.3078	1	2	1444.58763	723.30109	1.3809e6	1	1
417.71286	24.3087	24.5637	24.5637	4	z4:417.7129	1	4	1662.80892	416.70951	1.3791e6	1	1
1072.45142	24.0440	24.1522	24.2738	3	z3:1072.4514	1	3	3206.30558	1069.77580	1.3759e6	1	1
673.28809	24.4808	24.6987	24.6987	1	z1:673.2881	1	1	670.27410	671.28138	1.3740e6	1	1
345.24927	24.0440	24.0783	24.3087	4	z4:345.2493	1	4	1374.96125	344.74759	1.3719e6	1	1
759.32098	24.0440	24.1215	24.1867	2	z2:759.3210	1	2	1512.61400	757.31427	1.3714e6	1	1
435.20251	24.0440	24.0440	24.3780	2	z2:435.2025	1	2	866.38377	434.19916	1.3708e6	1	1
411.17630	24.6553	24.7837	24.8227	2;4	z2:821.3422;z4:411.1763	2	4	1636.66023	410.17233	1.3700e6	2	2
672.40454	24.0440	24.1215	24.1522	4	z4:672.4045	1	4	2679.56893	670.89951	1.3655e6	1	1
305.17657	24.1215	24.2253	24.2738	4	z4:305.1766	1	4	1214.67048	304.67490	1.3630e6	1	1
436.71582	24.3087	24.3780	24.3780	4	z4:436.7158	1	4	1738.82076	435.71247	1.3600e6	1	1
317.18143	24.2738	24.4808	24.6553	2	z2:317.1814	1	2	631.34495	316.67975	1.3599e6	1	1
333.18442	24.6553	24.7837	24.7837	2	z2:333.1844	1	2	662.34757	332.18106	1.3503e6	1	1
547.28052	24.5637	24.7448	24.9363	2	z2:547.2805	1	2	1090.53977	546.27716	1.3495e6	1	1
689.35632	24.9125	24.9632	24.9632	2	z2:689.3563	1	2	1374.69138	688.35297	1.3488e6	1	1
303.16620	24.7448	24.9125	24.9632	1	z1:303.1662	1	1	302.15892	303.16620	1.3390e6	1	1
564.32397	24.5127	24.5637	24.8730	2	z2:564.3240	1	2	1124.62669	563.32062	1.3361e6	1	1
498.27835	24.6205	24.6205	24.8227	2	z2:498.2784	1	2	992.53544	497.27500	1.3360e6	1	1
499.26111	24.7837	24.9125	24.9632	2	z2:499.2611	1	2	994.50095	498.25775	1.3276e6	1	1
571.25305	24.0440	24.0440	24.1522	1	z1:571.2531	1	1	568.23907	569.24634	1.3273e6	1	1
443.73914	24.7448	24.9125	24.9125	4	z4:443.7391	1	4	1766.91402	442.73578	1.3181e6	1	1
509.27213	24.1867	24.1867	24.2253	2	z2:509.2721	1	2	1014.52299	508.26877	1.3139e6	1	1
611.28766	24.2738	24.3087	24.3780	4	z4:611.2877	1	4	2435.10140	609.78263	1.3131e6	1	1
498.26575	24.5637	24.6205	24.9125	2	z2:498.2657	1	2	992.51023	497.26239	1.3112e6	1	1
535.92297	24.3087	24.3087	24.3432	3	z3:535.9230	1	3	1600.73367	534.58517	1.3098e6	1	1
386.21390	24.0440	24.0783	24.1867	1	z1:386.2139	1	1	385.20662	386.21390	1.3088e6	1	1
440.21954	24.6553	24.6987	24.9125	4	z4:440.2195	1	4	1754.84236	439.71787	1.3028e6	1	1
468.29141	24.0440	24.4808	24.4808	1	z1:468.2914	1	1	468.28749	469.29477	1.2993e6	1	1
354.16223	24.4808	24.5637	24.6987	4	z4:354.1622	1	4	1410.61311	353.66055	1.2962e6	1	1
393.68951	24.6205	24.6553	24.7837	6	z6:393.6895	1	6	2348.06659	392.35171	1.2950e6	1	1
329.67365	24.7837	24.9125	24.9632	1;2;4	z1:1314.6804;z2:658.3398;z4:329.6736	3	4	1312.65866	329.17194	1.2937e6	2	3
1125.93994	24.1867	24.3087	24.3780	2	z2:1125.9399	1	2	2244.84856	1123.43155	1.2890e6	1	1
326.66821	24.3780	24.5637	24.6553	2;4	z2:652.3276;z4:326.6682	2	4	1300.63581	326.16623	1.2850e6	2	2
654.09381	24.4332	24.6553	24.9363	4	z4:654.0938	1	4	2606.32601	652.58878	1.2829e6	1	1
311.15289	24.8730	24.9125	24.9632	2	z2:311.1529	1	2	618.28452	310.14954	1.2770e6	1	1
460.22256	24.0440	24.1522	24.2738	2	z2:460.2226	1	2	915.42051	458.71753	1.2760e6	1	1
413.22531	24.3087	24.3432	24.4808	2	z2:413.2253	1	2	822.42936	412.22196	1.2728e6	1	1
416.26187	24.9125	24.9125	24.9632	4	z4:416.2619	1	4	1657.00496	415.25852	1.2690e6	1	2
523.26294	24.1215	24.3087	24.3087	1	z1:523.2629	1	1	522.25566	523.26294	1.2688e6	1	1
356.20078	24.2738	24.3780	24.4808	2	z2:356.2008	1	2	708.38029	355.19742	1.2668e6	1	1
546.27332	24.5637	24.6205	24.6205	1	z1:546.2733	1	1	544.26268	545.26996	1.2648e6	1	1
432.69211	24.1215	24.1867	24.2253	4	z4:432.6921	1	4	1722.72591	431.68875	1.2640e6	1	1
409.24414	24.8730	24.9632	24.9632	2	z2:409.2441	1	2	814.46702	408.24079	1.2625e6	1	1
478.26938	24.3087	24.7837	24.9363	4	z4:478.2694	1	4	1903.02828	476.76435	1.2579e6	1	1
453.24677	24.3087	24.3087	24.4332	2;4	z2:903.4778;z4:453.2468	2	4	1800.92759	451.23917	1.2575e6	1	2
405.23392	24.5637	24.6205	24.6987	4	z4:405.2339	1	4	1610.88643	403.72888	1.2529e6	1	1
579.72137	24.7448	24.7837	24.8227	6	z6:579.7214	1	6	3462.25104	578.04912	1.2525e6	1	1
390.17441	24.7837	24.9125	24.9632	2;4	z2:779.3424;z4:390.1744	2	4	1552.65561	389.17118	1.2519e6	2	2
528.31250	24.0440	24.1215	24.5127	1	z1:528.3125	1	1	527.30522	528.31250	1.2517e6	1	1
300.16995	24.5127	24.7837	24.8730	4	z4:300.1700	1	4	1194.64399	299.66827	1.2485e6	1	1
475.23886	24.5637	24.8227	24.8227	2	z2:475.2389	1	2	946.45646	474.23551	1.2464e6	1	1
337.66757	24.2253	24.2738	24.3432	4	z4:337.6676	1	4	1344.63447	337.16589	1.2456e6	1	1
357.53552	24.9125	24.9363	24.9632	6	z6:357.5355	1	6	2131.14264	356.19772	1.2435e6	1	1
324.65863	24.0440	24.0783	24.3087	4	z4:324.6586	1	4	1292.59871	324.15695	1.2381e6	1	1
431.72958	24.6553	24.7448	24.7837	4	z4:431.7296	1	4	1718.87581	430.72623	1.2346e6	1	1
451.23004	24.0440	24.1867	24.2253	2	z2:451.2300	1	2	898.43882	450.22669	1.2299e6	1	1
365.71289	24.0440	24.0783	24.1522	4	z4:365.7129	1	4	1456.81575	365.21121	1.2286e6	1	1
547.28296	24.0440	24.1867	24.3087	2	z2:547.2830	1	2	1090.54466	546.27960	1.2283e6	1	1
819.42896	24.1215	24.2738	24.2738	1	z1:819.4290	1	1	816.41497	817.42225	1.2235e6	1	1
663.38190	24.0440	24.0783	24.1522	2	z2:663.3819	1	2	1322.74253	662.37854	1.2215e6	1	1
688.39648	24.6205	24.6553	24.7837	1	z1:688.3965	1	1	685.38250	686.38977	1.2180e6	1	1
596.30200	24.6987	24.8227	24.9363	2	z2:596.3020	1	2	1188.58274	595.29865	1.2170e6	1	1
511.24277	24.8227	24.9125	24.9632	4	z4:511.2428	1	4	2036.92854	510.23941	1.2166e6	1	1
432.25543	24.9125	24.9125	24.9632	1	z1:432.2554	1	1	431.24816	432.25543	1.2164e6	1	1
621.29663	24.7837	24.9632	24.9632	2	z2:621.2966	1	2	1238.57200	620.29328	1.2147e6	1	1
535.80109	24.9125	24.9363	24.9632	2	z2:535.8011	1	2	1066.57756	534.29605	1.2131e6	1	1
314.99243	24.6205	24.8730	24.8730	3	z3:314.9924	1	3	939.94876	314.32353	1.2112e6	1	1
640.30280	24.6987	24.6987	24.9632	4	z4:640.3028	1	4	2547.14853	637.79441	1.2098e6	1	1
378.67621	24.6987	24.7448	24.8730	2;4	z2:757.3484;z4:378.6762	2	4	1508.66893	378.17451	1.2078e6	1	2
579.27863	24.0440	24.1867	24.3087	2	z2:579.2786	1	2	1154.53599	578.27527	1.2041e6	1	1
494.75647	24.8730	24.8730	24.9125	4	z4:494.7565	1	4	1968.97664	493.25144	1.2027e6	1	1
336.93729	24.6553	24.9363	24.9632	4	z4:336.9373	1	4	1341.71333	336.43561	1.2010e6	1	1
340.17343	24.8227	24.8730	24.9632	2;4	z2:679.3387;z4:340.1734	2	4	1354.65723	339.67158	1.1993e6	2	2
345.69205	24.0783	24.3780	24.4332	4	z4:345.6920	1	4	1378.73908	345.69205	1.1958e6	1	1
515.25610	24.5637	24.7837	24.8227	1	z1:515.2561	1	1	515.25218	516.25946	1.1934e6	1	1
695.33777	24.3087	24.3087	24.6553	2	z2:695.3378	1	2	1386.65427	694.33441	1.1865e6	1	1
332.84460	24.3780	24.4332	24.5127	1;3	z1:996.5258;z3:332.8446	2	3	993.50678	332.17620	1.1854e6	2	2
419.26065	24.5637	24.7448	24.9632	2	z2:419.2607	1	2	834.50004	418.25730	1.1818e6	1	1
432.20792	24.6205	24.8730	24.9632	2	z2:432.2079	1	2	861.39792	431.70624	1.1815e6	1	1
343.23303	24.0440	24.0783	24.2253	1	z1:343.2330	1	1	342.22576	343.23303	1.1757e6	1	2
319.19730	24.0783	24.2738	24.4332	4	z4:319.1973	1	4	1270.75337	318.69562	1.1756e6	1	1
601.28186	24.8730	24.8730	24.9125	2	z2:601.2819	1	2	1198.54246	600.27851	1.1736e6	1	1
786.37299	24.5637	24.6987	24.6987	2	z2:786.3730	1	2	1566.71800	784.36628	1.1724e6	1	1
608.82825	24.7448	24.7448	24.7837	4	z4:608.8282	1	4	2425.26375	607.32321	1.1714e6	1	1
430.20334	24.4808	24.6987	24.9363	4	z4:430.2033	1	4	1712.77083	429.19998	1.1709e6	1	1
568.74640	24.7448	24.8227	24.8227	4	z4:568.7464	1	4	2264.93636	567.24137	1.1681e6	1	1
307.67041	24.0783	24.1522	24.2253	4	z4:307.6704	1	4	1222.63912	306.66706	1.1662e6	1	1
733.34497	24.0440	24.3780	24.4808	2;4	z2:733.3450;z4:367.6789	2	2	1460.66253	731.33854	1.1615e6	2	2
466.24011	24.3432	24.3780	24.3780	1	z1:466.2401	1	1	465.23284	466.24011	1.1540e6	1	1
414.25238	24.8227	24.8227	24.9125	4	z4:414.2524	1	4	1648.96700	413.24903	1.1535e6	1	1
445.71289	24.1215	24.2253	24.2738	5	z5:445.7129	1	5	2217.50794	444.50886	1.1530e6	1	1
410.23126	24.2738	24.3087	24.4808	4	z4:410.2313	1	4	1630.87581	408.72623	1.1530e6	1	1
586.31952	24.0440	24.3087	24.3780	1	z1:586.3195	1	1	584.30889	585.31616	1.1513e6	1	1
869.51776	24.3087	24.3087	24.3432	2	z2:869.5178	1	2	1733.00755	867.51105	1.1497e6	1	1
527.29309	24.6987	24.7837	24.8227	1	z1:527.2931	1	1	526.28581	527.29309	1.1495e6	1	1
430.22189	24.6987	24.7837	24.8227	1	z1:430.2219	1	1	429.21462	430.22189	1.1474e6	1	2
371.17328	24.0440	24.0440	24.1215	2	z2:371.1733	1	2	738.32530	370.16992	1.1469e6	1	1
376.70435	24.0440	24.1215	24.1522	1	z1:376.7043	1	1	375.69707	376.70435	1.1429e6	1	1
331.66727	24.6553	24.6553	24.9363	4	z4:331.6673	1	4	1320.63325	331.16559	1.1426e6	1	1
459.21884	24.5127	24.7448	24.9632	1	z1:459.2188	1	1	458.21157	459.21884	1.1411e6	1	1
492.25864	24.7448	24.9363	24.9632	2	z2:492.2586	1	2	980.49601	491.25528	1.1382e6	1	1
416.23618	24.8227	24.9125	24.9363	4	z4:416.2362	1	4	1658.90889	415.73450	1.1377e6	1	1
373.21893	24.0440	24.1215	24.1867	4	z4:373.2189	1	4	1482.82650	371.71390	1.1369e6	1	1
629.29279	24.6553	24.6987	24.6987	1	z1:629.2928	1	1	626.27880	627.28608	1.1313e6	1	1
507.23297	24.0440	24.2253	24.3432	1	z1:507.2330	1	1	506.22569	507.23297	1.1278e6	1	1
419.24280	24.0440	24.3087	24.3432	2	z2:419.2428	1	2	834.46433	418.23944	1.1272e6	1	1
439.18140	24.5637	24.9125	24.9632	1	z1:439.1814	1	1	438.17412	439.18140	1.1263e6	1	1
330.16043	24.0440	24.0783	24.1215	2;4	z2:659.3142;z4:330.1604	2	4	1314.60640	329.65888	1.1247e6	2	2
376.65601	24.3432	24.5127	24.5637	4	z4:376.6560	1	4	1498.58150	375.65265	1.1193e6	1	1
469.23862	24.0783	24.3432	24.3432	2	z2:469.2386	1	2	934.45597	468.23526	1.1136e6	1	1
445.24042	24.5637	24.6987	24.7448	4	z4:445.2404	1	4	1772.91914	444.23706	1.1088e6	1	1
453.25226	24.6553	24.7448	24.8227	1	z1:453.2523	1	1	451.24163	452.24890	1.1087e6	1	1
565.27234	24.9363	24.9632	24.9632	2	z2:565.2723	1	2	1126.52342	564.26898	1.1074e6	1	1
672.30573	24.0440	24.0440	24.1867	2	z2:672.3057	1	2	1340.59019	671.30237	1.1048e6	1	1
653.11206	24.0440	24.3087	24.3780	4	z4:653.1121	1	4	2599.38894	650.85451	1.1044e6	1	1
711.32056	24.6987	24.8227	24.9125	2	z2:711.3206	1	2	1417.61650	709.81552	1.1011e6	1	1
544.34393	24.9363	24.9632	24.9632	2	z2:544.3439	1	2	1084.66660	543.34058	1.0993e6	1	1
435.68146	24.2738	24.3432	24.3432	2;4	z2:870.3564;z4:435.6815	2	4	1734.68389	434.67825	1.0970e6	2	2
563.25928	24.3087	24.3780	24.6553	4	z4:563.2593	1	4	2242.98787	561.75425	1.0970e6	1	1
578.95215	24.7837	24.8227	24.9125	6	z6:578.9521	1	6	3459.64239	577.61434	1.0958e6	1	1
819.40234	24.4808	24.6205	24.6553	2	z2:819.4023	1	2	1632.77672	817.39563	1.0956e6	1	1
751.39874	24.0440	24.1215	24.1522	2	z2:751.3987	1	2	1496.76951	749.39203	1.0903e6	1	1
524.32739	24.0440	24.2253	24.3087	1	z1:524.3274	1	1	522.31676	523.32404	1.0864e6	1	1
1355.01123	24.9125	24.9632	24.9632	3	z3:1355.0112	1	3	4048.96825	1350.66336	1.0864e6	1	1
759.39612	24.7837	24.9363	24.9632	1;2	z1:759.3961;z2:380.2024	2	1	755.37878	756.38605	1.0818e6	1	2
524.23438	24.5637	24.9125	24.9632	1	z1:524.2344	1	1	523.22710	524.23438	1.0813e6	1	1
549.26929	24.5127	24.6987	24.6987	1	z1:549.2693	1	1	548.26201	549.26929	1.0806e6	1	1
636.33295	24.2738	24.5127	24.5637	2	z2:636.3329	1	2	1268.64463	635.32959	1.0796e6	1	1
522.22205	24.6987	24.6987	24.9632	1	z1:522.2220	1	1	521.21477	522.22205	1.0789e6	1	1
330.20804	24.3432	24.5127	24.5637	4	z4:330.2080	1	4	1314.79634	329.70636	1.0756e6	1	1
414.73703	24.6205	24.6553	24.6987	4	z4:414.7370	1	4	1650.90559	413.73368	1.0747e6	1	1
573.30920	24.3780	24.4808	24.5637	1	z1:573.3092	1	1	571.29857	572.30585	1.0734e6	1	1
507.70810	24.0440	24.1215	24.1867	4	z4:507.7081	1	4	2022.78987	506.70474	1.0691e6	1	1
452.24945	24.4808	24.5637	24.5637	1	z1:452.2495	1	1	451.24217	452.24945	1.0684e6	1	1
675.36560	24.1215	24.3087	24.3432	1	z1:675.3656	1	1	672.35161	673.35889	1.0668e6	1	1
330.66876	24.1867	24.3087	24.3432	2;4	z2:660.3292;z4:330.6688	2	4	1314.63252	329.66541	1.0599e6	1	2
307.67856	24.0440	24.0440	24.3087	4	z4:307.6786	1	4	1224.67842	307.17688	1.0593e6	1	1
502.73117	24.8730	24.9125	24.9632	4	z4:502.7312	1	4	2002.88216	501.72782	1.0565e6	1	1
547.27325	24.0440	24.0440	24.2253	2	z2:547.2733	1	2	1090.52525	546.26990	1.0545e6	1	1
551.74121	24.9363	24.9632	24.9632	4	z4:551.7412	1	4	2196.91561	550.23618	1.0519e6	1	1
509.23303	24.4808	24.5127	24.5637	4	z4:509.2330	1	4	2028.88960	508.22968	1.0519e6	1	1
490.22433	24.0440	24.1867	24.1867	4	z4:490.2243	1	4	1952.85481	489.22098	1.0467e6	1	1
302.19623	24.5127	24.8730	24.9363	4	z4:302.1962	1	4	1200.74239	301.19287	1.0447e6	1	1
338.68842	24.9125	24.9125	24.9632	2	z2:338.6884	1	2	674.35892	338.18674	1.0406e6	1	1
586.35437	24.6987	24.8227	24.9363	5	z5:586.3544	1	5	2918.70863	584.74900	1.0401e6	1	1
661.34979	24.5127	24.5637	24.6205	2	z2:661.3498	1	2	1318.67832	660.34644	1.0370e6	1	1
404.21408	24.2253	24.2253	24.6205	2	z2:404.2141	1	2	803.40354	402.70905	1.0350e6	1	1
330.18991	24.7837	24.9125	24.9632	4	z4:330.1899	1	4	1312.71712	329.18656	1.0333e6	1	1
499.23160	24.8730	24.8730	24.9632	4	z4:499.2316	1	4	1990.89058	498.72992	1.0323e6	1	1
400.20026	24.6553	24.7448	24.8227	4	z4:400.2003	1	4	1594.76521	399.69858	1.0293e6	1	1
439.53287	24.9125	24.9125	24.9632	4;6	z4:658.7964;z6:439.5329	2	6	2625.13485	438.52975	1.0259e6	2	2
349.69467	24.1215	24.1522	24.1867	2	z2:349.6947	1	2	696.37144	349.19299	1.0239e6	1	1
364.68054	24.2253	24.4332	24.6553	6	z6:364.6805	1	6	2178.02617	364.01164	1.0181e6	1	1
349.20227	24.3780	24.5637	24.6987	4	z4:349.2023	1	4	1392.77998	349.20227	1.0169e6	1	1
362.20285	24.0440	24.1215	24.2738	2	z2:362.2029	1	2	719.38108	360.69782	1.0135e6	1	1
705.34088	24.0440	24.1215	24.2253	2;4	z2:705.3409;z4:353.1734	2	2	1406.65912	704.33684	1.0097e6	2	2
420.70291	24.1867	24.2253	24.2738	4	z4:420.7029	1	4	1672.76241	419.19788	1.0061e6	1	1
751.32092	24.1215	24.2738	24.3087	2;4	z2:751.3209;z4:376.6643	2	2	1496.61387	749.31421	1.0051e6	1	2
574.35577	24.0440	24.0783	24.2738	2	z2:574.3558	1	2	1144.69029	573.35242	1.0050e6	1	1
453.28140	24.6987	24.8730	24.9125	2	z2:453.2814	1	2	902.54154	452.27805	1.0045e6	1	1
1424.65991	24.5637	24.6987	24.7837	2	z2:1424.6599	1	2	2839.27843	1420.64649	1.0035e6	1	1
425.15576	24.6205	24.7837	24.8730	4	z4:425.1558	1	4	1692.58052	424.15241	1.0003e6	1	1
496.24008	24.9363	24.9363	24.9632	4	z4:496.2401	1	4	1976.91780	495.23673	9.9965e5	1	1
431.22333	24.2253	24.4332	24.4332	4	z4:431.2233	1	4	1718.85750	430.72165	9.9766e5	1	1
574.29077	24.5637	24.6987	24.9125	2	z2:574.2908	1	2	1145.56364	573.78909	9.9602e5	1	1
331.15549	24.0440	24.1215	24.1215	2;4	z2:661.3048;z4:331.1555	2	4	1318.58836	330.65437	9.9502e5	1	2
479.76871	24.3432	24.3780	24.4808	4	z4:479.7687	1	4	1911.03230	478.76535	9.9299e5	1	1
406.21121	24.0440	24.1867	24.2253	4	z4:406.2112	1	4	1618.80903	405.70953	9.9264e5	1	1
566.29443	24.0440	24.3780	24.3780	1	z1:566.2944	1	1	563.28045	564.28772	9.8893e5	1	1
310.66611	24.0440	24.1867	24.1867	1	z1:310.6661	1	1	308.65548	309.66275	9.8594e5	1	1
415.17456	24.1867	24.4332	24.4332	2	z2:415.1746	1	2	826.32786	414.17121	9.8500e5	1	1
479.73694	24.5637	24.6205	24.6553	2	z2:479.7369	1	2	955.45261	478.73358	9.8281e5	1	1
595.27448	24.7448	24.9363	24.9632	2	z2:595.2745	1	2	1186.52769	594.27112	9.8138e5	1	1
420.22241	24.3087	24.3087	24.4332	2	z2:420.2224	1	2	836.42356	419.21906	9.7992e5	1	1
501.24384	24.0440	24.1867	24.1867	2	z2:501.2438	1	2	998.46641	500.24048	9.7941e5	1	1
512.24658	24.2738	24.3087	24.4332	6	z6:512.2466	1	6	3058.40564	510.74155	9.7748e5	1	1
574.39215	24.3087	24.5637	24.5637	2	z2:574.3922	1	2	1144.76304	573.38880	9.7468e5	1	1
592.31128	24.1215	24.1867	24.1867	1;2	z1:1182.6096;z2:592.3113	2	2	1180.60130	591.30792	9.7353e5	1	2
553.27216	24.0440	24.2738	24.4332	4	z4:553.2722	1	4	2201.03268	551.26545	9.7206e5	1	1
629.32263	24.7837	24.9632	24.9632	2	z2:629.3226	1	2	1254.62400	628.31928	9.7183e5	1	1
342.17709	24.0783	24.2253	24.5127	1	z1:342.1771	1	1	341.16982	342.17709	9.7074e5	1	1
470.30811	24.6553	24.9125	24.9363	5	z5:470.3081	1	5	2337.47395	468.50207	9.5926e5	1	1
358.71857	24.0440	24.3780	24.4332	1	z1:358.7186	1	1	357.71129	358.71857	9.5698e5	1	1
376.66568	24.4808	24.6205	24.6553	2;4	z2:751.3209;z4:376.6657	2	4	1498.62019	375.66233	9.5196e5	1	2
872.41193	24.0440	24.2253	24.2738	2	z2:872.4119	1	2	1738.79588	870.40522	9.5080e5	1	1
593.37482	24.9363	24.9632	24.9632	2	z2:593.3748	1	2	1182.72837	592.37146	9.4884e5	1	1
502.32254	24.8730	24.9125	24.9632	3	z3:502.3225	1	3	1500.93573	501.31919	9.4740e5	1	1
408.74411	24.7837	24.8227	24.8227	4	z4:408.7441	1	4	1628.94062	408.24243	9.4277e5	1	1
724.32349	24.6205	24.8227	24.9125	1	z1:724.3235	1	1	721.30950	722.31678	9.4238e5	1	1
418.22784	24.7837	24.9632	24.9632	2	z2:418.2278	1	2	832.43443	417.22449	9.4178e5	1	1
496.71448	24.5637	24.6987	24.6987	4	z4:496.7145	1	4	1978.81538	495.71112	9.4049e5	1	1
384.18723	24.0440	24.0783	24.2253	1	z1:384.1872	1	1	384.18330	385.19058	9.3958e5	1	1
546.26367	24.4332	24.4808	24.4808	6	z6:546.2637	1	6	3261.50482	544.59141	9.3899e5	1	1
631.31366	24.0440	24.1867	24.4808	4	z4:631.3137	1	4	2514.20205	629.55779	9.3638e5	1	1
372.67603	24.7837	24.8730	24.8730	4	z4:372.6760	1	4	1484.66829	372.17435	9.3346e5	1	1
672.65497	24.5637	24.8730	24.9125	1	z1:672.6550	1	1	669.64098	670.64826	9.2872e5	1	1
339.18469	24.7837	24.7837	24.8730	4	z4:339.1847	1	4	1348.69624	338.18134	9.2621e5	1	1
574.27258	24.3780	24.7448	24.8227	2	z2:574.2726	1	2	1144.52390	573.26923	9.2281e5	1	1
356.30746	24.2253	24.4332	24.4332	6	z6:356.3075	1	6	2127.78771	355.63856	9.2198e5	1	1
387.72101	24.1215	24.3087	24.3087	4	z4:387.7210	1	4	1544.84822	387.21933	9.2165e5	1	1
480.24356	24.6553	24.7448	24.8730	6	z6:480.2436	1	6	2864.38080	478.40408	9.2150e5	1	1
456.29181	24.0440	24.1867	24.2253	1	z1:456.2918	1	1	455.28453	456.29181	9.2034e5	1	1
555.32330	24.6987	24.7837	24.8227	2	z2:555.3233	1	2	1106.62534	554.31995	9.1839e5	1	1
424.67920	24.7837	24.9125	24.9363	4	z4:424.6792	1	4	1690.67427	423.67584	9.1731e5	1	1
560.76233	24.7837	24.8227	24.8227	4	z4:560.7623	1	4	2230.99337	558.75562	9.1534e5	1	1
623.31146	24.9125	24.9632	24.9632	2	z2:623.3115	1	2	1242.60166	622.30811	9.1442e5	1	1
390.68451	24.8730	24.9632	24.9632	2	z2:390.6845	1	2	777.34776	389.68115	9.1386e5	1	1
602.72729	24.6205	24.6553	24.6987	6	z6:602.7273	1	6	3600.28656	601.05504	9.1086e5	1	1
700.32483	24.6205	24.7837	24.8227	1;2	z1:1399.6372;z2:700.3248	2	2	1396.62761	699.32108	9.1063e5	2	2
414.23325	24.7837	24.9632	24.9632	3	z3:414.2332	1	3	1238.67455	413.89879	9.1023e5	1	1
355.18436	24.2253	24.3432	24.3780	1	z1:355.1844	1	1	355.18044	356.18771	9.0851e5	1	1
302.67416	24.6987	24.9125	24.9632	4	z4:302.6742	1	4	1204.66084	302.17249	9.0649e5	1	1
540.27606	24.1522	24.4332	24.4332	1	z1:540.2761	1	1	539.26879	540.27606	9.0494e5	1	1
409.69809	24.5637	24.7448	24.7837	4	z4:409.6981	1	4	1632.75654	409.19641	9.0380e5	1	1
471.26724	24.6987	24.8730	24.9632	2	z2:471.2672	1	2	938.51322	470.26389	8.9934e5	1	1
308.66891	24.0440	24.2253	24.3432	1	z1:308.6689	1	1	307.66164	308.66891	8.9855e5	1	2
362.19244	24.8227	24.8227	24.9125	4	z4:362.1924	1	4	1438.72054	360.68741	8.9703e5	1	1
469.20789	24.0783	24.3087	24.3087	1	z1:469.2079	1	1	468.20061	469.20789	8.9699e5	1	1
484.25092	24.1215	24.1867	24.2738	4	z4:484.2509	1	4	1926.95443	482.74588	8.9659e5	1	1
672.66486	24.2253	24.4332	24.4808	4	z4:672.6649	1	4	2679.60683	670.90898	8.9594e5	1	1
380.18979	24.0440	24.0440	24.2738	2	z2:380.1898	1	2	756.35832	379.18643	8.9405e5	1	1
415.20493	24.1522	24.3087	24.3087	4	z4:415.2049	1	4	1652.77718	414.20157	8.8723e5	1	1
666.34534	24.6553	24.8227	24.9125	2	z2:666.3453	1	2	1328.66941	665.34198	8.8413e5	1	1
577.28198	24.3780	24.5637	24.5637	2	z2:577.2820	1	2	1149.53935	575.77695	8.8368e5	1	1
426.67673	24.1522	24.3432	24.3432	4	z4:426.6767	1	4	1698.66438	425.67337	8.8237e5	1	1
473.32266	24.7448	24.8730	24.9363	5	z5:473.3227	1	5	2353.55009	471.71729	8.8199e5	1	1
510.26797	24.7448	24.8730	24.9632	1	z1:510.2680	1	1	508.25734	509.26462	8.7964e5	1	1
524.28198	24.8227	24.9632	24.9632	1	z1:524.2820	1	1	523.27471	524.28198	8.7805e5	1	1
536.29114	24.2738	24.2738	24.3432	1	z1:536.2911	1	1	534.28051	535.28778	8.7710e5	1	1
315.16571	24.6553	24.8227	24.9632	4	z4:315.1657	1	4	1256.63374	315.16571	8.7688e5	1	1
409.73413	24.4332	24.5127	24.5637	4	z4:409.7341	1	4	1632.90071	409.23245	8.7299e5	1	1
690.30444	24.7448	24.7448	24.7837	2	z2:690.3044	1	2	1376.58762	689.30109	8.7125e5	1	1
715.04462	24.4808	24.4808	24.7837	4	z4:715.0446	1	4	2846.11581	712.53623	8.6669e5	1	1
468.22443	24.6987	24.7448	24.7837	2	z2:468.2244	1	2	932.42759	467.22107	8.6654e5	1	1
472.28745	24.0440	24.3087	24.4332	1	z1:472.2874	1	1	472.28352	473.29080	8.6597e5	1	1
362.70215	24.5127	24.6553	24.6553	4	z4:362.7021	1	4	1444.77278	362.20047	8.6412e5	1	1
374.20572	24.7837	24.8730	24.9363	4	z4:374.2057	1	4	1490.78706	373.70404	8.6214e5	1	1
432.21979	24.0440	24.0783	24.0783	6	z6:432.2198	1	6	2579.24823	430.88198	8.6062e5	1	1
688.80615	24.6553	24.6553	24.6987	2	z2:688.8062	1	2	1373.59104	687.80280	8.5908e5	1	1
790.39185	24.8730	24.9125	24.9632	1	z1:790.3918	1	1	787.37786	788.38514	8.5902e5	1	1
449.19974	24.9363	24.9632	24.9632	2	z2:449.1997	1	2	894.37821	448.19638	8.5499e5	1	1
646.29187	24.6205	24.6553	24.6987	4	z4:646.2919	1	4	2575.11825	644.78684	8.5414e5	1	1
365.23376	24.4808	24.5637	24.6553	4	z4:365.2338	1	4	1454.89924	364.73209	8.5185e5	1	1
427.73932	24.7837	24.8227	24.9125	2	z2:427.7393	1	2	851.45738	426.73596	8.5020e5	1	1
516.25848	24.3087	24.3780	24.3780	4	z4:516.2585	1	4	2058.99812	515.75681	8.5005e5	1	1
417.71930	24.0440	24.0783	24.0783	4	z4:417.7193	1	4	1662.83467	416.71594	8.5001e5	1	1
794.39081	24.4332	24.4808	24.6553	1	z1:794.3908	1	1	790.37347	791.38074	8.4758e5	1	1
498.21323	24.0440	24.0783	24.1867	2	z2:498.2132	1	2	992.40519	497.20987	8.4334e5	1	1
365.19156	24.0440	24.0783	24.1867	2	z2:365.1916	1	2	726.36186	364.18820	8.4044e5	1	1
376.22000	24.9125	24.9632	24.9632	2	z2:376.2200	1	2	748.41874	375.21665	8.3981e5	1	1
514.26099	24.6205	24.6553	24.7837	1	z1:514.2610	1	1	514.25706	515.26434	8.3621e5	1	1
592.28680	24.0440	24.0440	24.2253	2	z2:592.2868	1	2	1180.55235	591.28345	8.3492e5	1	1
425.21375	24.8227	24.9363	24.9632	2	z2:425.2137	1	2	846.40623	424.21039	8.3461e5	1	1
576.25360	24.0440	24.2253	24.2253	2	z2:576.2536	1	2	1148.48594	575.25025	8.3283e5	1	1
452.22400	24.1215	24.1867	24.1867	1	z1:452.2240	1	1	451.21672	452.22400	8.3058e5	1	1
401.54218	24.1522	24.1867	24.1867	6	z6:401.5422	1	6	2397.18926	400.53882	8.2749e5	1	1
410.21872	24.2253	24.2738	24.2738	1	z1:410.2187	1	1	408.20809	409.21536	8.2600e5	1	1
428.22440	24.5637	24.6553	24.7837	1	z1:428.2244	1	1	427.21712	428.22440	8.2517e5	1	1
872.44598	24.8730	24.8730	24.9125	2	z2:872.4460	1	2	1738.86400	870.43927	8.2346e5	1	1
384.70273	24.6205	24.6553	24.6553	4	z4:384.7027	1	4	1530.76839	383.69937	8.2314e5	1	1
348.23160	24.0440	24.1867	24.3780	5	z5:348.2316	1	5	1731.10483	347.22824	8.2205e5	1	1
430.56769	24.8227	24.8227	24.8730	6	z6:430.5677	1	6	2571.34234	429.56433	8.2129e5	1	1
342.71103	24.0440	24.0783	24.1522	4	z4:342.7110	1	4	1364.80830	342.20935	8.1989e5	1	1
384.65427	24.0440	24.0783	24.1215	2;4	z2:768.3018;z4:384.6543	2	4	1530.57567	383.65119	8.1769e5	1	2
789.44397	24.6205	24.6205	24.6987	2	z2:789.4440	1	2	1572.85997	787.43726	8.1762e5	1	1
338.68842	24.3780	24.5127	24.5637	1	z1:338.6884	1	1	337.68114	338.68842	8.1710e5	1	1
548.25903	24.3780	24.4332	24.4808	6	z6:548.2590	1	6	3273.47699	546.58678	8.1695e5	1	1
345.19958	24.6205	24.7448	24.8227	1	z1:345.1996	1	1	344.19231	345.19958	8.1573e5	1	1
877.42322	24.4332	24.5127	24.5127	2	z2:877.4232	1	2	1748.81846	875.41651	8.1436e5	1	1
531.75659	24.7837	24.8730	24.8730	4	z4:531.7566	1	4	2118.98384	530.75324	8.1348e5	1	1
690.36615	24.1215	24.1522	24.2738	1;2	z1:690.3661;z2:345.6860	2	1	687.35216	688.35944	8.1298e5	1	2
471.73917	24.5127	24.5637	24.6553	2	z2:471.7392	1	2	939.45707	470.73581	8.1041e5	1	1
420.56601	24.1522	24.2253	24.2253	6	z6:420.5660	1	6	2510.32891	419.39543	8.0910e5	1	1
531.32367	24.0440	24.0783	24.0783	2	z2:531.3237	1	2	1058.62608	530.32031	8.0536e5	1	1
449.21774	24.0440	24.0440	24.1522	1	z1:449.2177	1	1	448.21047	449.21774	8.0417e5	1	1
328.18036	24.0783	24.1867	24.1867	4	z4:328.1804	1	4	1306.68562	327.67868	8.0221e5	1	1
378.21030	24.8730	24.9363	24.9363	4	z4:378.2103	1	4	1506.80537	377.70862	8.0053e5	1	1
388.20032	24.1867	24.2253	24.2253	4	z4:388.2003	1	4	1544.75874	387.19696	7.9844e5	1	1
431.23517	24.0440	24.0440	24.0783	2	z2:431.2352	1	2	858.44907	430.23181	7.9842e5	1	1
448.23544	24.7448	24.7837	24.7837	4	z4:448.2354	1	4	1782.89254	446.73041	7.9681e5	1	1
548.28571	24.3432	24.4808	24.5127	2	z2:548.2857	1	2	1092.55015	547.28235	7.9613e5	1	1
397.66833	24.4808	24.6987	24.9363	5	z5:397.6683	1	5	1977.28516	396.46431	7.9393e5	1	1
349.71320	24.4332	24.5127	24.5637	1	z1:349.7132	1	1	349.70927	350.71655	7.8989e5	1	1
636.30261	24.0440	24.0440	24.0783	2;4	z2:636.3026;z4:318.6550	2	2	1268.58401	635.29928	7.8841e5	2	2
405.21542	24.6987	24.8730	24.8730	3	z3:405.2154	1	3	1210.61773	404.54652	7.8482e5	1	1
513.31274	24.6205	24.7448	24.9632	1	z1:513.3127	1	1	512.30547	513.31274	7.8433e5	1	1
356.73859	24.8730	24.8730	24.9632	4	z4:356.7386	1	4	1418.91182	355.73523	7.8039e5	1	1
383.20322	24.0440	24.0440	24.2253	2	z2:383.2032	1	2	762.38517	382.19986	7.7789e5	1	1
439.23010	24.3432	24.3780	24.3780	2	z2:439.2301	1	2	874.43894	438.22675	7.7720e5	1	1
385.18213	24.4808	24.7448	24.7448	4	z4:385.1821	1	4	1534.69270	384.68045	7.7673e5	1	1
365.21002	24.3087	24.3780	24.3780	4	z4:365.2100	1	4	1452.79756	364.20667	7.7519e5	1	1
431.71097	24.5127	24.5637	24.6205	2	z2:431.7110	1	2	860.40403	431.20929	7.7329e5	1	1
327.68784	24.6205	24.7837	24.9125	4	z4:327.6878	1	4	1304.71553	327.18616	7.7259e5	1	1
1090.46362	24.6205	24.6553	24.7448	3;6	z3:1090.4636;z6:545.7334	2	3	3260.33711	1087.78631	7.7214e5	2	2
353.50839	24.0440	24.0783	24.1215	2;6	z2:1058.5094;z6:353.5084	2	6	2110.99328	352.83949	7.7155e5	1	2
402.68622	24.7837	24.7837	24.9632	5	z5:402.6862	1	5	2006.38800	402.28488	7.7129e5	1	1
575.75476	24.6987	24.6987	24.7448	6	z6:575.7548	1	6	3436.44465	573.74805	7.7060e5	1	1
653.32336	24.4808	24.6987	24.8227	2;4	z2:653.3234;z4:327.1663	2	2	1302.62731	652.32093	7.6953e5	2	2
875.42822	24.8227	24.9363	24.9632	2	z2:875.4282	1	2	1744.82847	873.42151	7.6864e5	1	1
429.65601	24.2253	24.3087	24.3432	4	z4:429.6560	1	4	1710.58150	428.65265	7.6679e5	1	1
496.73120	24.1215	24.1215	24.1522	4	z4:496.7312	1	4	1978.88228	495.72785	7.6645e5	1	1
591.26422	24.9125	24.9632	24.9632	4	z4:591.2642	1	4	2355.00765	589.75919	7.6354e5	1	1
629.34351	24.6553	24.6553	24.7837	4	z4:629.3435	1	4	2507.32479	627.83847	7.6340e5	1	1
587.35077	24.2253	24.3780	24.4332	1	z1:587.3508	1	1	585.34014	586.34741	7.6235e5	1	1
506.26318	24.2253	24.3780	24.3780	6	z6:506.2632	1	6	3023.50860	504.92538	7.6217e5	1	1
650.32410	24.7448	24.8730	24.9363	1	z1:650.3241	1	1	646.30676	647.31403	7.5900e5	1	1
528.26660	24.3432	24.4332	24.4808	2	z2:528.2666	1	2	1052.51194	527.26325	7.5643e5	1	1
752.30615	24.3432	24.5127	24.6205	1	z1:752.3062	1	1	749.29217	750.29944	7.5550e5	1	1
356.68515	24.5637	24.6205	24.6205	2	z2:356.6852	1	2	709.34904	355.68180	7.5519e5	1	1
543.27301	24.5127	24.8227	24.8227	2	z2:543.2730	1	2	1081.52140	541.76798	7.5207e5	1	1
569.24902	24.1867	24.3087	24.3780	2	z2:569.2490	1	2	1134.47678	568.24567	7.5158e5	1	1
610.32941	24.8730	24.8730	24.9632	2	z2:610.3294	1	2	1216.63755	609.32605	7.5055e5	1	1
409.24414	24.6553	24.6987	24.7448	1	z1:409.2441	1	1	408.23686	409.24414	7.4660e5	1	1
351.16943	24.7448	24.8730	24.9363	1	z1:351.1694	1	1	351.16551	352.17279	7.4660e5	1	1
665.36182	24.6553	24.7448	24.8227	2	z2:665.3618	1	2	1326.70237	664.35846	7.4648e5	1	1
324.94727	24.7837	24.7837	24.9632	4	z4:324.9473	1	4	1291.74654	323.94391	7.4274e5	1	1
386.73636	24.3087	24.3432	24.4332	4	z4:386.7364	1	4	1539.90626	385.98384	7.3948e5	1	1
347.16721	24.0440	24.2738	24.3087	1	z1:347.1672	1	1	346.15993	347.16721	7.3891e5	1	1
480.25549	24.9125	24.9363	24.9632	1	z1:480.2555	1	1	479.24822	480.25549	7.3776e5	1	1
477.75012	24.6553	24.6987	24.6987	4	z4:477.7501	1	4	1904.96467	477.24844	7.3697e5	1	1
616.30359	24.6987	24.7837	24.8730	2	z2:616.3036	1	2	1228.58592	615.30023	7.3509e5	1	1
601.80859	24.1522	24.1867	24.1867	2	z2:601.8086	1	2	1199.59592	600.80524	7.3443e5	1	1
376.17038	24.6553	24.9363	24.9632	1	z1:376.1704	1	1	375.16310	376.17038	7.3205e5	1	1
703.40906	24.3432	24.4808	24.4808	2	z2:703.4091	1	2	1402.79685	702.40570	7.3140e5	1	1
419.22333	24.1522	24.2738	24.2738	4	z4:419.2233	1	4	1670.85750	418.72165	7.3090e5	1	1
616.29199	24.8730	24.9125	24.9632	2	z2:616.2920	1	2	1228.56272	615.28864	7.3052e5	1	1
636.33295	24.8730	24.9363	24.9632	2;4	z2:636.3329;z4:318.6700	2	2	1268.64463	635.32959	7.3041e5	1	2
633.27814	24.4808	24.5127	24.5127	2	z2:633.2781	1	2	1262.53501	632.27478	7.3018e5	1	1
486.20758	24.6987	24.7837	24.7837	4	z4:486.2076	1	4	1936.78780	485.20423	7.2816e5	1	1
520.29974	24.7837	24.7837	24.9632	1	z1:520.2997	1	1	518.28911	519.29639	7.2640e5	1	1
867.91663	24.9125	24.9632	24.9632	4	z4:867.9166	1	4	3459.61056	865.90992	7.2557e5	1	1
677.12305	24.4808	24.4808	24.6205	2	z2:677.1230	1	2	1350.22483	676.11969	7.2280e5	1	1
632.33380	24.0440	24.1522	24.1522	2	z2:632.3338	1	2	1260.64634	631.33045	7.1825e5	1	1
761.37671	24.6553	24.6987	24.8227	1	z1:761.3767	1	1	758.36272	759.37000	7.1543e5	1	1
545.25439	24.8227	24.9632	24.9632	2	z2:545.2544	1	2	1087.49088	544.75272	7.1363e5	1	1
415.72168	24.4332	24.4332	24.5127	4	z4:415.7217	1	4	1654.84419	414.71832	7.1362e5	1	1
544.28876	24.8730	24.8730	24.9125	4	z4:544.2888	1	4	2169.11250	543.28540	7.1255e5	1	1
656.74707	24.5637	24.6553	24.9125	5	z5:656.7471	1	5	3270.67213	655.14170	7.1206e5	1	1
848.44543	24.7448	24.7837	24.8730	1;2	z1:848.4454;z2:425.2286	2	1	845.43145	846.43872	7.1066e5	1	2
488.30862	24.0783	24.1867	24.2253	5	z5:488.3086	1	5	2432.49332	487.50594	7.1027e5	1	1
474.29102	24.9125	24.9632	24.9632	5	z5:474.2910	1	5	2357.38850	472.48498	7.0875e5	1	1
415.22412	24.0440	24.2738	24.2738	4	z4:415.2241	1	4	1652.85396	414.22077	7.0664e5	1	1
526.29718	24.0440	24.0440	24.0783	1	z1:526.2972	1	1	525.28990	526.29718	7.0482e5	1	1
523.74042	24.4808	24.5637	24.5637	4	z4:523.7404	1	4	2086.91914	522.73706	7.0475e5	1	1
458.25919	24.8730	24.9363	24.9632	1	z1:458.2592	1	1	457.25191	458.25919	7.0141e5	1	1
678.32965	24.4332	24.6553	24.6553	2	z2:678.3297	1	2	1352.63804	677.32630	7.0012e5	1	1
391.22925	24.2253	24.3432	24.4332	4	z4:391.2292	1	4	1558.88118	390.72757	6.9976e5	1	1
385.21783	24.0440	24.0783	24.1522	4	z4:385.2178	1	4	1534.83552	384.71616	6.9823e5	1	1
421.74490	24.8227	24.8730	24.8730	4	z4:421.7449	1	4	1676.93038	420.23987	6.9771e5	1	1
547.24664	24.6987	24.7837	24.8227	1	z1:547.2466	1	1	546.23937	547.24664	6.9711e5	1	1
633.30823	24.0440	24.1215	24.3087	2	z2:633.3082	1	2	1262.59519	632.30487	6.9515e5	1	1
707.37311	24.8730	24.9632	24.9632	2	z2:707.3731	1	2	1408.71824	705.36640	6.9421e5	1	1
508.24884	24.9125	24.9363	24.9632	3	z3:508.2488	1	3	1517.71127	506.91103	6.9409e5	1	1
343.67313	24.0440	24.0440	24.0783	4	z4:343.6731	1	4	1368.65669	343.17145	6.9243e5	1	1
620.32355	24.7837	24.7837	24.8227	2	z2:620.3235	1	2	1236.62583	619.32019	6.9210e5	1	1
565.74493	24.8227	24.8730	24.9363	4	z4:565.7449	1	4	2252.93050	564.23990	6.9195e5	1	1
406.67407	24.0783	24.3087	24.3087	4	z4:406.6741	1	4	1620.66047	406.17239	6.8902e5	1	1
305.70502	24.8730	24.9363	24.9632	4	z4:305.7050	1	4	1216.78425	305.20334	6.8881e5	1	1
444.29059	24.3432	24.5637	24.6205	4	z4:444.2906	1	4	1769.11983	443.28723	6.8644e5	1	1
557.27905	24.0440	24.0440	24.1867	1	z1:557.2791	1	1	554.26507	555.27234	6.8583e5	1	1
524.32965	24.9125	24.9632	24.9632	1	z1:524.3297	1	1	523.32237	524.32965	6.8403e5	1	1
393.18381	24.0440	24.0440	24.1522	2;4	z2:785.3616;z4:393.1838	2	4	1564.69529	392.18110	6.8248e5	1	2
373.21893	24.9125	24.9363	24.9632	4	z4:373.2189	1	4	1482.82650	371.71390	6.8174e5	1	1
334.68887	24.1522	24.3087	24.3087	4	z4:334.6889	1	4	1330.71297	333.68552	6.8078e5	1	1
363.21817	24.9125	24.9125	24.9632	4	z4:363.2182	1	4	1446.83687	362.71649	6.8039e5	1	1
683.33362	24.2738	24.4332	24.4332	1	z1:683.3336	1	1	680.31963	681.32691	6.7981e5	1	1
450.25378	24.2253	24.3432	24.3780	2	z2:450.2538	1	2	896.48631	449.25043	6.7689e5	1	1
788.42664	24.2738	24.3087	24.3087	1	z1:788.4266	1	1	785.41265	786.41993	6.7637e5	1	1
603.28400	24.9363	24.9632	24.9632	2	z2:603.2840	1	2	1202.54673	602.28064	6.7230e5	1	1
371.66550	24.0440	24.1867	24.1867	2;4	z2:742.3259;z4:371.6655	2	4	1478.62376	370.66322	6.7209e5	1	2
430.22864	24.9125	24.9363	24.9632	4	z4:430.2286	1	4	1714.87874	429.72696	6.7094e5	1	1
766.37427	24.5127	24.6205	24.6205	2	z2:766.3743	1	2	1526.72056	764.36756	6.6741e5	1	1
504.73035	24.0440	24.1215	24.1522	4	z4:504.7303	1	4	2010.87886	503.72699	6.6731e5	1	1
359.17978	24.0440	24.3087	24.3087	4	z4:359.1798	1	4	1430.68330	358.67810	6.6567e5	1	1
323.67947	24.8227	24.8227	24.9363	4	z4:323.6795	1	4	1288.68208	323.17780	6.6405e5	1	1
916.34735	24.2738	24.3432	24.3432	2	z2:916.3474	1	2	1826.66673	914.34064	6.6223e5	1	1
460.31210	24.0783	24.3780	24.4332	2	z2:460.3121	1	2	916.60294	459.30875	6.6088e5	1	1
724.31244	24.1867	24.3087	24.3432	2	z2:724.3124	1	2	1442.59691	722.30573	6.5963e5	1	1
567.36011	24.8227	24.9632	24.9632	5	z5:567.3601	1	5	2823.73732	565.75474	6.5950e5	1	1
377.19794	24.9125	24.9632	24.9632	2	z2:377.1979	1	2	751.37797	376.69626	6.5872e5	1	1
365.72610	24.0783	24.1522	24.1867	2	z2:365.7261	1	2	728.43430	365.22443	6.5820e5	1	1
378.72076	24.8730	24.9125	24.9363	2	z2:378.7208	1	2	752.41691	377.21573	6.5675e5	1	1
468.25504	24.0440	24.2253	24.2253	2	z2:468.2550	1	2	932.48881	467.25168	6.5607e5	1	1
370.18903	24.0783	24.0783	24.1522	1	z1:370.1890	1	1	369.18175	370.18903	6.5369e5	1	1
310.15469	24.1867	24.3432	24.3432	4	z4:310.1547	1	4	1234.58296	309.65302	6.5365e5	1	1
472.28745	24.7837	24.8227	24.8227	2	z2:472.2874	1	2	940.55363	471.28409	6.5270e5	1	1
748.37274	24.7448	24.8227	24.8227	1	z1:748.3727	1	1	745.35876	746.36603	6.5192e5	1	1
362.20547	24.6987	24.8730	24.8730	4	z4:362.2055	1	4	1438.77266	360.70044	6.5113e5	1	1
624.29749	24.9125	24.9363	24.9632	1;2	z1:624.2975;z2:313.1544	2	1	620.28014	621.28742	6.4765e5	1	2
487.21375	24.8227	24.8730	24.9363	2	z2:487.2137	1	2	970.40623	486.21039	6.4675e5	1	1
682.42334	24.0440	24.1867	24.2253	5	z5:682.4233	1	5	3399.05348	680.81797	6.4428e5	1	1
759.37238	24.0440	24.0440	24.1867	2	z2:759.3724	1	2	1512.71678	757.36567	6.4359e5	1	1
589.29449	24.8227	24.8730	24.9632	2	z2:589.2945	1	2	1174.56773	588.29114	6.4353e5	1	1
567.29626	24.4808	24.7448	24.8227	1	z1:567.2963	1	1	565.28563	566.29291	6.4215e5	1	1
537.30145	24.0440	24.0783	24.1522	2	z2:537.3015	1	2	1070.58164	536.29810	6.4167e5	1	1
570.77875	24.3780	24.4332	24.4332	6	z6:570.7787	1	6	3408.59528	569.10649	6.4067e5	1	1
654.39099	24.6205	24.6553	24.7448	3	z3:654.3910	1	3	1956.13772	653.05318	6.3952e5	1	1
421.68109	24.9125	24.9363	24.9632	4	z4:421.6811	1	4	1676.67513	420.17606	6.3904e5	1	1
442.26474	24.0440	24.3087	24.3432	4	z4:442.2647	1	4	1761.01643	441.26139	6.3635e5	1	1
462.23422	24.7837	24.9632	24.9632	4	z4:462.2342	1	4	1842.90107	461.73254	6.3592e5	1	1
476.75739	24.6205	24.6553	24.6553	4	z4:476.7574	1	4	1898.98702	475.75403	6.3348e5	1	1
750.34143	24.5127	24.6205	24.6553	2	z2:750.3414	1	2	1494.65489	748.33472	6.3308e5	1	1
369.22345	24.0440	24.0783	24.2738	2	z2:369.2234	1	2	734.42564	368.22009	6.3289e5	1	1
310.15054	24.4332	24.4808	24.5637	1	z1:310.1505	1	1	309.14327	310.15054	6.2953e5	1	1
830.35858	24.0440	24.1215	24.1867	2	z2:830.3586	1	2	1654.68919	828.35187	6.2409e5	1	1
753.38715	24.9125	24.9632	24.9632	2	z2:753.3871	1	2	1500.74632	751.38044	6.2134e5	1	1
402.21643	24.4332	24.5127	24.5637	4	z4:402.2164	1	4	1602.82991	401.71475	6.1967e5	1	1
721.34595	24.8730	24.9363	24.9632	2	z2:721.3459	1	2	1436.66392	719.33924	6.1917e5	1	1
622.29254	24.3780	24.4808	24.5127	1	z1:622.2925	1	1	620.28191	621.28919	6.1750e5	1	1
667.19427	24.9125	24.9125	24.9363	5	z5:667.1943	1	5	3320.90144	665.18757	6.1747e5	1	1
601.25677	24.7448	24.8227	24.8227	2	z2:601.2568	1	2	1198.49229	600.25342	6.1737e5	1	1
633.35638	24.1867	24.3432	24.3432	1	z1:633.3564	1	1	631.34575	632.35303	6.1553e5	1	1
316.67087	24.0440	24.0783	24.1522	1	z1:316.6709	1	1	315.66359	316.67087	6.1426e5	1	1
372.22247	24.2738	24.3087	24.3432	2	z2:372.2225	1	2	740.42368	371.21912	6.1292e5	1	1
679.35217	24.3780	24.3780	24.6205	2	z2:679.3522	1	2	1354.68308	678.34882	6.0628e5	1	1
539.25732	24.0440	24.1215	24.1522	6	z6:539.2573	1	6	3217.46003	537.25061	6.0620e5	1	1
672.34198	24.0440	24.0440	24.1215	3	z3:672.3420	1	3	2009.99069	671.00417	6.0524e5	1	1
360.69693	24.4808	24.5637	24.5637	1	z1:360.6969	1	1	358.68630	359.69358	6.0498e5	1	1
466.25153	24.8227	24.8227	24.9363	4	z4:466.2515	1	4	1854.95687	464.74649	6.0484e5	1	1
451.26627	24.1215	24.1867	24.2738	5	z5:451.2663	1	5	2243.26811	449.66090	6.0432e5	1	1
1032.39307	24.1522	24.2253	24.2253	2	z2:1032.3931	1	2	2058.75816	1030.38636	6.0348e5	1	1
383.67700	24.0783	24.1867	24.1867	1	z1:383.6770	1	1	382.66973	383.67700	6.0275e5	1	1
341.71600	24.0440	24.1867	24.1867	4	z4:341.7160	1	4	1360.82820	341.21433	6.0163e5	1	1
301.68475	24.0440	24.1867	24.2253	2	z2:301.6848	1	2	599.34824	300.68140	6.0013e5	1	1
336.70490	24.0440	24.0783	24.1522	2	z2:336.7049	1	2	670.39188	336.20322	5.9907e5	1	1
802.44177	24.3087	24.4808	24.5127	1	z1:802.4418	1	1	799.42779	800.43506	5.9860e5	1	1
414.22211	24.3087	24.3087	24.3432	2	z2:414.2221	1	2	824.42295	413.21875	5.9840e5	1	1
416.27148	24.8730	24.9125	24.9363	6	z6:416.2715	1	6	2483.55841	414.93368	5.9735e5	1	1
369.18994	24.6553	24.6553	24.6987	2	z2:369.1899	1	2	735.36198	368.68826	5.9543e5	1	1
596.38727	24.2253	24.3087	24.3780	2	z2:596.3873	1	2	1188.75327	595.38391	5.9540e5	1	1
491.24506	24.4808	24.5127	24.5637	4	z4:491.2451	1	4	1956.93770	490.24170	5.9456e5	1	1
476.23468	24.9363	24.9632	24.9632	2	z2:476.2347	1	2	948.44810	475.23133	5.9413e5	1	1
566.25623	24.7837	24.9125	24.9632	1	z1:566.2562	1	1	563.24224	564.24952	5.9226e5	1	1
547.27087	24.3780	24.3780	24.6205	6	z6:547.2709	1	6	3267.54804	545.59862	5.9130e5	1	1
680.76599	24.6987	24.7448	24.7448	4	z4:680.7660	1	4	2713.01473	679.26096	5.9112e5	1	1
1053.51746	24.3780	24.4332	24.4332	2	z2:1053.5175	1	2	2101.00694	1051.51075	5.9091e5	1	1
402.17072	24.3087	24.3087	24.3780	4	z4:402.1707	1	4	1602.64705	401.66904	5.9091e5	1	1
697.82458	24.1867	24.2253	24.2738	4	z4:697.8246	1	4	2779.24240	695.81788	5.8863e5	1	1
445.20670	24.5637	24.5637	24.6553	6	z6:445.2067	1	6	2655.16297	443.53444	5.8843e5	1	1
631.34064	24.0440	24.1867	24.3087	1	z1:631.3406	1	1	629.33001	630.33728	5.8599e5	1	1
430.23367	24.1522	24.1867	24.2738	4	z4:430.2337	1	4	1714.89888	429.73200	5.8567e5	1	1
530.26093	24.0440	24.0783	24.1215	2	z2:530.2609	1	2	1055.49723	528.75589	5.8301e5	1	1
492.21945	24.8227	24.8730	24.9363	1	z1:492.2195	1	1	491.21218	492.21945	5.8263e5	1	1
432.71420	24.0440	24.0440	24.0783	4	z4:432.7142	1	4	1722.81429	431.71085	5.8224e5	1	1
572.35089	24.9125	24.9363	24.9363	2	z2:572.3509	1	2	1140.68052	571.34754	5.8193e5	1	1
392.19003	24.8730	24.8730	24.9363	1	z1:392.1900	1	1	392.18611	393.19339	5.7683e5	1	1
731.80914	24.6987	24.6987	24.7448	4	z4:731.8091	1	4	2917.18734	730.30411	5.7598e5	1	1
450.75958	24.0783	24.1522	24.1522	4	z4:450.7596	1	4	1794.99580	449.75623	5.7543e5	1	1
325.66663	24.7448	24.9125	24.9632	4	z4:325.6666	1	4	1294.62398	324.66327	5.7529e5	1	1
333.18674	24.3432	24.3432	24.3780	2	z2:333.1867	1	2	662.35221	332.18338	5.7518e5	1	1
374.17834	24.4808	24.6205	24.6205	2	z2:374.1783	1	2	744.33543	373.17499	5.7513e5	1	1
720.38794	24.4808	24.6205	24.6205	2	z2:720.3879	1	2	1434.74791	718.38123	5.7469e5	1	1
609.33362	24.4332	24.6205	24.6205	4	z4:609.3336	1	4	2427.28524	607.82859	5.7118e5	1	1
580.76703	24.7448	24.7448	24.7837	5	z5:580.7670	1	5	2887.76186	578.55965	5.7060e5	1	1
604.30426	24.4808	24.4808	24.5637	1	z1:604.3043	1	1	602.29363	603.30091	5.6772e5	1	1
443.20630	24.1522	24.2738	24.2738	2	z2:443.2063	1	2	882.39134	442.20294	5.6741e5	1	1
354.67401	24.0440	24.1867	24.1867	2	z2:354.6740	1	2	704.32341	353.16898	5.6618e5	1	1
356.17282	24.3780	24.3780	24.5127	5	z5:356.1728	1	5	1771.81430	355.37014	5.6552e5	1	1
572.72614	24.7837	24.7837	24.8227	6	z6:572.7261	1	6	3418.27289	570.71943	5.6436e5	1	1
717.35120	24.1867	24.1867	24.3432	1	z1:717.3512	1	1	714.33721	715.34449	5.6048e5	1	1
449.26093	24.0440	24.0440	24.0783	1	z1:449.2609	1	1	448.25365	449.26093	5.6019e5	1	1
395.69067	24.2738	24.3780	24.3780	4	z4:395.6907	1	4	1576.72688	395.18900	5.5871e5	1	1
481.75818	24.3780	24.4808	24.5127	2	z2:481.7582	1	2	958.49174	480.25315	5.5663e5	1	1
348.16531	24.3087	24.4332	24.4808	4	z4:348.1653	1	4	1386.62544	347.66364	5.5660e5	1	1
444.73502	24.4332	24.4332	24.4808	2	z2:444.7350	1	2	885.44877	443.73166	5.5216e5	1	1
477.21988	24.8227	24.8730	24.9125	4	z4:477.2199	1	4	1902.84370	476.71820	5.5189e5	1	1
479.72900	24.2738	24.2738	24.3087	4	z4:479.7290	1	4	1910.87349	478.72565	5.5181e5	1	1
458.27032	24.1215	24.3432	24.3432	5	z5:458.2703	1	5	2282.30182	457.46764	5.5158e5	1	1
431.69739	24.0440	24.1522	24.1867	1	z1:431.6974	1	1	430.69011	431.69739	5.5107e5	1	1
400.25470	24.1867	24.2738	24.3432	1	z1:400.2547	1	1	400.25078	401.25805	5.5081e5	1	1
589.29449	24.3432	24.5637	24.5637	2	z2:589.2945	1	2	1174.56773	588.29114	5.5021e5	1	1
470.20795	24.7448	24.8227	24.8227	2	z2:470.2079	1	2	936.39463	469.20459	5.5011e5	1	1
485.27118	24.0440	24.0783	24.1522	2	z2:485.2712	1	2	966.52110	484.26782	5.4989e5	1	1
595.27448	24.0440	24.0783	24.1522	2	z2:595.2745	1	2	1186.52769	594.27112	5.4801e5	1	1
482.25998	24.9363	24.9632	24.9632	2	z2:482.2600	1	2	960.49870	481.25662	5.4707e5	1	1
592.33038	24.7837	24.8227	24.8730	2	z2:592.3304	1	2	1180.63950	591.32703	5.4688e5	1	1
502.75461	24.1867	24.2738	24.2738	4	z4:502.7546	1	4	2002.97591	501.75125	5.4674e5	1	1
349.17883	24.2253	24.3087	24.3087	1	z1:349.1788	1	1	347.16820	348.17548	5.4665e5	1	1
334.16089	24.2738	24.3087	24.3780	1	z1:334.1609	1	1	334.15697	335.16424	5.4612e5	1	1
519.24084	24.6553	24.6987	24.7448	1	z1:519.2408	1	1	518.23357	519.24084	5.4460e5	1	1
359.21066	24.5127	24.5637	24.5637	4	z4:359.2107	1	4	1426.79342	357.70563	5.4397e5	1	1
452.24945	24.0783	24.2738	24.2738	2	z2:452.2495	1	2	900.47764	451.24610	5.4365e5	1	1
667.16174	24.9125	24.9125	24.9632	5	z5:667.1617	1	5	3322.74549	665.55638	5.4348e5	1	1
317.67932	24.0440	24.1522	24.2738	1	z1:317.6793	1	1	316.67204	317.67932	5.4345e5	1	1
472.24091	24.1215	24.2738	24.2738	1	z1:472.2409	1	1	471.23363	472.24091	5.4096e5	1	1
323.19376	24.5127	24.6205	24.6205	4	z4:323.1938	1	4	1284.73250	322.19040	5.3981e5	1	1
359.20294	24.7448	24.7448	24.7837	1	z1:359.2029	1	1	357.19231	358.19959	5.3896e5	1	1
370.22537	24.9125	24.9632	24.9632	4	z4:370.2254	1	4	1474.86567	369.72369	5.3888e5	1	1
402.28195	24.0440	24.1215	24.1867	5	z5:402.2820	1	5	2002.35996	401.47927	5.3840e5	1	1
335.14859	24.6987	24.6987	24.8730	4	z4:335.1486	1	4	1334.55854	334.64691	5.3741e5	1	1
781.42224	24.6205	24.6553	24.6553	2	z2:781.4222	1	2	1556.81651	779.41553	5.3703e5	1	1
575.28003	24.2253	24.2738	24.3087	6	z6:575.2800	1	6	3437.60968	573.94222	5.3529e5	1	1
341.18677	24.0440	24.0440	24.1867	4	z4:341.1868	1	4	1358.71125	340.68509	5.3522e5	1	1
423.73175	24.6987	24.7448	24.7448	1	z1:423.7318	1	1	422.72447	423.73175	5.3403e5	1	1
558.28699	24.7448	24.9632	24.9632	5	z5:558.2870	1	5	2776.36501	556.28028	5.3269e5	1	1
625.27997	24.9125	24.9632	24.9632	4	z4:625.2800	1	4	2491.07064	623.77494	5.3233e5	1	1
873.46436	24.6987	24.7837	24.7837	2	z2:873.4644	1	2	1740.90074	871.45765	5.3157e5	1	1
573.29626	24.8227	24.8227	24.9632	5	z5:573.2963	1	5	2851.41139	571.28955	5.3156e5	1	1
863.47998	24.9125	24.9363	24.9632	2	z2:863.4800	1	2	1720.93199	861.47327	5.3124e5	1	1
525.30176	24.6987	24.7448	24.7448	1	z1:525.3018	1	1	523.29113	524.29840	5.3013e5	1	1
399.72577	24.4808	24.5127	24.5127	4	z4:399.7258	1	4	1592.86726	399.22409	5.2995e5	1	1
1117.23291	24.3087	24.3087	24.4332	1	z1:1117.2329	1	1	1114.21892	1115.22620	5.2930e5	1	1
348.69244	24.4332	24.5637	24.5637	4	z4:348.6924	1	4	1386.72725	347.68909	5.2910e5	1	1
647.79993	24.7837	24.7837	24.8227	4	z4:647.7999	1	4	2581.15047	646.29489	5.2846e5	1	1
593.27106	24.5637	24.6205	24.6205	4	z4:593.2711	1	4	2363.03499	591.76602	5.2772e5	1	1
329.19241	24.9125	24.9125	24.9632	4	z4:329.1924	1	4	1310.73384	328.69074	5.2673e5	1	1
477.72446	24.6553	24.6987	24.6987	6	z6:477.7245	1	6	2849.26618	475.88497	5.2534e5	1	1
480.22168	24.0783	24.1215	24.2253	6	z6:480.2217	1	6	2866.25623	478.71665	5.2418e5	1	1
398.20221	24.1522	24.1522	24.2253	1	z1:398.2022	1	1	397.19493	398.20221	5.2175e5	1	1
406.21121	24.6987	24.8227	24.8730	2	z2:406.2112	1	2	808.40116	405.20786	5.2162e5	1	1
503.24478	24.6553	24.6987	24.7448	1	z1:503.2448	1	1	501.23415	502.24143	5.2133e5	1	1
713.35706	24.9363	24.9632	24.9632	1	z1:713.3571	1	1	710.34307	711.35035	5.2131e5	1	1
691.32666	24.0440	24.0440	24.1867	2	z2:691.3267	1	2	1378.63206	690.32331	5.2099e5	1	1
301.69666	24.0440	24.0783	24.1215	4	z4:301.6967	1	4	1198.74410	300.69330	5.2005e5	1	1
386.23972	24.1215	24.1867	24.2738	4	z4:386.2397	1	4	1537.91969	385.48720	5.1951e5	1	1
473.24097	24.6987	24.6987	24.8227	4	z4:473.2410	1	4	1884.92134	472.23761	5.1886e5	1	1
415.74249	24.9363	24.9632	24.9632	2	z2:415.7425	1	2	827.46372	414.73914	5.1767e5	1	1
788.45172	24.7448	24.7837	24.7837	2	z2:788.4517	1	2	1570.87547	786.44501	5.1714e5	1	1
401.67902	24.3087	24.3087	24.3780	5	z5:401.6790	1	5	1999.34528	400.87633	5.1605e5	1	1
392.73056	24.4808	24.5127	24.6553	4	z4:392.7306	1	4	1562.87972	391.72721	5.1603e5	1	1
334.93771	24.9125	24.9125	24.9632	4	z4:334.9377	1	4	1333.71504	334.43604	5.1593e5	1	1
321.68103	24.3780	24.3780	24.6553	2	z2:321.6810	1	2	640.34415	321.17935	5.1548e5	1	1
661.35303	24.1867	24.3780	24.3780	2	z2:661.3530	1	2	1318.68479	660.34967	5.1523e5	1	1
562.27563	24.3087	24.3432	24.4332	1	z1:562.2756	1	1	559.26165	560.26893	5.1481e5	1	1
374.20023	24.4332	24.5127	24.6553	2	z2:374.2002	1	2	744.37919	373.19687	5.1366e5	1	1
603.34558	24.8227	24.9632	24.9632	1	z1:603.3456	1	1	599.32824	600.33552	5.1298e5	1	1
831.49438	24.2738	24.3087	24.3432	2	z2:831.4944	1	2	1656.96080	829.48768	5.1236e5	1	1
390.70349	24.0440	24.0440	24.0783	1	z1:390.7035	1	1	389.69621	390.70349	5.0974e5	1	1
398.20221	24.9125	24.9125	24.9632	2	z2:398.2022	1	2	792.38316	397.19885	5.0942e5	1	1
727.96100	24.3432	24.3432	24.3780	3	z3:727.9610	1	3	2174.84104	725.95429	5.0888e5	1	1
733.38251	24.3780	24.3780	24.4808	2	z2:733.3825	1	2	1460.73704	731.37580	5.0827e5	1	1
418.16159	24.6987	24.6987	24.8227	1	z1:418.1616	1	1	417.15431	418.16159	5.0753e5	1	1
308.70990	24.7448	24.7837	24.8730	4	z4:308.7099	1	4	1228.80378	308.20822	5.0748e5	1	1
332.16306	24.6205	24.7837	24.8227	3	z3:332.1631	1	3	991.46063	331.49415	5.0614e5	1	1
387.28436	24.6553	24.6987	24.8227	5	z5:387.2844	1	5	1929.37872	386.88302	5.0608e5	1	1
422.20013	24.3087	24.5127	24.6205	3	z3:422.2001	1	3	1262.57522	421.86568	5.0557e5	1	1
540.26654	24.0440	24.0783	24.1522	2	z2:540.2665	1	2	1076.51182	539.26319	5.0045e5	1	1
510.25491	24.2253	24.3780	24.3780	2	z2:510.2549	1	2	1016.48856	509.25156	4.9947e5	1	1
353.22980	24.2253	24.3432	24.3432	1	z1:353.2298	1	1	352.22252	353.22980	4.9866e5	1	1
305.63437	24.0440	24.2253	24.2253	4	z4:305.6344	1	4	1216.50166	305.13269	4.9723e5	1	1
551.35455	24.7837	24.8730	24.9363	2	z2:551.3546	1	2	1098.68784	550.35120	4.9665e5	1	1
644.37170	24.6553	24.8227	24.8730	2	z2:644.3717	1	2	1284.72215	643.36835	4.9631e5	1	1
679.63989	24.9363	24.9632	24.9632	3	z3:679.6399	1	3	2031.88443	678.30209	4.9613e5	1	1
387.28006	24.6553	24.6987	24.8730	5	z5:387.2801	1	5	1927.35050	386.47738	4.9606e5	1	1
664.62640	24.0440	24.1867	24.2738	4	z4:664.6264	1	4	2648.45638	663.12137	4.9509e5	1	1
496.32361	24.9125	24.9632	24.9632	1	z1:496.3236	1	1	495.31633	496.32361	4.9480e5	1	1
563.34009	24.9125	24.9363	24.9632	2	z2:563.3401	1	2	1122.65891	562.33673	4.9429e5	1	1
732.43414	24.9125	24.9363	24.9632	2	z2:732.4341	1	2	1458.84031	730.42743	4.9272e5	1	1
638.35132	24.0440	24.1215	24.1522	2	z2:638.3513	1	2	1272.68137	637.34796	4.9103e5	1	1
559.76770	24.3432	24.4332	24.4332	6	z6:559.7677	1	6	3344.53570	558.42989	4.8971e5	1	1
732.36298	24.0440	24.0440	24.1522	2	z2:732.3630	1	2	1458.69798	730.35627	4.8869e5	1	1
302.15753	24.8227	24.9363	24.9632	4	z4:302.1575	1	4	1204.60102	302.15753	4.8777e5	1	1
372.21570	24.3780	24.3780	24.4332	4	z4:372.2157	1	4	1478.81356	370.71067	4.8627e5	1	1
366.18768	24.4808	24.5127	24.5637	2	z2:366.1877	1	2	729.35746	365.68601	4.8596e5	1	1
772.40576	24.0783	24.1522	24.1867	1	z1:772.4058	1	1	769.39178	770.39905	4.8562e5	1	1
399.68951	24.0440	24.0783	24.1522	4	z4:399.6895	1	4	1590.71553	398.68616	4.8535e5	1	1
329.18115	24.2253	24.3087	24.3780	4	z4:329.1812	1	4	1312.69550	329.18115	4.8524e5	1	1
391.18246	24.0440	24.0783	24.1867	5	z5:391.1825	1	5	1944.85581	389.97844	4.8518e5	1	1
300.68939	24.5637	24.6987	24.7837	4	z4:300.6894	1	4	1198.72846	300.68939	4.8419e5	1	1
455.18347	24.8730	24.8730	24.9125	4	z4:455.1835	1	4	1812.69136	454.18012	4.8335e5	1	1
510.27451	24.0440	24.0440	24.1215	1	z1:510.2745	1	1	508.26387	509.27115	4.8218e5	1	1
846.50183	24.8730	24.8730	24.9632	2	z2:846.5018	1	2	1686.97569	844.49512	4.8217e5	1	1
457.76663	24.3780	24.3780	24.5637	4	z4:457.7666	1	4	1825.03071	457.26495	4.8141e5	1	1
667.15198	24.5127	24.5127	24.5637	6	z6:667.1520	1	6	3985.83130	665.31249	4.8123e5	1	1
509.22433	24.6205	24.6553	24.6987	2	z2:509.2243	1	2	1014.42741	508.22098	4.8081e5	1	1
667.23987	24.0783	24.1215	24.1522	5	z5:667.2399	1	5	3323.13612	665.63450	4.7942e5	1	1
493.26294	24.5127	24.6987	24.6987	2	z2:493.2629	1	2	982.50462	492.25958	4.7852e5	1	1
328.18036	24.4332	24.5127	24.5127	4	z4:328.1804	1	4	1306.68562	327.67868	4.7775e5	1	1
762.39777	24.8730	24.9125	24.9363	1	z1:762.3978	1	1	760.38713	761.39441	4.7758e5	1	1
561.27448	24.0440	24.0440	24.1215	2	z2:561.2745	1	2	1118.52769	560.27112	4.7750e5	1	1
547.27087	24.8227	24.8730	24.9125	1	z1:547.2709	1	1	546.26360	547.27087	4.7742e5	1	1
361.66821	24.1867	24.3087	24.3087	4	z4:361.6682	1	4	1436.62362	360.16318	4.7596e5	1	1
493.71652	24.1867	24.1867	24.2738	5	z5:493.7165	1	5	2455.51939	492.11115	4.7574e5	1	1
430.24042	24.7837	24.9363	24.9632	4	z4:430.2404	1	4	1714.92585	429.73874	4.7546e5	1	1
302.18134	24.2738	24.3432	24.4808	4	z4:302.1813	1	4	1202.68953	301.67966	4.7501e5	1	2
321.49799	24.1867	24.2253	24.2738	6	z6:321.4980	1	6	1916.92413	320.49463	4.7475e5	1	1
401.25046	24.1522	24.2738	24.3432	2	z2:401.2505	1	2	798.47965	400.24710	4.7446e5	1	1
358.20056	24.5127	24.5637	24.6205	4	z4:358.2006	1	4	1422.75301	356.69553	4.7406e5	1	1
482.25998	24.0440	24.1522	24.1522	4	z4:482.2600	1	4	1918.99068	480.75495	4.7360e5	1	1
324.68625	24.2253	24.2738	24.3432	2	z2:324.6862	1	2	645.35123	323.68289	4.7346e5	1	1
416.72916	24.7448	24.7837	24.7837	1	z1:416.7292	1	1	415.72188	416.72916	4.7198e5	1	1
707.36597	24.3432	24.5637	24.5637	2	z2:707.3660	1	2	1408.70396	705.35926	4.7180e5	1	1
462.19293	24.6987	24.6987	24.8227	1	z1:462.1929	1	1	461.18566	462.19293	4.7054e5	1	1
378.66925	24.7448	24.7448	24.8730	2	z2:378.6693	1	2	753.31724	377.66590	4.6959e5	1	1
452.22400	24.4332	24.4332	24.5127	1	z1:452.2240	1	1	450.21337	451.22064	4.6931e5	1	1
388.29135	24.9125	24.9125	24.9632	5	z5:388.2914	1	5	1930.40025	387.08733	4.6776e5	1	1
437.93216	24.6987	24.8227	24.9125	4	z4:437.9322	1	4	1745.69282	437.43048	4.6628e5	1	1
420.24030	24.9125	24.9125	24.9632	2	z2:420.2403	1	2	836.45933	419.23694	4.6545e5	1	1
432.18582	24.8730	24.8730	24.9363	2	z2:432.1858	1	2	860.35038	431.18247	4.6287e5	1	1
433.18735	24.7448	24.7837	24.8227	4	z4:433.1873	1	4	1726.71357	432.68567	4.6237e5	1	1
374.17834	24.1867	24.2738	24.2738	4	z4:374.1783	1	4	1488.67085	373.17499	4.6210e5	1	1
330.66876	24.4808	24.5127	24.5637	4	z4:330.6688	1	4	1314.63252	329.66541	4.6128e5	1	1
627.27856	24.4808	24.4808	24.5127	2	z2:627.2786	1	2	1250.53587	626.27521	4.6123e5	1	1
537.24738	24.2738	24.3780	24.3780	2	z2:537.2474	1	2	1070.47349	536.24402	4.6096e5	1	1
345.17657	24.6987	24.7448	24.8227	4	z4:345.1766	1	4	1372.66377	344.17322	4.6045e5	1	1
688.36237	24.4332	24.4808	24.4808	2	z2:688.3624	1	2	1372.70347	687.35901	4.6040e5	1	1
592.25684	24.6553	24.7448	24.7448	2	z2:592.2568	1	2	1180.49241	591.25348	4.5959e5	1	1
548.25659	24.0440	24.0440	24.0783	2	z2:548.2566	1	2	1092.49192	547.25324	4.5790e5	1	1
512.75513	24.4808	24.5127	24.5127	2	z2:512.7551	1	2	1021.48899	511.75177	4.5730e5	1	1
412.22418	24.8730	24.8730	24.9632	6	z6:412.2242	1	6	2461.28130	411.22083	4.5604e5	1	1
549.26202	24.1522	24.1867	24.1867	2	z2:549.2620	1	2	1094.50279	548.25867	4.5528e5	1	1
560.73224	24.7837	24.7837	24.8227	4	z4:560.7322	1	4	2230.87301	558.72553	4.5438e5	1	1
312.15903	24.4808	24.4808	24.5127	6	z6:312.1590	1	6	1862.89708	311.49012	4.5402e5	1	1
470.27151	24.3780	24.3780	24.4332	5	z5:470.2715	1	5	2342.30777	469.46883	4.5234e5	1	1
359.24796	24.0440	24.1215	24.2253	5	z5:359.2480	1	5	1787.18997	358.44527	4.5215e5	1	1
962.46179	24.3780	24.4332	24.4332	2	z2:962.4618	1	2	1918.89561	960.45508	4.5206e5	1	1
444.75980	24.8227	24.9125	24.9632	4	z4:444.7598	1	4	1773.00337	444.25812	4.5192e5	1	1
627.78644	24.5637	24.7448	24.7448	2	z2:627.7864	1	2	1251.55161	626.78308	4.5023e5	1	1
439.21271	24.2738	24.2738	24.3087	4	z4:439.2127	1	4	1748.80830	438.20935	4.5003e5	1	1
498.23633	24.6553	24.6987	24.7837	4	z4:498.2363	1	4	1984.90279	497.23297	4.4986e5	1	1
380.18420	24.4332	24.4808	24.5127	4	z4:380.1842	1	4	1510.68758	378.67917	4.4964e5	1	1
618.31738	24.3432	24.3780	24.3780	1	z1:618.3174	1	1	616.30675	617.31403	4.4868e5	1	1
309.66306	24.6987	24.6987	24.7448	1	z1:309.6631	1	1	308.65578	309.66306	4.4785e5	1	1
583.25781	24.6205	24.6987	24.7837	6	z6:583.2578	1	6	3485.47638	581.92001	4.4778e5	1	1
363.71039	24.6205	24.6205	24.6553	5	z5:363.7104	1	5	1808.49878	362.70703	4.4756e5	1	1
438.24570	24.0440	24.0783	24.0783	2	z2:438.2457	1	2	872.47013	437.24234	4.4742e5	1	1
308.70477	24.7448	24.7837	24.8227	4	z4:308.7048	1	4	1226.77657	307.70142	4.4685e5	1	1
446.72614	24.0440	24.0440	24.0783	4	z4:446.7261	1	4	1778.86202	445.72278	4.4681e5	1	1
621.26447	24.5637	24.5637	24.6553	3	z3:621.2645	1	3	1856.75815	619.92666	4.4669e5	1	1
474.24222	24.3087	24.3087	24.4332	4	z4:474.2422	1	4	1886.91964	472.73719	4.4652e5	1	1
520.25043	24.3780	24.4808	24.5127	2	z2:520.2504	1	2	1036.47959	519.24707	4.4619e5	1	1
560.33862	24.0440	24.1867	24.2253	2	z2:560.3386	1	2	1116.65598	559.33527	4.4574e5	1	1
300.17880	24.8227	24.8730	24.9125	4	z4:300.1788	1	4	1196.68610	300.17880	4.4490e5	1	1
598.23505	24.6987	24.7448	24.7448	4	z4:598.2350	1	4	2382.89095	596.73001	4.4422e5	1	1
649.29767	24.8227	24.9363	24.9632	1	z1:649.2977	1	1	646.28368	647.29096	4.4417e5	1	1
332.65768	24.7837	24.8730	24.9632	4	z4:332.6577	1	4	1322.58821	331.65433	4.4315e5	1	1
1117.25415	24.6987	24.7837	24.7837	3	z3:1117.2542	1	3	3340.71378	1114.57854	4.4125e5	1	1
358.68646	24.8730	24.9632	24.9632	4	z4:358.6865	1	4	1428.71003	358.18478	4.4040e5	1	1
599.78052	24.7837	24.8227	24.8730	6	z6:599.7805	1	6	3582.60590	598.10826	4.4037e5	1	1
316.68365	24.6553	24.6987	24.7837	4	z4:316.6837	1	4	1258.69209	315.68030	4.4035e5	1	1
439.72617	24.8730	24.9125	24.9125	2	z2:439.7262	1	2	874.42771	438.22113	4.3718e5	1	1
450.21408	24.1867	24.2738	24.3432	2	z2:450.2141	1	2	896.40690	449.21073	4.3658e5	1	1
452.70767	24.8730	24.8730	24.9125	4	z4:452.7077	1	4	1802.78816	451.70432	4.3597e5	1	1
328.65710	24.6553	24.6987	24.6987	4	z4:328.6571	1	4	1308.59260	328.15543	4.3521e5	1	1
426.71335	24.9363	24.9363	24.9632	4	z4:426.7133	1	4	1696.80416	425.20832	4.3410e5	1	1
829.40564	24.2253	24.3087	24.3432	1	z1:829.4056	1	1	826.39165	827.39893	4.3408e5	1	1
530.77112	24.5127	24.5127	24.5637	5	z5:530.7711	1	5	2640.79237	529.16575	4.3395e5	1	1
441.28064	24.1522	24.1867	24.1867	4	z4:441.2806	1	4	1757.08003	440.27728	4.3383e5	1	1
341.95001	24.7837	24.7837	24.9363	4	z4:341.9500	1	4	1363.77094	341.95001	4.3379e5	1	1
385.19070	24.6987	24.7837	24.7837	2	z2:385.1907	1	2	767.36350	384.68903	4.3249e5	1	1
474.22858	24.8730	24.9632	24.9632	2	z2:474.2286	1	2	944.43589	473.22522	4.3204e5	1	1
503.73355	24.4332	24.4808	24.5127	2	z2:503.7336	1	2	1004.44919	503.23187	4.3169e5	1	1
628.32166	24.4332	24.4808	24.5127	2	z2:628.3217	1	2	1252.62205	627.31830	4.3117e5	1	1
529.74463	24.6553	24.6553	24.6987	4	z4:529.7446	1	4	2108.92928	528.23960	4.3099e5	1	1
728.01660	24.5637	24.6553	24.7448	3	z3:728.0166	1	3	2175.00785	726.00989	4.3098e5	1	1
1244.62158	24.3432	24.3432	24.4808	1	z1:1244.6216	1	1	1241.60760	1242.61487	4.2998e5	1	1
361.18274	24.9363	24.9632	24.9632	1	z1:361.1827	1	1	360.17546	361.18274	4.2946e5	1	1
360.84839	24.7837	24.8227	24.8227	3	z3:360.8484	1	3	1078.51998	360.51394	4.2892e5	1	1
722.35352	24.7448	24.7448	24.7837	4	z4:722.3535	1	4	2879.36483	720.84848	4.2806e5	1	1
764.33423	24.3780	24.4808	24.4808	2	z2:764.3342	1	2	1522.64048	762.32752	4.2782e5	1	1
551.25671	24.6553	24.6553	24.7837	1	z1:551.2567	1	1	550.24944	551.25671	4.2766e5	1	1
408.87683	24.8730	24.8730	24.9125	6	z6:408.8768	1	6	2441.19720	407.87348	4.2743e5	1	1
844.37946	24.3087	24.3780	24.4332	2	z2:844.3795	1	2	1682.73094	842.37275	4.2652e5	1	1
422.70047	24.9125	24.9632	24.9632	4	z4:422.7005	1	4	1682.75935	421.69712	4.2651e5	1	1
578.28430	24.6205	24.6205	24.6987	1	z1:578.2843	1	1	576.27367	577.28095	4.2636e5	1	1
373.68250	24.9125	24.9363	24.9632	2	z2:373.6825	1	2	743.34373	372.67914	4.2617e5	1	1
478.21207	24.5637	24.6987	24.6987	1	z1:478.2121	1	1	477.20479	478.21207	4.2615e5	1	1
521.72186	24.0440	24.1215	24.1215	4	z4:521.7219	1	4	2078.84493	520.71851	4.2518e5	1	1
482.18997	24.8730	24.9125	24.9363	4	z4:482.1900	1	4	1920.71736	481.18662	4.2501e5	1	1
624.33289	24.8730	24.9363	24.9632	1	z1:624.3329	1	1	621.31890	622.32618	4.2499e5	1	1
720.33319	24.6553	24.6553	24.8730	2	z2:720.3332	1	2	1434.63841	718.32648	4.2471e5	1	1
604.30426	24.0440	24.1215	24.1215	2	z2:604.3043	1	2	1204.58726	603.30091	4.2420e5	1	1
445.22089	24.3087	24.4808	24.5127	2	z2:445.2209	1	2	886.42051	444.21753	4.2364e5	1	1
459.72867	24.0440	24.0440	24.1215	5	z5:459.7287	1	5	2285.58012	458.12330	4.2234e5	1	1
365.18497	24.0440	24.0440	24.1522	2	z2:365.1850	1	2	726.34867	364.18161	4.2207e5	1	1
409.69653	24.0440	24.1215	24.1215	4	z4:409.6965	1	4	1632.75032	409.19486	4.2146e5	1	1
727.99066	24.6553	24.7448	24.7837	3	z3:727.9907	1	3	2174.93003	725.98395	4.2091e5	1	1
725.35577	24.3432	24.4332	24.4332	1	z1:725.3558	1	1	722.34179	723.34906	4.2076e5	1	1
715.03741	24.8227	24.9632	24.9632	3	z3:715.0374	1	3	2136.07029	713.03070	4.2034e5	1	1
368.19223	24.3432	24.4808	24.4808	4	z4:368.1922	1	4	1466.73311	367.69055	4.1991e5	1	1
516.26514	24.9125	24.9632	24.9632	2	z2:516.2651	1	2	1028.50901	515.26178	4.1984e5	1	1
568.22150	24.0440	24.0783	24.1215	1	z1:568.2215	1	1	565.20751	566.21479	4.1974e5	1	1
521.27417	24.4332	24.4808	24.5127	2	z2:521.2742	1	2	1039.53043	520.77249	4.1914e5	1	1
866.44519	24.8227	24.8730	24.8730	2	z2:866.4452	1	2	1726.86241	864.43848	4.1780e5	1	1
349.17761	24.4808	24.5637	24.6205	2	z2:349.1776	1	2	694.33396	348.17426	4.1774e5	1	1
300.17191	24.0440	24.0783	24.1867	2	z2:300.1719	1	2	597.32590	299.67023	4.1697e5	1	1
1499.73120	24.2738	24.3432	24.3432	3	z3:1499.7312	1	3	4481.12145	1494.71443	4.1686e5	1	1
429.73679	24.0440	24.0783	24.0783	4	z4:429.7368	1	4	1712.91133	429.23511	4.1587e5	1	1
935.45953	24.2253	24.2738	24.2738	2	z2:935.4595	1	2	1864.89110	933.45282	4.1452e5	1	1
514.76587	24.3432	24.3432	24.3780	4	z4:514.7659	1	4	2051.02095	513.76251	4.1442e5	1	1
535.24390	24.9363	24.9632	24.9632	1	z1:535.2439	1	1	534.23662	535.24390	4.1358e5	1	1
414.18069	24.6553	24.7448	24.8227	1	z1:414.1807	1	1	413.17342	414.18069	4.1302e5	1	1
388.69498	24.6987	24.6987	24.7448	2	z2:388.6950	1	2	774.37205	388.19330	4.1214e5	1	1
615.27008	24.7837	24.8730	24.8730	2	z2:615.2701	1	2	1226.51890	614.26673	4.1169e5	1	1
310.65784	24.7837	24.9363	24.9632	3	z3:310.6578	1	3	926.94497	309.98893	4.1100e5	1	1
703.36328	24.3780	24.4808	24.4808	2	z2:703.3633	1	2	1402.70530	702.35993	4.1100e5	1	1
401.73376	24.3087	24.3087	24.4332	4	z4:401.7338	1	4	1598.89253	400.73041	4.0948e5	1	1
418.70978	24.6205	24.6987	24.6987	2	z2:418.7098	1	2	832.39494	417.20475	4.0696e5	1	1
397.19983	24.7837	24.8227	24.8730	2	z2:397.1998	1	2	790.37840	396.19647	4.0612e5	1	1
372.22247	24.5637	24.5637	24.6205	2	z2:372.2225	1	2	740.42368	371.21912	4.0506e5	1	1
324.14755	24.3087	24.3780	24.4808	4	z4:324.1476	1	4	1290.55439	323.64588	4.0496e5	1	1
745.42285	24.1867	24.2738	24.2738	2	z2:745.4229	1	2	1484.81773	743.41614	4.0446e5	1	1
759.47125	24.6987	24.7448	24.7837	5	z5:759.4713	1	5	3782.28633	757.46454	4.0382e5	1	1
470.22528	24.1522	24.1867	24.2738	2	z2:470.2253	1	2	936.42930	469.22193	4.0316e5	1	1
1028.52490	24.3432	24.4332	24.4332	4	z4:1028.5249	1	4	4099.03360	1025.76568	4.0310e5	1	1
329.67023	24.6987	24.6987	24.8227	4	z4:329.6702	1	4	1314.65180	329.67023	4.0170e5	1	1
370.20789	24.3087	24.3432	24.3432	4	z4:370.2079	1	4	1474.79573	369.70621	4.0139e5	1	1
372.22385	24.0440	24.0783	24.1215	2	z2:372.2238	1	2	740.42643	371.22049	4.0057e5	1	1
699.27557	24.0440	24.0440	24.0783	2	z2:699.2756	1	2	1394.52988	698.27222	4.0011e5	1	1
540.26184	24.2738	24.3087	24.3087	2	z2:540.2618	1	2	1076.50242	539.25849	3.9884e5	1	1
326.17575	24.9125	24.9363	24.9632	2;4	z2:651.3467;z4:326.1758	2	4	1296.66048	325.17240	3.9821e5	1	2
517.27045	24.7448	24.7448	24.8227	4	z4:517.2704	1	4	2063.04597	516.76877	3.9731e5	1	1
424.23315	24.0783	24.1867	24.1867	4	z4:424.2332	1	4	1686.88338	422.72812	3.9706e5	1	1
411.22198	24.5127	24.5127	24.6205	3	z3:411.2220	1	3	1227.63406	410.21863	3.9638e5	1	1
468.74741	24.9363	24.9363	24.9632	2	z2:468.7474	1	2	932.47019	467.24237	3.9502e5	1	1
1472.91797	24.5127	24.5127	24.6553	2	z2:1472.9180	1	2	2934.79119	1468.40287	3.9460e5	1	1
494.26617	24.3087	24.3780	24.3780	2	z2:494.2662	1	2	984.51109	493.26282	3.9337e5	1	1
458.19989	24.6553	24.8730	24.8730	2	z2:458.1999	1	2	912.37852	457.19654	3.9335e5	1	1
1135.52930	24.6205	24.6553	24.6553	2	z2:1135.5293	1	2	2263.02391	1132.51923	3.9272e5	1	1
749.34064	24.2738	24.3087	24.3432	2	z2:749.3406	1	2	1492.65330	747.33393	3.9147e5	1	1
773.37592	24.9125	24.9363	24.9632	1	z1:773.3759	1	1	770.36193	771.36921	3.9107e5	1	1
367.21317	24.3780	24.4808	24.5127	4	z4:367.2132	1	4	1462.81685	366.71149	3.9079e5	1	1
393.21033	24.3432	24.3432	24.3780	4	z4:393.2103	1	4	1564.79878	392.20697	3.9078e5	1	1
385.17642	24.5637	24.6205	24.6205	4	z4:385.1764	1	4	1534.66987	384.67474	3.8913e5	1	1
312.99634	24.0783	24.1867	24.1867	6	z6:312.9963	1	6	1865.91424	311.99298	3.8837e5	1	1
356.92068	24.6987	24.6987	24.7448	6	z6:356.9207	1	6	2131.46703	356.25178	3.8830e5	1	1
354.63617	24.3780	24.4332	24.4808	4	z4:354.6362	1	4	1412.50886	354.13449	3.8800e5	1	1
415.19214	24.5637	24.6205	24.6987	4	z4:415.1921	1	4	1652.72603	414.18878	3.8702e5	1	1
661.38513	24.7448	24.7448	24.7837	2	z2:661.3851	1	2	1318.74900	660.38178	3.8693e5	1	1
727.36023	24.6553	24.6987	24.6987	3	z3:727.3602	1	3	2173.03873	725.35352	3.8555e5	1	1
659.41016	24.2253	24.2738	24.3432	2	z2:659.4102	1	2	1314.79905	658.40680	3.8495e5	1	1
650.27710	24.7837	24.8227	24.9363	1	z1:650.2771	1	1	647.26311	648.27039	3.8459e5	1	1
553.29675	24.8730	24.9125	24.9363	2	z2:553.2968	1	2	1102.57224	552.29340	3.8391e5	1	1
455.18713	24.4808	24.5637	24.6205	1	z1:455.1871	1	1	454.17986	455.18713	3.8386e5	1	1
362.17422	24.7837	24.8227	24.8730	4	z4:362.1742	1	4	1442.66108	361.67255	3.8378e5	1	1
445.24042	24.9363	24.9632	24.9632	2	z2:445.2404	1	2	886.45957	444.23706	3.8335e5	1	1
957.42737	24.7837	24.7837	24.8227	2	z2:957.4274	1	2	1908.82676	955.42066	3.8314e5	1	1
362.65909	24.2253	24.2738	24.3087	1	z1:362.6591	1	1	361.65181	362.65909	3.8246e5	1	1
318.65500	24.4808	24.5127	24.7448	6	z6:318.6550	1	6	1901.87291	317.98610	3.8171e5	1	1
315.65448	24.0440	24.0783	24.2253	4	z4:315.6545	1	4	1256.58210	315.15280	3.8163e5	1	1
540.24048	24.0440	24.1215	24.1867	2	z2:540.2405	1	2	1076.45969	539.23712	3.8139e5	1	1
399.74991	24.0783	24.0783	24.1215	4	z4:399.7499	1	4	1592.96382	399.24823	3.8129e5	1	1
401.17758	24.6987	24.6987	24.8227	2	z2:401.1776	1	2	798.33390	400.17423	3.8099e5	1	1
700.39832	24.8730	24.8730	24.9632	4	z4:700.3983	1	4	2786.52725	697.63909	3.8079e5	1	1
377.17719	24.0783	24.0783	24.2738	2	z2:377.1772	1	2	750.33311	376.17383	3.8037e5	1	1
668.29285	24.2253	24.2738	24.2738	5	z5:668.2928	1	5	3327.39766	666.48681	3.8019e5	1	1
903.47778	24.9125	24.9632	24.9632	2	z2:903.4778	1	2	1800.92759	901.47107	3.8000e5	1	1
570.24329	24.9363	24.9363	24.9632	4	z4:570.2433	1	4	2268.91720	568.23658	3.7933e5	1	1
392.20764	24.0783	24.1215	24.1215	2	z2:392.2076	1	2	780.39402	391.20429	3.7893e5	1	1
862.40723	24.1867	24.1867	24.2253	2	z2:862.4072	1	2	1718.78648	860.40052	3.7812e5	1	1
474.23053	24.6205	24.7448	24.7448	2	z2:474.2305	1	2	944.43980	473.22717	3.7780e5	1	1
435.23682	24.2738	24.3087	24.3432	2	z2:435.2368	1	2	867.45573	434.73514	3.7765e5	1	1
359.21579	24.6205	24.6205	24.6553	4	z4:359.2158	1	4	1428.82063	358.21243	3.7692e5	1	1
443.23099	24.0440	24.0783	24.1215	1	z1:443.2310	1	1	442.22371	443.23099	3.7541e5	1	1
500.28058	24.9125	24.9632	24.9632	2	z2:500.2806	1	2	996.53989	499.27722	3.7439e5	1	1
423.20822	24.4808	24.5127	24.5127	4	z4:423.2082	1	4	1686.79707	422.70654	3.7396e5	1	1
342.21298	24.2738	24.3432	24.4332	1	z1:342.2130	1	1	342.20906	343.21634	3.7364e5	1	1
806.40283	24.1215	24.2253	24.2253	2	z2:806.4028	1	2	1606.77769	804.39612	3.7346e5	1	1
389.27325	24.4808	24.6987	24.7837	5	z5:389.2733	1	5	1936.31312	388.26990	3.7324e5	1	1
410.69473	24.3432	24.3432	24.3780	4	z4:410.6947	1	4	1636.74312	410.19306	3.7303e5	1	1
1117.24707	24.4808	24.5127	24.5637	3	z3:1117.2471	1	3	3340.69254	1114.57146	3.7160e5	1	1
475.71286	24.4808	24.5127	24.5127	4	z4:475.7129	1	4	1894.80892	474.70951	3.7112e5	1	1
739.36969	24.9125	24.9125	24.9632	3	z3:739.3697	1	3	2208.06376	737.02853	3.7002e5	1	1
405.20309	24.9125	24.9125	24.9632	4	z4:405.2031	1	4	1610.76314	403.69806	3.6908e5	1	1
543.22040	24.5127	24.6205	24.6205	2	z2:543.2204	1	2	1082.41953	542.21704	3.6843e5	1	1
395.67877	24.7448	24.7837	24.7837	4	z4:395.6788	1	4	1576.67927	395.17709	3.6766e5	1	1
467.23450	24.1867	24.2738	24.2738	2	z2:467.2345	1	2	930.44773	466.23114	3.6745e5	1	1
1023.47107	24.9363	24.9363	24.9632	2	z2:1023.4711	1	2	2040.91417	1021.46436	3.6694e5	1	1
357.83456	24.7837	24.8227	24.8227	3	z3:357.8346	1	3	1068.47515	357.16566	3.6612e5	1	1
315.68204	24.2253	24.2738	24.3087	4	z4:315.6820	1	4	1258.69904	315.68204	3.6603e5	1	1
562.24542	24.1522	24.1867	24.2253	2	z2:562.2454	1	2	1120.46958	561.24207	3.6579e5	1	1
936.40619	24.8730	24.8730	24.9125	1	z1:936.4062	1	1	934.39556	935.40283	3.6536e5	1	1
305.14938	24.3780	24.4332	24.5637	4	z4:305.1494	1	4	1214.56172	304.64771	3.6510e5	1	1
1132.54968	24.5637	24.6553	24.6553	1	z1:1132.5497	1	1	1129.53570	1130.54297	3.6280e5	1	1
573.37146	24.0440	24.0783	24.1522	2	z2:573.3715	1	2	1142.72166	572.36811	3.6264e5	1	1
790.34985	24.6987	24.7448	24.7837	4	z4:790.3499	1	4	3149.34347	788.34314	3.6184e5	1	1
452.75861	24.9125	24.9363	24.9363	2	z2:452.7586	1	2	900.49259	451.25357	3.6064e5	1	1
366.68463	24.0440	24.0440	24.1215	2	z2:366.6846	1	2	728.34465	365.17960	3.6062e5	1	1
553.29675	24.6205	24.7448	24.7448	2	z2:553.2968	1	2	1102.57224	552.29340	3.6058e5	1	1
1469.00647	24.3432	24.4332	24.4332	1	z1:1469.0065	1	1	1463.98577	1464.99305	3.6034e5	1	1
363.18677	24.5127	24.6987	24.6987	4	z4:363.1868	1	4	1444.70455	362.18341	3.6009e5	1	1
416.39505	24.8730	24.9125	24.9125	6	z6:416.3951	1	6	2483.29645	414.89002	3.5950e5	1	1
1252.63184	24.0440	24.0440	24.1215	1	z1:1252.6318	1	1	1249.61785	1250.62513	3.5921e5	1	1
405.26938	24.9363	24.9632	24.9632	4	z4:405.2694	1	4	1613.03499	404.26602	3.5900e5	1	1
707.31622	24.4808	24.5637	24.5637	1	z1:707.3162	1	1	704.30224	705.30951	3.5564e5	1	1
673.27820	24.7448	24.7837	24.7837	2	z2:673.2782	1	2	1342.53513	672.27484	3.5436e5	1	1
658.39722	24.1215	24.1867	24.1867	3	z3:658.3972	1	3	1967.15305	656.72496	3.5332e5	1	1
491.23889	24.9125	24.9632	24.9632	4	z4:491.2389	1	4	1958.91975	490.73721	3.5265e5	1	1
622.29254	24.1215	24.1867	24.2738	4	z4:622.2925	1	4	2477.11422	620.28583	3.5139e5	1	1
371.71155	24.4808	24.5127	24.5127	2	z2:371.7115	1	2	740.40519	371.20987	3.5079e5	1	1
351.66476	24.2253	24.3087	24.3087	4	z4:351.6648	1	4	1400.62324	351.16309	3.5062e5	1	1
763.34515	24.3087	24.3087	24.3432	2	z2:763.3452	1	2	1520.66234	761.33844	3.5031e5	1	1
556.30853	24.6205	24.6553	24.6553	1	z1:556.3085	1	1	553.29455	554.30182	3.4931e5	1	1
314.18182	24.3780	24.5127	24.5127	2	z2:314.1818	1	2	625.34574	313.68015	3.4883e5	1	1
502.33105	24.3087	24.3432	24.5127	4	z4:502.3311	1	4	2001.28169	501.32770	3.4725e5	1	1
359.22095	24.4808	24.4808	24.5127	2	z2:359.2209	1	2	715.42399	358.71927	3.4657e5	1	1
330.66876	24.0440	24.0783	24.1215	4	z4:330.6688	1	4	1314.63252	329.66541	3.4653e5	1	1
396.19821	24.3780	24.3780	24.4332	1	z1:396.1982	1	1	395.19094	396.19821	3.4561e5	1	1
334.16089	24.0440	24.1215	24.1522	4	z4:334.1609	1	4	1330.60774	333.65921	3.4524e5	1	1
363.73398	24.7448	24.7448	24.8227	4	z4:363.7340	1	4	1446.89339	362.73062	3.4514e5	1	1
560.25592	24.6553	24.6553	24.7448	6	z6:560.2559	1	6	3347.46502	558.91811	3.4504e5	1	1
519.75085	24.9363	24.9632	24.9632	4	z4:519.7509	1	4	2070.96089	518.74750	3.4478e5	1	1
432.18414	24.2253	24.2738	24.3087	4	z4:432.1841	1	4	1722.70076	431.68247	3.4476e5	1	1
991.47565	24.7448	24.7448	24.7837	2	z2:991.4756	1	2	1976.92332	989.46894	3.4451e5	1	1
1358.69360	24.8227	24.9125	24.9125	1	z1:1358.6936	1	1	1355.67962	1356.68689	3.4428e5	1	1
1498.32776	24.5637	24.6205	24.6205	3	z3:1498.3278	1	3	4476.91112	1493.31098	3.4342e5	1	1
367.18259	24.4332	24.4332	24.5127	2	z2:367.1826	1	2	730.34391	366.17923	3.4307e5	1	1
596.28546	24.3432	24.3780	24.3780	1	z1:596.2855	1	1	593.27148	594.27875	3.4248e5	1	1
324.69510	24.6553	24.6987	24.7448	4	z4:324.6951	1	4	1290.73787	323.69174	3.4239e5	1	1
351.17691	24.3780	24.3780	24.4332	2	z2:351.1769	1	2	698.33256	350.17356	3.4186e5	1	1
852.46082	24.9363	24.9632	24.9632	2	z2:852.4608	1	2	1698.89366	850.45411	3.3998e5	1	1
333.67557	24.5127	24.5127	24.5637	4	z4:333.6756	1	4	1328.66645	333.17389	3.3984e5	1	1
442.19797	24.9125	24.9125	24.9632	2	z2:442.1980	1	2	880.37467	441.19461	3.3970e5	1	1
475.20950	24.7837	24.8227	24.8227	4	z4:475.2095	1	4	1894.80220	474.70783	3.3964e5	1	1
651.27448	24.3087	24.3780	24.4332	1	z1:651.2745	1	1	648.26049	649.26777	3.3947e5	1	1
482.76657	24.3432	24.4332	24.4332	4	z4:482.7666	1	4	1921.01705	481.26154	3.3920e5	1	1
370.18500	24.0440	24.0783	24.0783	4	z4:370.1850	1	4	1472.69747	369.18164	3.3835e5	1	1
433.20609	24.6205	24.6205	24.7448	2	z2:433.2061	1	2	862.39091	432.20273	3.3805e5	1	1
604.26776	24.3780	24.4332	24.4332	2	z2:604.2678	1	2	1204.51426	603.26441	3.3681e5	1	1
300.67065	24.9125	24.9125	24.9632	4	z4:300.6707	1	4	1198.65351	300.67065	3.3614e5	1	1
471.73917	24.3087	24.3432	24.3432	4	z4:471.7392	1	4	1878.91414	470.73581	3.3559e5	1	1
863.40808	24.8227	24.8227	24.8730	4	z4:863.4081	1	4	3439.56967	860.89969	3.3452e5	1	1
330.68240	24.7448	24.8730	24.8730	4	z4:330.6824	1	4	1316.69380	330.18073	3.3402e5	1	1
581.18506	24.6987	24.7448	24.7448	6	z6:581.1851	1	6	3473.03985	579.84725	3.3387e5	1	1
348.68753	24.0440	24.1522	24.1867	4	z4:348.6875	1	4	1390.72102	348.68753	3.3372e5	1	1
523.23804	24.7448	24.7448	24.7837	5	z5:523.2380	1	5	2603.12696	521.63267	3.3348e5	1	1
311.18503	24.8730	24.9363	24.9363	3	z3:311.1850	1	3	927.52319	310.18167	3.3332e5	1	1
445.24042	24.1522	24.2253	24.3432	1	z1:445.2404	1	1	443.22979	444.23706	3.3191e5	1	1
387.69363	24.9125	24.9125	24.9632	4	z4:387.6936	1	4	1544.73872	387.19196	3.3148e5	1	1
1117.25415	24.0440	24.0440	24.1215	3	z3:1117.2542	1	3	3340.71378	1114.57854	3.3048e5	1	1
634.32715	24.7448	24.7837	24.8227	2	z2:634.3271	1	2	1264.63303	633.32379	3.2973e5	1	1
656.75665	24.9363	24.9632	24.9632	5	z5:656.7567	1	5	3270.72004	655.15129	3.2916e5	1	1
856.41486	24.2253	24.2253	24.2738	1	z1:856.4149	1	1	853.40087	854.40815	3.2833e5	1	1
495.25583	24.6205	24.6553	24.6553	4	z4:495.2558	1	4	1970.97408	493.75080	3.2816e5	1	1
1495.31921	24.9125	24.9363	24.9632	3	z3:1495.3192	1	3	4467.88549	1490.30244	3.2789e5	1	1
442.71667	24.0440	24.0783	24.0783	4	z4:442.7167	1	4	1760.81746	441.21164	3.2718e5	1	1
526.24927	24.4332	24.4808	24.5127	1	z1:526.2493	1	1	525.24199	526.24927	3.2675e5	1	1
396.66794	24.1867	24.2253	24.2253	4	z4:396.6679	1	4	1578.62923	395.66458	3.2548e5	1	1
557.24921	24.5637	24.6205	24.6205	4	z4:557.2492	1	4	2216.94088	555.24250	3.2495e5	1	1
458.71732	24.1867	24.2738	24.3087	1	z1:458.7173	1	1	456.70668	457.71396	3.2488e5	1	1
369.22479	24.7448	24.7837	24.8227	5	z5:369.2248	1	5	1837.07416	368.42211	3.2439e5	1	1
616.27466	24.6987	24.6987	24.7448	2	z2:616.2747	1	2	1228.52805	615.27130	3.2362e5	1	1
442.27530	24.0440	24.1215	24.1867	1	z1:442.2753	1	1	441.26802	442.27530	3.2360e5	1	1
431.70419	24.2253	24.2253	24.2738	2	z2:431.7042	1	2	859.38712	430.70084	3.2298e5	1	1
769.39325	24.0440	24.0783	24.1215	1	z1:769.3932	1	1	766.37926	767.38654	3.2292e5	1	1
478.26740	24.0783	24.1867	24.2253	1	z1:478.2674	1	1	476.25676	477.26404	3.2278e5	1	1
385.19641	24.6553	24.6553	24.8227	2	z2:385.1964	1	2	767.37491	384.69473	3.2212e5	1	1
515.25830	24.1522	24.1867	24.2253	2	z2:515.2583	1	2	1026.49534	514.25495	3.2186e5	1	1
500.28058	24.0440	24.1522	24.1522	2	z2:500.2806	1	2	996.53989	499.27722	3.2083e5	1	1
473.73926	24.1522	24.1522	24.1867	4	z4:473.7393	1	4	1886.91451	472.73590	3.2020e5	1	1
487.25031	24.7837	24.8227	24.8227	4	z4:487.2503	1	4	1940.95870	486.24695	3.1997e5	1	1
372.22385	24.8730	24.8730	24.9632	4	z4:372.2238	1	4	1478.84615	370.71881	3.1889e5	1	1
360.70212	24.2738	24.3087	24.3087	1	z1:360.7021	1	1	358.69149	359.69876	3.1887e5	1	1
573.27289	24.3087	24.3087	24.3432	1	z1:573.2729	1	1	571.26226	572.26953	3.1842e5	1	1
379.84692	24.2253	24.2253	24.3087	6	z6:379.8469	1	6	2265.01105	378.50912	3.1810e5	1	1
1205.58899	24.6205	24.6553	24.6553	1	z1:1205.5890	1	1	1202.57500	1203.58228	3.1531e5	1	1
417.20850	24.6205	24.6205	24.7448	6	z6:417.2085	1	6	2493.19390	416.53959	3.1526e5	1	1
415.22891	24.1215	24.1867	24.2253	4	z4:415.2289	1	4	1652.87312	414.22556	3.1518e5	1	1
350.22897	24.7837	24.7837	24.8227	4	z4:350.2290	1	4	1394.88008	349.72730	3.1432e5	1	1
818.38416	24.0783	24.1215	24.1522	1	z1:818.3842	1	1	815.37017	816.37745	3.1380e5	1	1
647.79059	24.7448	24.7837	24.7837	2	z2:647.7906	1	2	1290.55656	646.28556	3.1379e5	1	1
1022.46973	24.5637	24.6553	24.6553	2	z2:1022.4697	1	2	2038.91148	1020.46302	3.1338e5	1	1
427.17834	24.9125	24.9125	24.9363	4	z4:427.1783	1	4	1698.66414	425.67331	3.1173e5	1	1
814.34772	24.7448	24.7448	24.7837	3	z3:814.3477	1	3	2431.99448	811.67210	3.1151e5	1	1
355.18436	24.0440	24.0440	24.0783	1	z1:355.1844	1	1	355.18044	356.18771	3.1132e5	1	1
487.26248	24.4808	24.4808	24.6205	2	z2:487.2625	1	2	970.50370	486.25913	3.1067e5	1	1
591.26147	24.4808	24.5637	24.6205	2	z2:591.2615	1	2	1177.49833	589.75644	3.1036e5	1	1
577.31866	24.1867	24.1867	24.2253	2	z2:577.3187	1	2	1150.61607	576.31531	3.1011e5	1	1
766.32617	24.4332	24.4332	24.5127	1	z1:766.3262	1	1	763.31219	764.31946	3.0962e5	1	1
775.39520	24.1867	24.2253	24.2253	1	z1:775.3952	1	1	772.38122	773.38849	3.0935e5	1	1
534.76233	24.3087	24.3780	24.3780	2	z2:534.7623	1	2	1064.50004	533.25730	3.0935e5	1	1
416.71790	24.9125	24.9125	24.9632	4	z4:416.7179	1	4	1656.82235	415.21286	3.0932e5	1	1
303.64743	24.4332	24.4332	24.5637	1	z1:303.6474	1	1	302.64015	303.64743	3.0901e5	1	1
560.23090	24.6987	24.7448	24.7448	1	z1:560.2309	1	1	557.21691	558.22419	3.0869e5	1	1
387.23254	24.8227	24.8227	24.9125	6	z6:387.2325	1	6	2307.31806	385.56029	3.0869e5	1	1
442.26474	24.9125	24.9632	24.9632	1	z1:442.2647	1	1	441.25746	442.26474	3.0850e5	1	1
363.69727	24.9363	24.9632	24.9632	4	z4:363.6973	1	4	1446.74654	362.69391	3.0849e5	1	1
455.72150	24.2738	24.3432	24.3432	1	z1:455.7215	1	1	454.71422	455.72150	3.0801e5	1	1
366.71249	24.6205	24.6553	24.6987	2	z2:366.7125	1	2	728.40037	365.20746	3.0789e5	1	1
627.78943	24.0440	24.0440	24.0783	5	z5:627.7894	1	5	3125.88392	626.18406	3.0674e5	1	1
479.72900	24.0783	24.1215	24.1215	4	z4:479.7290	1	4	1910.87349	478.72565	3.0671e5	1	1
694.33777	24.9125	24.9632	24.9632	5	z5:694.3378	1	5	3454.61220	691.92972	3.0618e5	1	1
437.21973	24.3432	24.4332	24.4808	2	z2:437.2197	1	2	869.41484	435.71469	3.0587e5	1	1
417.19080	24.9363	24.9632	24.9632	4	z4:417.1908	1	4	1662.72737	416.68912	3.0568e5	1	1
644.31610	24.6987	24.6987	24.7448	1	z1:644.3161	1	1	641.30211	642.30939	3.0522e5	1	1
345.23108	24.0440	24.1215	24.1215	4	z4:345.2311	1	4	1374.88850	344.72940	3.0501e5	1	1
781.38513	24.8730	24.9125	24.9125	2	z2:781.3851	1	2	1556.74229	779.37842	3.0483e5	1	1
400.22900	24.7837	24.8730	24.8730	4	z4:400.2290	1	4	1592.87349	399.22565	3.0409e5	1	1
352.67609	24.6553	24.6553	24.6987	2	z2:352.6761	1	2	702.33427	352.17441	3.0402e5	1	1
792.41071	24.9125	24.9632	24.9632	2	z2:792.4107	1	2	1578.79344	790.40400	3.0379e5	1	1
387.70227	24.8730	24.8730	24.9125	6	z6:387.7023	1	6	2315.15319	386.86614	3.0376e5	1	1
1216.47266	24.7837	24.8227	24.8227	2	z2:1216.4727	1	2	2423.90728	1212.96091	3.0349e5	1	1
372.69778	24.2253	24.3087	24.3087	4	z4:372.6978	1	4	1484.75532	372.19611	3.0337e5	1	1
868.42407	24.6553	24.6987	24.6987	1	z1:868.4241	1	1	865.41009	866.41736	3.0274e5	1	1
715.03741	24.3780	24.3780	24.4332	6	z6:715.0374	1	6	4270.13386	712.69625	3.0142e5	1	1
449.19077	24.5127	24.5637	24.6205	3	z3:449.1908	1	3	1342.54376	448.52186	3.0119e5	1	1
648.31110	24.0440	24.0440	24.1522	1	z1:648.3111	1	1	645.29711	646.30439	3.0096e5	1	1
604.29303	24.7448	24.7837	24.7837	4	z4:604.2930	1	4	2407.12288	602.78800	3.0088e5	1	1
383.18338	24.7837	24.9125	24.9125	6	z6:383.1834	1	6	2285.02978	381.84557	3.0037e5	1	1
428.68011	24.5637	24.6553	24.6987	4	z4:428.6801	1	4	1706.67793	427.67676	3.0003e5	1	1
545.25439	24.3780	24.4332	24.4332	1	z1:545.2544	1	1	545.25047	546.25775	2.9965e5	1	1
561.26941	24.6205	24.6205	24.6553	2	z2:561.2694	1	2	1118.51756	560.26605	2.9939e5	1	1
682.31561	24.7448	24.7448	24.8730	4	z4:682.3156	1	4	2719.21322	680.81058	2.9913e5	1	1
399.68198	24.6553	24.7448	24.7448	4	z4:399.6820	1	4	1592.69209	399.18030	2.9862e5	1	1
388.71957	24.2253	24.3087	24.3087	4	z4:388.7196	1	4	1544.82906	387.21454	2.9861e5	1	1
473.34406	24.2738	24.2738	24.3432	5	z5:473.3441	1	5	2353.65705	471.73869	2.9858e5	1	1
345.17657	24.9363	24.9632	24.9632	3	z3:345.1766	1	3	1030.50119	344.50767	2.9854e5	1	1
395.71893	24.6987	24.6987	24.7837	2	z2:395.7189	1	2	787.41660	394.71558	2.9851e5	1	1
529.24280	24.5637	24.6205	24.6205	1	z1:529.2428	1	1	528.23552	529.24280	2.9817e5	1	1
598.26544	24.4332	24.5127	24.5127	2	z2:598.2654	1	2	1192.50962	597.26209	2.9789e5	1	1
727.91272	24.2738	24.2738	24.3780	3	z3:727.9127	1	3	2174.69620	725.90601	2.9712e5	1	1
510.25491	24.0440	24.0783	24.1215	1	z1:510.2549	1	1	509.24764	510.25491	2.9699e5	1	1
1443.74487	24.7448	24.8227	24.8227	2	z2:1443.7449	1	2	2877.44835	1439.73145	2.9679e5	1	1
457.20279	24.5127	24.5127	24.5637	1	z1:457.2028	1	1	456.19551	457.20279	2.9652e5	1	1
510.23096	24.0440	24.1215	24.1215	1	z1:510.2310	1	1	509.22368	510.23096	2.9649e5	1	1
533.25629	24.0440	24.1215	24.1215	2	z2:533.2563	1	2	1062.49131	532.25293	2.9596e5	1	1
536.31696	24.5127	24.5127	24.5637	2	z2:536.3170	1	2	1068.61265	535.31360	2.9575e5	1	1
487.32346	24.9363	24.9363	24.9632	6	z6:487.3235	1	6	2907.86353	485.65120	2.9545e5	1	1
487.74646	24.9125	24.9125	24.9632	2	z2:487.7465	1	2	970.46830	486.24143	2.9540e5	1	1
409.18002	24.6553	24.6553	24.7837	1	z1:409.1800	1	1	408.17275	409.18002	2.9534e5	1	1
468.73398	24.6553	24.6987	24.6987	4	z4:468.7340	1	4	1864.88668	467.22895	2.9526e5	1	1
447.23138	24.1867	24.1867	24.2738	2	z2:447.2314	1	2	891.44486	446.72971	2.9519e5	1	1
1462.69800	24.3432	24.3780	24.3780	2	z2:1462.6980	1	2	2915.35460	1458.68458	2.9442e5	1	1
1498.73328	24.1867	24.2253	24.2253	3	z3:1498.7333	1	3	4480.13439	1494.38541	2.9438e5	1	1
421.70889	24.6205	24.6205	24.6987	1	z1:421.7089	1	1	419.69826	420.70554	2.9413e5	1	1
540.75323	24.1215	24.1522	24.1867	6	z6:540.7532	1	6	3230.44891	539.41543	2.9376e5	1	1
493.74139	24.0440	24.0783	24.0783	4	z4:493.7414	1	4	1968.92976	493.23972	2.9336e5	1	1
310.15054	24.6987	24.6987	24.7837	4	z4:310.1505	1	4	1234.56636	309.64887	2.9332e5	1	1
375.14423	24.0783	24.1867	24.2253	6	z6:375.1442	1	6	2236.79486	373.80642	2.9173e5	1	1
305.16046	24.3432	24.3432	24.3780	2	z2:305.1605	1	2	606.29966	304.15711	2.9153e5	1	1
346.20746	24.4808	24.4808	24.5127	4	z4:346.2075	1	4	1378.79402	345.70578	2.9145e5	1	1
476.22488	24.1215	24.1867	24.1867	2	z2:476.2249	1	2	948.42851	475.22153	2.8951e5	1	1
680.27301	24.7448	24.7448	24.7837	3	z3:680.2730	1	3	2033.78378	678.93520	2.8942e5	1	1
1071.48999	24.7837	24.8227	24.8227	3	z3:1071.4900	1	3	3203.42130	1068.81438	2.8900e5	1	1
495.29956	24.7448	24.7448	24.7837	5	z5:495.2996	1	5	2462.43123	493.49352	2.8857e5	1	1
747.34900	24.4808	24.5127	24.5127	2	z2:747.3490	1	2	1488.67003	745.34229	2.8830e5	1	1
1111.50537	24.2738	24.2738	24.3432	2	z2:1111.5054	1	2	2214.97606	1108.49531	2.8760e5	1	1
409.69809	24.9363	24.9632	24.9632	2	z2:409.6981	1	2	815.37492	408.69473	2.8735e5	1	1
656.77252	24.3432	24.3432	24.3780	5	z5:656.7725	1	5	3268.79268	654.76581	2.8727e5	1	1
339.66788	24.5637	24.7448	24.7448	2	z2:339.6679	1	2	675.31449	338.66452	2.8636e5	1	1
331.20901	24.6553	24.8227	24.8227	2	z2:331.2090	1	2	658.39677	330.20566	2.8594e5	1	1
552.27777	24.2253	24.3432	24.3432	1	z1:552.2778	1	1	550.26714	551.27442	2.8582e5	1	1
391.18246	24.4332	24.4332	24.5637	1	z1:391.1825	1	1	390.17519	391.18246	2.8567e5	1	1
366.20490	24.1215	24.1867	24.1867	4	z4:366.2049	1	4	1458.78376	365.70322	2.8560e5	1	1
581.78107	24.3432	24.3780	24.3780	6	z6:581.7811	1	6	3476.61590	580.44326	2.8558e5	1	1
581.21149	24.6205	24.6205	24.6553	5	z5:581.2115	1	5	2892.99421	579.60612	2.8492e5	1	1
377.17719	24.5127	24.5127	24.5637	1	z1:377.1772	1	1	376.16991	377.17719	2.8480e5	1	1
663.33997	24.0440	24.1215	24.1215	1	z1:663.3400	1	1	659.32262	660.32990	2.8442e5	1	1
805.40875	24.2738	24.3432	24.3432	1	z1:805.4088	1	1	803.39812	804.40540	2.8435e5	1	1
315.71277	24.6987	24.7837	24.7837	4	z4:315.7128	1	4	1258.82197	315.71277	2.8307e5	1	1
364.82004	24.6553	24.7837	24.8730	3	z3:364.8200	1	3	1089.43157	364.15113	2.8284e5	1	1
348.06961	24.2253	24.3087	24.3087	5	z5:348.0696	1	5	1729.29154	346.86558	2.8217e5	1	1
512.24445	24.5637	24.5637	24.6987	2	z2:512.2444	1	2	1020.46763	511.24109	2.8191e5	1	1
382.67093	24.3780	24.3780	24.4808	1	z1:382.6709	1	1	381.66365	382.67093	2.8063e5	1	1
587.26746	24.9363	24.9632	24.9632	2	z2:587.2675	1	2	1170.51365	586.26410	2.8047e5	1	1
671.33527	24.8730	24.8730	24.9125	3	z3:671.3353	1	3	2005.96719	669.66301	2.8013e5	1	1
953.41040	24.7448	24.8227	24.8227	2	z2:953.4104	1	2	1900.79283	951.40369	2.7966e5	1	1
382.17642	24.2738	24.2738	24.3087	2	z2:382.1764	1	2	760.33158	381.17307	2.7923e5	1	1
565.29779	24.8730	24.9125	24.9363	2	z2:565.2978	1	2	1126.57432	564.29444	2.7917e5	1	1
399.19785	24.8730	24.9363	24.9363	2	z2:399.1978	1	2	794.37443	398.19449	2.7878e5	1	1
840.43475	24.5127	24.5127	24.5637	2	z2:840.4348	1	2	1674.84153	838.42804	2.7852e5	1	1
333.67673	24.3087	24.3087	24.3780	4	z4:333.6767	1	4	1326.66438	332.67337	2.7799e5	1	1
792.37280	24.0440	24.1215	24.1215	2	z2:792.3728	1	2	1578.71763	790.36609	2.7715e5	1	1
756.36108	24.7837	24.7837	24.8227	1	z1:756.3611	1	1	753.34710	754.35437	2.7660e5	1	1
544.74005	24.8730	24.9125	24.9125	6	z6:544.7401	1	6	3252.36310	543.06779	2.7653e5	1	1
695.37585	24.6987	24.8227	24.8227	1	z1:695.3759	1	1	692.36187	693.36914	2.7623e5	1	1
430.22864	24.4332	24.4332	24.5127	1	z1:430.2286	1	1	429.22136	430.22864	2.7578e5	1	1
331.68552	24.3087	24.3087	24.3780	4	z4:331.6855	1	4	1322.71296	331.68552	2.7430e5	1	1
499.19577	24.0440	24.1867	24.2253	2	z2:499.1958	1	2	994.37028	498.19242	2.7419e5	1	1
420.69150	24.1867	24.1867	24.2253	4	z4:420.6915	1	4	1676.73018	420.18982	2.7361e5	1	1
619.29156	24.1522	24.1867	24.1867	1	z1:619.2916	1	1	617.28093	618.28821	2.7255e5	1	1
1252.61511	24.7448	24.7448	24.8227	1	z1:1252.6151	1	1	1249.60113	1250.60840	2.7245e5	1	1
319.82526	24.7837	24.7837	24.8227	3	z3:319.8253	1	3	955.45058	319.49080	2.7096e5	1	1
424.21664	24.8227	24.8730	24.8730	1	z1:424.2166	1	1	423.20937	424.21664	2.7032e5	1	1
325.15207	24.6553	24.6987	24.7837	5	z5:325.1521	1	5	1616.71054	324.34939	2.7025e5	1	1
739.37354	24.0440	24.0783	24.0783	1	z1:739.3735	1	1	736.35955	737.36683	2.7022e5	1	1
1189.57043	24.6205	24.6987	24.6987	1	z1:1189.5704	1	1	1186.55645	1187.56372	2.6967e5	1	1
602.36127	24.1867	24.3432	24.3432	1	z1:602.3613	1	1	599.34728	600.35456	2.6856e5	1	1
672.30243	24.6987	24.7448	24.7837	2	z2:672.3024	1	2	1340.58360	671.29907	2.6829e5	1	1
440.71204	24.3087	24.3780	24.3780	4	z4:440.7120	1	4	1756.81233	440.21036	2.6807e5	1	1
728.30988	24.8730	24.8730	24.9125	2	z2:728.3099	1	2	1450.59178	726.30317	2.6802e5	1	1
352.68109	24.9363	24.9363	24.9632	4	z4:352.6811	1	4	1402.68184	351.67774	2.6782e5	1	1
425.23859	24.9363	24.9632	24.9632	2	z2:425.2386	1	2	846.45591	424.23523	2.6696e5	1	1
466.75024	24.6987	24.7448	24.7448	2	z2:466.7502	1	2	928.47587	465.24521	2.6692e5	1	1
1447.70154	24.2253	24.3087	24.3087	1	z1:1447.7015	1	1	1441.67749	1442.68476	2.6689e5	1	1
719.31891	24.0440	24.0440	24.0783	1	z1:719.3189	1	1	717.30828	718.31555	2.6644e5	1	1
1256.63660	24.9125	24.9363	24.9363	1	z1:1256.6366	1	1	1253.62261	1254.62989	2.6636e5	1	1
375.70218	24.2253	24.3087	24.3087	2	z2:375.7022	1	2	748.38645	375.20050	2.6595e5	1	1
650.79742	24.8730	24.9125	24.9125	2	z2:650.7974	1	2	1297.57359	649.79407	2.6551e5	1	1
340.68964	24.2253	24.3087	24.3087	1	z1:340.6896	1	1	338.67900	339.68628	2.6482e5	1	1
658.24091	24.0440	24.1867	24.1867	2	z2:658.2409	1	2	1312.46055	657.23755	2.6465e5	1	1
1498.44836	24.8227	24.8227	24.9125	3	z3:1498.4484	1	3	4477.27294	1493.43159	2.6459e5	1	1
345.66898	24.1215	24.1867	24.1867	6	z6:345.6690	1	6	2063.95678	345.00007	2.6436e5	1	1
336.17096	24.4808	24.4808	24.5637	6	z6:336.1710	1	6	2008.97539	335.83651	2.6432e5	1	1
690.34216	24.0440	24.0440	24.1215	2	z2:690.3422	1	2	1376.66306	689.33881	2.6404e5	1	1
563.75458	24.1215	24.1215	24.1522	4	z4:563.7546	1	4	2244.96908	562.24955	2.6397e5	1	1
399.17978	24.2253	24.3087	24.3087	2	z2:399.1798	1	2	794.33830	398.17642	2.6377e5	1	1
550.26532	24.8730	24.9363	24.9632	1	z1:550.2653	1	1	549.25804	550.26532	2.6337e5	1	1
433.18564	24.0440	24.0440	24.0783	1	z1:433.1856	1	1	432.17836	433.18564	2.6303e5	1	1
816.45471	24.3432	24.3432	24.3780	1	z1:816.4547	1	1	813.44073	814.44800	2.6287e5	1	1
655.35028	24.0440	24.0440	24.1215	4	z4:655.3503	1	4	2611.35189	653.84525	2.6269e5	1	1
442.69556	24.1867	24.1867	24.2253	2	z2:442.6956	1	2	881.36985	441.69220	2.6260e5	1	1
531.27509	24.9363	24.9632	24.9632	1	z1:531.2751	1	1	531.27116	532.27844	2.6228e5	1	1
363.18677	24.8730	24.8730	24.9125	1	z1:363.1868	1	1	362.17949	363.18677	2.6189e5	1	1
664.64905	24.3780	24.5127	24.5127	3	z3:664.6490	1	3	1986.91189	663.31124	2.6159e5	1	1
556.27136	24.5637	24.6205	24.6205	6	z6:556.2714	1	6	3323.55768	554.93356	2.6138e5	1	1
488.25562	24.4332	24.4332	24.4808	2	z2:488.2556	1	2	972.48997	487.25226	2.6087e5	1	1
394.18271	24.8227	24.9125	24.9125	6	z6:394.1827	1	6	2351.02575	392.84490	2.6083e5	1	1
1498.25110	24.8227	24.8730	24.9125	2	z2:1498.2511	1	2	2986.46081	1494.23768	2.5987e5	1	1
449.73080	24.4332	24.4332	24.4808	5	z5:449.7308	1	5	2237.59751	448.52678	2.5948e5	1	1
410.66959	24.3087	24.3432	24.3432	2	z2:410.6696	1	2	817.31791	409.66623	2.5926e5	1	1
1457.76453	24.9363	24.9632	24.9632	1	z1:1457.7645	1	1	1452.74383	1453.75111	2.5925e5	1	1
442.71313	24.6987	24.7448	24.7448	2	z2:442.7131	1	2	882.40836	442.21146	2.5923e5	1	1
928.46680	24.8730	24.8730	24.9363	1	z1:928.4668	1	1	924.44946	925.45673	2.5912e5	1	1
592.27588	24.1867	24.1867	24.2738	4	z4:592.2759	1	4	2359.05428	590.77085	2.5860e5	1	1
1388.41797	24.7837	24.8730	24.8730	4	z4:1388.4180	1	4	5533.58909	1384.40455	2.5708e5	1	1
357.70544	24.5127	24.5637	24.5637	5	z5:357.7054	1	5	1778.47407	356.70209	2.5629e5	1	1
553.30902	24.0783	24.1215	24.1215	1	z1:553.3090	1	1	553.30510	554.31238	2.5622e5	1	1
1443.65161	24.1215	24.1215	24.2253	1	z1:1443.6516	1	1	1437.62756	1438.63484	2.5569e5	1	1
499.27164	24.3780	24.3780	24.4808	2	z2:499.2716	1	2	994.52201	498.26828	2.5554e5	1	1
466.75595	24.1215	24.1522	24.1867	2	z2:466.7560	1	2	929.49064	465.75260	2.5547e5	1	1
913.42493	24.6553	24.6553	24.6987	2	z2:913.4249	1	2	1820.82188	911.41822	2.5479e5	1	1
501.31378	24.0440	24.0440	24.1522	5	z5:501.3138	1	5	2493.50569	499.70841	2.5446e5	1	1
728.19849	24.9125	24.9363	24.9363	5	z5:728.1985	1	5	3625.92250	726.19178	2.5436e5	1	1
312.69424	24.9125	24.9125	24.9632	4	z4:312.6942	1	4	1244.74116	312.19257	2.5420e5	1	1
697.29553	24.4332	24.4808	24.4808	3	z3:697.2955	1	3	2084.85135	695.95773	2.5393e5	1	1
394.18567	24.7448	24.7448	24.7837	2	z2:394.1857	1	2	784.35008	393.18231	2.5352e5	1	1
345.69205	24.8730	24.9125	24.9125	2	z2:345.6920	1	2	686.35948	344.18701	2.5351e5	1	1
1465.77820	24.6205	24.6553	24.6553	1	z1:1465.7782	1	1	1460.75750	1461.76478	2.5325e5	1	1
455.23486	24.6205	24.6205	24.6553	4	z4:455.2349	1	4	1810.89022	453.72983	2.5267e5	1	1
315.16678	24.1215	24.1215	24.2253	1	z1:315.1668	1	1	314.15950	315.16678	2.5188e5	1	1
351.71088	24.0783	24.2253	24.2253	4	z4:351.7109	1	4	1398.80098	350.70752	2.5135e5	1	1
444.21985	24.8730	24.8730	24.9363	2	z2:444.2198	1	2	885.42179	443.71817	2.5104e5	1	1
405.17227	24.6987	24.6987	24.7837	2	z2:405.1723	1	2	806.32328	404.16892	2.5091e5	1	1
342.21298	24.5637	24.6205	24.6205	1	z1:342.2130	1	1	342.20906	343.21634	2.5082e5	1	1
681.33008	24.5127	24.6205	24.6205	4	z4:681.3301	1	4	2711.25766	678.82169	2.5079e5	1	1
352.66357	24.6553	24.6553	24.7837	6	z6:352.6636	1	6	2103.91766	351.66022	2.4992e5	1	1
379.23508	24.8730	24.9125	24.9632	2	z2:379.2351	1	2	753.44554	377.73004	2.4953e5	1	1
460.71912	24.5637	24.5637	24.6553	1	z1:460.7191	1	1	459.71184	460.71912	2.4936e5	1	1
409.25980	24.3432	24.3780	24.4332	4	z4:409.2598	1	4	1628.99666	408.25644	2.4854e5	1	1
639.51685	24.0440	24.1215	24.1215	4	z4:639.5168	1	4	2546.01144	637.51014	2.4811e5	1	1
488.26990	24.8730	24.9363	24.9632	2	z2:488.2699	1	2	972.51853	487.26654	2.4798e5	1	1
504.32141	24.0440	24.0783	24.1215	3	z3:504.3214	1	3	1504.92563	502.64915	2.4629e5	1	1
321.20740	24.4808	24.4808	24.5127	4	z4:321.2074	1	4	1276.78706	320.20404	2.4541e5	1	1
544.26477	24.0440	24.0783	24.0783	5	z5:544.2648	1	5	2712.27405	543.46209	2.4536e5	1	1
397.20132	24.0440	24.0783	24.0783	4	z4:397.2013	1	4	1580.76277	396.19797	2.4502e5	1	1
383.23865	24.3780	24.4332	24.5127	2	z2:383.2386	1	2	762.45603	382.23529	2.4502e5	1	1
365.66138	24.9125	24.9125	24.9632	1	z1:365.6614	1	1	364.65410	365.66138	2.4492e5	1	1
400.20630	24.0440	24.0783	24.0783	1	z1:400.2063	1	1	399.19902	400.20630	2.4463e5	1	1
596.26624	24.0783	24.1215	24.1215	1	z1:596.2662	1	1	593.25225	594.25953	2.4438e5	1	1
409.70279	24.8730	24.8730	24.9125	2	z2:409.7028	1	2	816.38767	409.20111	2.4430e5	1	1
656.73755	24.0440	24.1522	24.1522	5	z5:656.7375	1	5	3270.62452	655.13218	2.4430e5	1	1
340.99039	24.9363	24.9363	24.9632	3	z3:340.9904	1	3	1017.94262	340.32148	2.4356e5	1	1
410.70575	24.9363	24.9363	24.9632	4	z4:410.7057	1	4	1632.77376	409.20072	2.4344e5	1	1
361.17624	24.5637	24.6553	24.6553	3	z3:361.1762	1	3	1079.50353	360.84179	2.4314e5	1	1
553.27216	24.6205	24.6553	24.6553	1	z1:553.2722	1	1	552.26488	553.27216	2.4303e5	1	1
318.83237	24.9125	24.9632	24.9632	6	z6:318.8324	1	6	1900.93041	317.82901	2.4299e5	1	1
972.45575	24.5127	24.5637	24.5637	1	z1:972.4557	1	1	969.44176	970.44904	2.4246e5	1	1
1167.61035	24.3432	24.3432	24.3780	3	z3:1167.6104	1	3	3490.77903	1164.60029	2.4215e5	1	1
403.26541	24.4332	24.4332	24.5637	3	z3:403.2654	1	3	1203.76434	402.26206	2.4200e5	1	1
1498.40442	24.6987	24.7837	24.8730	2	z2:1498.4044	1	2	2985.76409	1493.88932	2.4197e5	1	1
750.38025	24.8730	24.8730	24.9125	1	z1:750.3802	1	1	747.36626	748.37354	2.4144e5	1	1
351.18188	24.3087	24.3432	24.3432	4	z4:351.1819	1	4	1396.68501	350.17853	2.4064e5	1	1
499.26111	24.5637	24.6205	24.6205	2	z2:499.2611	1	2	994.50095	498.25775	2.4032e5	1	1
466.22870	24.0440	24.0783	24.1215	4	z4:466.2287	1	4	1858.87898	465.72702	2.4023e5	1	1
313.17322	24.5127	24.6205	24.6553	1	z1:313.1732	1	1	312.16594	313.17322	2.3998e5	1	1
962.46179	24.9363	24.9632	24.9632	2	z2:962.4618	1	2	1918.89561	960.45508	2.3995e5	1	1
768.41046	24.6553	24.6987	24.6987	1	z1:768.4105	1	1	765.39648	766.40375	2.3955e5	1	1
1120.54907	24.8227	24.8227	24.9125	3	z3:1120.5491	1	3	3348.59184	1117.20456	2.3932e5	1	1
1227.58582	24.5637	24.6553	24.6553	1	z1:1227.5858	1	1	1224.57183	1225.57911	2.3917e5	1	1
445.25107	24.0440	24.0440	24.0783	1	z1:445.2511	1	1	445.24715	446.25442	2.3889e5	1	1
517.23938	24.6205	24.6205	24.6553	2	z2:517.2394	1	2	1030.45750	516.23603	2.3794e5	1	1
457.73148	24.9363	24.9632	24.9632	4	z4:457.7315	1	4	1822.88338	456.72812	2.3790e5	1	1
676.31824	24.2253	24.3087	24.3087	3	z3:676.3182	1	3	2021.91946	674.98043	2.3778e5	1	1
554.26172	24.4808	24.5127	24.5127	1	z1:554.2617	1	1	553.25444	554.26172	2.3775e5	1	1
528.32397	24.1215	24.1215	24.1867	2	z2:528.3240	1	2	1052.62669	527.32062	2.3673e5	1	1
311.51819	24.7837	24.7837	24.8227	3	z3:311.5182	1	3	930.52938	311.18374	2.3670e5	1	1
458.22583	24.2253	24.2253	24.2738	4	z4:458.2258	1	4	1826.86750	457.72415	2.3648e5	1	1
611.27618	24.0783	24.1215	24.1215	2	z2:611.2762	1	2	1218.53111	610.27283	2.3628e5	1	1
656.37207	24.0440	24.1215	24.1522	2	z2:656.3721	1	2	1308.72288	655.36872	2.3599e5	1	1
313.68478	24.8227	24.8227	24.9125	4	z4:313.6848	1	4	1246.69661	312.68143	2.3581e5	1	1
314.67374	24.0440	24.0440	24.0783	4	z4:314.6737	1	4	1254.66584	314.67374	2.3531e5	1	1
630.08386	24.3087	24.3087	24.3780	4	z4:630.0839	1	4	2510.28621	628.57883	2.3523e5	1	1
378.66229	24.4808	24.5637	24.5637	1	z1:378.6623	1	1	377.65502	378.66229	2.3478e5	1	1
379.71408	24.4332	24.4332	24.4808	2	z2:379.7141	1	2	754.40354	378.20905	2.3469e5	1	1
447.20099	24.8730	24.8730	24.9363	2	z2:447.2010	1	2	890.38071	446.19763	2.3336e5	1	1
321.66357	24.3432	24.4332	24.4332	1	z1:321.6636	1	1	320.65630	321.66357	2.3320e5	1	1
510.27451	24.2738	24.3087	24.3087	1	z1:510.2745	1	1	510.27058	511.27786	2.3259e5	1	1
460.23935	24.8227	24.9632	24.9632	6	z6:460.2393	1	6	2743.35218	458.23264	2.3221e5	1	1
1228.59399	24.1522	24.2738	24.2738	1	z1:1228.5940	1	1	1225.58001	1226.58728	2.3172e5	1	1
1364.99792	24.7448	24.7448	24.8227	1	z1:1364.9979	1	1	1361.98394	1362.99122	2.3086e5	1	1
1063.52380	24.8227	24.8730	24.8730	1	z1:1063.5238	1	1	1060.50982	1061.51709	2.3064e5	1	1
344.67917	24.6987	24.7448	24.7448	4	z4:344.6792	1	4	1374.68757	344.67917	2.3046e5	1	1
337.67697	24.3087	24.3087	24.3432	6	z6:337.6770	1	6	2017.00811	337.17529	2.3038e5	1	1
465.21100	24.7448	24.7837	24.7837	1	z1:465.2110	1	1	464.20372	465.21100	2.2994e5	1	1
375.18680	24.6987	24.7448	24.7448	2	z2:375.1868	1	2	747.35569	374.68512	2.2987e5	1	1
324.65750	24.8227	24.8730	24.9125	2	z2:324.6575	1	2	644.29038	323.15247	2.2985e5	1	1
1137.48364	24.6553	24.7448	24.7448	2	z2:1137.4836	1	2	2266.93260	1134.47358	2.2968e5	1	1
363.67368	24.9125	24.9632	24.9632	2	z2:363.6737	1	2	723.32609	362.67032	2.2948e5	1	1
572.33795	24.4332	24.4808	24.5127	5	z5:572.3380	1	5	2846.61983	570.33124	2.2931e5	1	1
397.20432	24.7448	24.7837	24.7837	3	z3:397.2043	1	3	1185.58105	396.20096	2.2931e5	1	1
613.32855	24.4332	24.4332	24.5127	2	z2:613.3286	1	2	1223.63920	612.82687	2.2895e5	1	1
1321.68750	24.2738	24.2738	24.3087	2	z2:1321.6875	1	2	2635.34032	1318.67744	2.2868e5	1	1
937.40845	24.3780	24.3780	24.4332	2	z2:937.4084	1	2	1868.78892	935.40174	2.2867e5	1	1
1155.49487	24.7448	24.7837	24.7837	3	z3:1155.4949	1	3	3455.43595	1152.81926	2.2861e5	1	1
469.74789	24.6987	24.6987	24.7837	2	z2:469.7479	1	2	934.47117	468.24286	2.2774e5	1	1
447.20993	24.9363	24.9363	24.9632	1	z1:447.2099	1	1	446.20265	447.20993	2.2740e5	1	1
1433.72388	24.1867	24.1867	24.2253	2	z2:1433.7239	1	2	2857.40636	1429.71046	2.2708e5	1	1
363.68286	24.2738	24.3432	24.3780	2	z2:363.6829	1	2	724.34781	363.18118	2.2699e5	1	1
1100.47791	24.0783	24.1215	24.1522	1	z1:1100.4779	1	1	1097.46392	1098.47120	2.2696e5	1	1
346.18314	24.0440	24.0440	24.0783	4	z4:346.1831	1	4	1380.70344	346.18314	2.2692e5	1	1
525.31317	24.1867	24.3087	24.3087	1	z1:525.3132	1	1	525.30925	526.31653	2.2686e5	1	1
1499.81897	24.3432	24.3432	24.4332	2	z2:1499.8190	1	2	2988.59319	1495.30387	2.2682e5	1	1
491.23889	24.6987	24.7448	24.7837	2	z2:491.2389	1	2	978.45652	490.23554	2.2588e5	1	1
410.17633	24.2738	24.3432	24.3432	2	z2:410.1763	1	2	817.33475	409.67465	2.2553e5	1	1
545.25201	24.0440	24.0783	24.1215	1	z1:545.2520	1	1	544.24474	545.25201	2.2533e5	1	1
1388.60376	24.4808	24.6205	24.6205	3	z3:1388.6038	1	3	4149.74584	1384.25589	2.2491e5	1	1
468.22058	24.1215	24.1215	24.2253	2	z2:468.2206	1	2	932.41990	467.21723	2.2431e5	1	1
301.66595	24.6553	24.6553	24.6987	4	z4:301.6660	1	4	1202.63471	301.66595	2.2418e5	1	1
336.67456	24.0440	24.0440	24.0783	1	z1:336.6746	1	1	335.66728	336.67456	2.2405e5	1	1
442.71490	24.9363	24.9632	24.9632	1	z1:442.7149	1	1	442.71098	443.71826	2.2404e5	1	1
347.23322	24.1215	24.1215	24.1522	6	z6:347.2332	1	6	2071.33550	346.22986	2.2392e5	1	1
428.24951	24.7837	24.7837	24.8227	4	z4:428.2495	1	4	1702.94881	426.74448	2.2382e5	1	1
385.18213	24.2738	24.3432	24.3432	1	z1:385.1821	1	1	384.17485	385.18213	2.2348e5	1	1
958.46356	24.6205	24.6987	24.6987	3	z3:958.4636	1	3	2864.34202	955.78795	2.2346e5	1	1
648.31732	24.4808	24.4808	24.5127	4	z4:648.3173	1	4	2581.21334	646.31061	2.2264e5	1	1
424.73212	24.4808	24.4808	24.5637	4	z4:424.7321	1	4	1688.87923	423.22708	2.2245e5	1	1
325.15649	24.3087	24.3780	24.3780	1	z1:325.1565	1	1	323.14586	324.15314	2.2232e5	1	1
1456.74512	24.2738	24.2738	24.3432	2	z2:1456.7451	1	2	2902.44549	1452.23002	2.2223e5	1	1
377.22009	24.8227	24.8730	24.8730	2	z2:377.2201	1	2	751.42228	376.71842	2.2193e5	1	1
959.51276	24.7448	24.7837	24.7837	2	z2:959.5128	1	2	1912.99754	957.50605	2.2159e5	1	1
1457.02869	24.0783	24.1522	24.2253	1	z1:1457.0287	1	1	1451.00464	1452.01191	2.2153e5	1	1
637.33179	24.6205	24.6205	24.6987	1	z1:637.3318	1	1	634.31780	635.32508	2.2106e5	1	1
448.20319	24.0440	24.1522	24.1522	1	z1:448.2032	1	1	447.19591	448.20319	2.2077e5	1	1
581.56903	24.0440	24.0440	24.1215	6	z6:581.5690	1	6	3473.33698	579.89677	2.2050e5	1	1
458.25919	24.5127	24.5637	24.5637	6	z6:458.2592	1	6	2739.49804	457.59028	2.2034e5	1	1
830.39026	24.1522	24.2253	24.2253	2	z2:830.3903	1	2	1654.75255	828.38355	2.2006e5	1	1
381.16922	24.7448	24.7448	24.7837	6	z6:381.1692	1	6	2274.95153	380.16587	2.1976e5	1	1
656.74707	24.2253	24.2738	24.2738	5	z5:656.7471	1	5	3270.67213	655.14170	2.1896e5	1	1
342.66910	24.7448	24.7448	24.8730	4	z4:342.6691	1	4	1364.64058	342.16742	2.1890e5	1	1
403.18741	24.8730	24.9125	24.9125	1	z1:403.1874	1	1	402.18013	403.18741	2.1829e5	1	1
1406.19983	24.4332	24.4808	24.4808	2	z2:1406.1998	1	2	2801.35491	1401.68473	2.1814e5	1	1
411.22986	24.8730	24.8730	24.9125	1	z1:411.2299	1	1	411.22594	412.23321	2.1788e5	1	1
1235.64526	24.8227	24.9125	24.9125	2	z2:1235.6453	1	2	2463.25585	1232.63520	2.1783e5	1	1
337.67111	24.0783	24.1522	24.1522	4	z4:337.6711	1	4	1344.64863	337.16943	2.1768e5	1	1
396.17737	24.8227	24.9125	24.9363	1	z1:396.1774	1	1	395.17009	396.17737	2.1648e5	1	1
487.76071	24.6553	24.6987	24.6987	5	z5:487.7607	1	5	2423.73363	485.75400	2.1646e5	1	1
324.14865	24.0783	24.0783	24.1215	4	z4:324.1487	1	4	1290.55879	323.64697	2.1646e5	1	1
1496.83875	24.6987	24.7837	24.7837	3	z3:1496.8387	1	3	4472.44408	1491.82197	2.1641e5	1	1
669.10626	24.3087	24.3087	24.3780	5	z5:669.1063	1	5	3328.45467	666.69821	2.1612e5	1	1
720.35144	24.0440	24.0783	24.0783	1	z1:720.3514	1	1	717.33745	718.34473	2.1579e5	1	1
638.28735	24.1522	24.1522	24.2253	2	z2:638.2874	1	2	1272.55344	637.28400	2.1543e5	1	1
553.26233	24.9363	24.9363	24.9632	4	z4:553.2623	1	4	2198.98666	550.75394	2.1516e5	1	1
1472.77917	24.8227	24.8730	24.8730	3	z3:1472.7792	1	3	4400.26537	1467.76240	2.1492e5	1	1
404.70428	24.5637	24.5637	24.6205	4	z4:404.7043	1	4	1612.78132	404.20261	2.1469e5	1	1
377.16611	24.9363	24.9632	24.9632	1	z1:377.1661	1	1	376.15883	377.16611	2.1446e5	1	1
1337.04309	24.7448	24.7448	24.8227	3	z3:1337.0431	1	3	3995.06383	1332.69522	2.1423e5	1	1
410.70575	24.7448	24.7448	24.8227	1	z1:410.7057	1	1	409.69847	410.70575	2.1405e5	1	1
788.41412	24.2253	24.2738	24.2738	1	z1:788.4141	1	1	785.40014	786.40741	2.1325e5	1	1
370.20789	24.9125	24.9125	24.9363	4	z4:370.2079	1	4	1474.79573	369.70621	2.1322e5	1	1
532.23413	24.6205	24.6553	24.6553	2	z2:532.2341	1	2	1060.44700	531.23078	2.1295e5	1	1
312.16632	24.3087	24.3780	24.3780	5	z5:312.1663	1	5	1553.78851	311.76498	2.1289e5	1	1
373.19440	24.7448	24.7448	24.7837	2	z2:373.1944	1	2	742.36753	372.19104	2.1263e5	1	1
420.70126	24.6553	24.6553	24.6987	4	z4:420.7013	1	4	1674.76253	419.69791	2.1253e5	1	1
300.65292	24.0440	24.0440	24.0783	4	z4:300.6529	1	4	1198.58259	300.65292	2.1218e5	1	1
326.18130	24.3432	24.3780	24.3780	1	z1:326.1813	1	1	326.17738	327.18466	2.1160e5	1	1
462.26614	24.7448	24.7837	24.7837	1	z1:462.2661	1	1	460.25551	461.26279	2.1120e5	1	1
647.34540	24.8730	24.8730	24.9363	1	z1:647.3454	1	1	643.32806	644.33533	2.1111e5	1	1
588.29852	24.9363	24.9632	24.9632	2	z2:588.2985	1	2	1172.57578	587.29517	2.1059e5	1	1
401.18216	24.8730	24.9125	24.9125	2	z2:401.1822	1	2	798.34306	400.17880	2.1055e5	1	1
324.18945	24.9125	24.9363	24.9363	4	z4:324.1895	1	4	1288.71529	323.18610	2.0954e5	1	1
308.19922	24.8227	24.8227	24.9125	4	z4:308.1992	1	4	1228.76777	308.19922	2.0885e5	1	1
358.73654	24.7837	24.8227	24.8227	2	z2:358.7365	1	2	714.45518	358.23486	2.0856e5	1	1
551.25671	24.3432	24.3780	24.3780	2	z2:551.2567	1	2	1098.49217	550.25336	2.0839e5	1	1
469.24628	24.0440	24.0440	24.0783	1	z1:469.2463	1	1	467.23565	468.24292	2.0830e5	1	1
337.67697	24.6987	24.7837	24.7837	1	z1:337.6770	1	1	336.66969	337.67697	2.0821e5	1	1
403.26541	24.7448	24.8227	24.8227	1	z1:403.2654	1	1	401.25478	402.26206	2.0817e5	1	1
571.27112	24.0440	24.1522	24.1522	1	z1:571.2711	1	1	568.25713	569.26441	2.0778e5	1	1
1385.75366	24.3780	24.4808	24.4808	2	z2:1385.7537	1	2	2761.46593	1381.74024	2.0773e5	1	1
1395.66895	24.5637	24.6205	24.6205	2	z2:1395.6689	1	2	2780.29314	1391.15385	2.0739e5	1	1
715.36261	24.8730	24.8730	24.9125	3	z3:715.3626	1	3	2136.04252	713.02145	2.0728e5	1	1
444.74210	24.0440	24.0783	24.1215	4	z4:444.7421	1	4	1768.91915	443.23706	2.0704e5	1	1
1417.69629	24.1522	24.1867	24.1867	2	z2:1417.6963	1	2	2825.35119	1413.68287	2.0695e5	1	1
435.23856	24.6205	24.6553	24.6553	1	z1:435.2386	1	1	433.22792	434.23520	2.0689e5	1	1
611.26477	24.0440	24.1522	24.1522	1	z1:611.2648	1	1	608.25078	609.25806	2.0663e5	1	1
503.25757	24.5127	24.6205	24.6205	1	z1:503.2576	1	1	501.24694	502.25421	2.0653e5	1	1
373.70569	24.6553	24.7448	24.7448	1	z1:373.7057	1	1	372.69841	373.70569	2.0550e5	1	1
1019.90509	24.7448	24.7448	24.7837	3	z3:1019.9051	1	3	3048.66660	1017.22948	2.0471e5	1	1
776.37512	24.9125	24.9125	24.9632	1	z1:776.3751	1	1	772.35778	773.36506	2.0452e5	1	1
407.24481	24.9125	24.9125	24.9632	6	z6:407.2448	1	6	2429.39837	405.90701	2.0445e5	1	1
309.65790	24.4808	24.5637	24.6205	2	z2:309.6579	1	2	616.29789	309.15622	2.0322e5	1	1
326.67377	24.4808	24.5127	24.5127	6	z6:326.6738	1	6	1951.99223	326.33932	2.0319e5	1	1
1415.74194	24.2253	24.2253	24.3087	1	z1:1415.7419	1	1	1410.72125	1411.72852	2.0279e5	1	1
520.28180	24.0783	24.0783	24.1867	1	z1:520.2818	1	1	518.27117	519.27844	2.0241e5	1	1
476.73181	24.5637	24.6205	24.6205	4	z4:476.7318	1	4	1900.89143	476.23013	2.0228e5	1	1
380.69589	24.6987	24.6987	24.7448	1	z1:380.6959	1	1	380.69197	381.69925	2.0207e5	1	1
383.69119	24.5127	24.5127	24.5637	4	z4:383.6912	1	4	1528.72895	383.18952	2.0201e5	1	1
437.17999	24.1215	24.1522	24.2253	4	z4:437.1800	1	4	1740.67745	436.17664	2.0194e5	1	1
1254.64441	24.6553	24.6553	24.6987	2	z2:1254.6444	1	2	2501.25414	1251.63434	2.0192e5	1	1
728.30249	24.9363	24.9632	24.9632	3	z3:728.3025	1	3	2175.86551	726.29578	2.0090e5	1	1
450.67102	24.1522	24.1867	24.1867	2	z2:450.6710	1	2	897.32078	449.66767	2.0076e5	1	1
572.26813	24.4808	24.4808	24.5127	1	z1:572.2681	1	1	570.25750	571.26477	2.0029e5	1	1
377.70084	24.3780	24.3780	24.4808	6	z6:377.7008	1	6	2251.13116	376.19580	1.9962e5	1	1
452.74042	24.7448	24.7448	24.7837	4	z4:452.7404	1	4	1800.91244	451.23539	1.9949e5	1	1
653.28870	24.8730	24.9363	24.9363	2	z2:653.2887	1	2	1302.55613	652.28534	1.9934e5	1	1
1352.64905	24.7448	24.7448	24.7837	1	z1:1352.6490	1	1	1349.63506	1350.64234	1.9879e5	1	1
1139.59570	24.5127	24.5637	24.5637	1	z1:1139.5957	1	1	1136.58172	1137.58899	1.9839e5	1	1
1420.69604	24.3087	24.3087	24.3780	2	z2:1420.6960	1	2	2831.35070	1416.68263	1.9833e5	1	1
362.20026	24.8730	24.8730	24.9125	2	z2:362.2003	1	2	720.37925	361.19690	1.9825e5	1	1
364.81741	24.9125	24.9632	24.9632	6	z6:364.8174	1	6	2178.84740	364.14851	1.9818e5	1	1
1398.67822	24.4332	24.4332	24.5127	2	z2:1398.6782	1	2	2786.31170	1394.16313	1.9772e5	1	1
318.53036	24.6553	24.6553	24.6987	3	z3:318.5304	1	3	950.56256	317.86146	1.9721e5	1	1
1481.75732	24.6205	24.6553	24.6553	1	z1:1481.7573	1	1	1476.73663	1477.74390	1.9709e5	1	1
357.21259	24.1867	24.1867	24.2738	1	z1:357.2126	1	1	356.20531	357.21259	1.9678e5	1	1
1256.15698	24.3432	24.3432	24.3780	1	z1:1256.1570	1	1	1253.14300	1254.15027	1.9632e5	1	1
581.53461	24.9125	24.9125	24.9363	6	z6:581.5346	1	6	3473.13043	579.86235	1.9623e5	1	1
456.24393	24.2253	24.3087	24.3087	2	z2:456.2439	1	2	908.46659	455.24057	1.9606e5	1	1
1381.36877	24.4808	24.5127	24.5127	3	z3:1381.3688	1	3	4128.04088	1377.02090	1.9584e5	1	1
382.67517	24.9125	24.9363	24.9363	1	z1:382.6752	1	1	381.66789	382.67517	1.9553e5	1	1
1352.63965	24.1522	24.2253	24.2253	1	z1:1352.6396	1	1	1349.62566	1350.63294	1.9510e5	1	1
539.24548	24.6205	24.6205	24.6553	4	z4:539.2455	1	4	2144.92599	537.23877	1.9487e5	1	1
1191.54932	24.1867	24.1867	24.2253	1	z1:1191.5493	1	1	1188.53533	1189.54261	1.9415e5	1	1
519.23859	24.8730	24.8730	24.9125	4	z4:519.2386	1	4	2068.91182	518.23523	1.9410e5	1	1
341.71600	24.3087	24.3087	24.4808	4	z4:341.7160	1	4	1360.82820	341.21433	1.9362e5	1	1
342.21298	24.1215	24.1215	24.1522	4	z4:342.2130	1	4	1362.81611	341.71130	1.9355e5	1	1
437.16101	24.0440	24.0440	24.0783	2	z2:437.1610	1	2	870.30076	436.15766	1.9354e5	1	1
823.44073	24.3432	24.3780	24.3780	3	z3:823.4407	1	3	2459.27354	820.76512	1.9335e5	1	1
377.19794	24.4808	24.5127	24.5127	1	z1:377.1979	1	1	376.19066	377.19794	1.9331e5	1	1
509.23303	24.8227	24.8730	24.8730	4	z4:509.2330	1	4	2028.88960	508.22968	1.9328e5	1	1
1278.63367	24.0440	24.1215	24.1215	1	z1:1278.6337	1	1	1275.61968	1276.62696	1.9317e5	1	1
997.45355	24.9125	24.9125	24.9632	3	z3:997.4536	1	3	2981.31199	994.77794	1.9314e5	1	1
805.35260	24.8730	24.9363	24.9363	1	z1:805.3526	1	1	802.33861	803.34589	1.9278e5	1	1
569.27722	24.6987	24.7837	24.7837	1	z1:569.2772	1	1	566.26324	567.27051	1.9262e5	1	1
326.18243	24.0440	24.0783	24.0783	4	z4:326.1824	1	4	1296.68721	325.17908	1.9223e5	1	1
1188.59436	24.6205	24.6987	24.6987	2	z2:1188.5944	1	2	2369.15404	1185.58430	1.9199e5	1	1
487.21375	24.6205	24.6205	24.6553	1	z1:487.2137	1	1	486.20647	487.21375	1.9168e5	1	1
1389.39587	24.4808	24.4808	24.5127	3	z3:1389.3959	1	3	4152.12218	1385.04800	1.9149e5	1	1
581.31213	24.2738	24.3087	24.3087	6	z6:581.3121	1	6	3470.79224	579.47265	1.9137e5	1	1
534.26971	24.4808	24.4808	24.5127	2	z2:534.2697	1	2	1064.51817	533.26636	1.9076e5	1	1
460.20578	24.8227	24.8227	24.8730	4	z4:460.2058	1	4	1832.78059	459.20243	1.9019e5	1	1
1472.90723	24.8730	24.9363	24.9363	2	z2:1472.9072	1	2	2934.76971	1468.39213	1.8984e5	1	1
1355.68994	24.5127	24.6205	24.6205	1	z1:1355.6899	1	1	1352.67596	1353.68323	1.8970e5	1	1
371.63708	24.0783	24.1522	24.1522	5	z5:371.6371	1	5	1847.12891	370.43306	1.8949e5	1	1
410.66016	24.9125	24.9632	24.9632	1	z1:410.6602	1	1	409.65288	410.66016	1.8890e5	1	1
447.20993	24.6987	24.6987	24.7837	2	z2:447.2099	1	2	891.40195	446.70825	1.8709e5	1	1
793.33862	24.3432	24.4332	24.4332	1	z1:793.3386	1	1	790.32464	791.33191	1.8638e5	1	1
379.50031	24.7837	24.8227	24.8227	1	z1:379.5003	1	1	378.49303	379.50031	1.8610e5	1	1
1302.64233	24.7448	24.7448	24.7837	1	z1:1302.6423	1	1	1299.62835	1300.63562	1.8602e5	1	1
343.67072	24.9125	24.9125	24.9363	6	z6:343.6707	1	6	2051.96721	343.00181	1.8572e5	1	1
1356.64282	24.3780	24.4332	24.4332	1	z1:1356.6428	1	1	1353.62884	1354.63611	1.8566e5	1	1
1346.57947	24.2738	24.3432	24.3432	3	z3:1346.5795	1	3	4023.67296	1342.23160	1.8562e5	1	1
387.23398	24.1215	24.1522	24.1522	5	z5:387.2340	1	5	1927.12009	386.43129	1.8548e5	1	1
1414.75623	24.2738	24.2738	24.3432	2	z2:1414.7562	1	2	2819.47106	1410.74281	1.8526e5	1	1
444.69601	24.4808	24.5127	24.5127	2	z2:444.6960	1	2	885.37077	443.69266	1.8490e5	1	1
457.25082	24.6987	24.7837	24.7837	3	z3:457.2508	1	3	1367.72729	456.91637	1.8486e5	1	1
373.18216	24.1522	24.2738	24.2738	1	z1:373.1822	1	1	373.17824	374.18551	1.8466e5	1	1
1244.67139	24.1867	24.1867	24.2253	1	z1:1244.6714	1	1	1241.65740	1242.66468	1.8452e5	1	1
463.18381	24.5637	24.5637	24.6205	1	z1:463.1838	1	1	462.17653	463.18381	1.8438e5	1	1
1474.71375	24.4808	24.4808	24.5637	2	z2:1474.7137	1	2	2938.38274	1470.19865	1.8416e5	1	1
1376.58984	24.6553	24.6553	24.7448	1	z1:1376.5898	1	1	1373.57586	1374.58313	1.8380e5	1	1
592.26227	24.8227	24.8730	24.8730	1	z1:592.2623	1	1	589.24828	590.25556	1.8350e5	1	1
331.14981	24.1867	24.1867	24.2253	2	z2:331.1498	1	2	658.27836	330.14646	1.8337e5	1	1
459.21884	24.3432	24.3432	24.3780	4	z4:459.2188	1	4	1828.83284	458.21549	1.8329e5	1	1
310.15570	24.4808	24.4808	24.5637	4	z4:310.1557	1	4	1232.58028	309.15235	1.8314e5	1	1
1453.71423	24.3432	24.4332	24.4332	2	z2:1453.7142	1	2	2896.38372	1449.19914	1.8268e5	1	1
375.54263	24.2738	24.2738	24.3087	5	z5:375.5426	1	5	1868.66336	374.73995	1.8256e5	1	1
520.22351	24.3432	24.3432	24.4332	2	z2:520.2235	1	2	1036.42576	519.22016	1.8247e5	1	1
405.19693	24.0783	24.0783	24.2253	2	z2:405.1969	1	2	806.37260	404.19358	1.8201e5	1	1
699.37689	24.6987	24.6987	24.7837	1	z1:699.3769	1	1	696.36291	697.37018	1.8197e5	1	1
465.21857	24.2253	24.2253	24.2738	2	z2:465.2186	1	2	926.41587	464.21521	1.8177e5	1	1
490.25101	24.6987	24.6987	24.7837	3	z3:490.2510	1	3	1464.72113	489.24765	1.8126e5	1	1
410.53912	24.3087	24.3087	24.3432	5	z5:410.5391	1	5	2041.63911	409.33510	1.8115e5	1	1
1498.85388	24.3780	24.3780	24.4332	3	z3:1498.8539	1	3	4478.48949	1493.83711	1.8085e5	1	1
742.36407	24.0440	24.0440	24.1215	2	z2:742.3641	1	2	1478.70018	740.35737	1.8082e5	1	1
503.22772	24.7837	24.7837	24.8227	2	z2:503.2277	1	2	1002.43418	502.22437	1.8058e5	1	1
601.79749	24.7837	24.8227	24.8227	6	z6:601.7975	1	6	3592.70100	599.79078	1.8050e5	1	1
1371.34619	24.8227	24.8730	24.8730	3	z3:1371.3462	1	3	4097.97313	1366.99832	1.8018e5	1	1
383.22025	24.2253	24.3087	24.3087	2	z2:383.2202	1	2	762.41923	382.21689	1.8018e5	1	1
460.72845	24.6553	24.6553	24.6987	2	z2:460.7285	1	2	918.43900	460.22678	1.7979e5	1	1
1319.14050	24.5127	24.5127	24.5637	1	z1:1319.1405	1	1	1316.12652	1317.13379	1.7933e5	1	1
458.23511	24.2253	24.3087	24.3432	2	z2:458.2351	1	2	913.45231	457.73343	1.7916e5	1	1
862.41681	24.4808	24.5127	24.5127	1	z1:862.4168	1	1	858.39947	859.40674	1.7877e5	1	1
743.32031	24.3087	24.3087	24.3432	2	z2:743.3203	1	2	1480.61265	741.31360	1.7814e5	1	1
320.19293	24.0440	24.0440	24.1215	1	z1:320.1929	1	1	320.18901	321.19629	1.7808e5	1	1
1261.66736	24.3432	24.3432	24.3780	3	z3:1261.6674	1	3	3768.93663	1257.31949	1.7725e5	1	1
303.16620	24.1215	24.1215	24.1522	4	z4:303.1662	1	4	1204.62227	302.16284	1.7702e5	1	1
397.18185	24.2253	24.2253	24.2738	2	z2:397.1819	1	2	790.34245	396.17850	1.7685e5	1	1
490.25101	24.0440	24.1215	24.1215	2	z2:490.2510	1	2	977.48411	489.74933	1.7660e5	1	1
739.40771	24.2738	24.3432	24.3432	1	z1:739.4077	1	1	736.39373	737.40101	1.7653e5	1	1
526.25153	24.7837	24.8227	24.8227	1	z1:526.2515	1	1	526.24760	527.25488	1.7574e5	1	1
1498.67847	24.8227	24.9125	24.9125	3	z3:1498.6785	1	3	4477.96325	1493.66169	1.7515e5	1	1
343.17056	24.1867	24.1867	24.2253	4	z4:343.1706	1	4	1364.63973	342.16721	1.7508e5	1	1
1156.65332	24.3087	24.3087	24.3780	2	z2:1156.6533	1	2	2305.27196	1153.64326	1.7374e5	1	1
664.62640	24.8730	24.8730	24.9125	2	z2:664.6264	1	2	1325.23155	663.62305	1.7372e5	1	1
343.19699	24.4808	24.4808	24.5637	1	z1:343.1970	1	1	343.19307	344.20035	1.7372e5	1	1
353.19217	24.0440	24.0440	24.0783	1	z1:353.1922	1	1	352.18489	353.19217	1.7334e5	1	1
364.19702	24.1867	24.2253	24.2253	4	z4:364.1970	1	4	1446.73885	362.69199	1.7313e5	1	1
428.23611	24.2253	24.2738	24.2738	1	z1:428.2361	1	1	428.23219	429.23947	1.7187e5	1	1
805.36554	24.5127	24.5637	24.5637	3	z3:805.3655	1	3	2407.05466	803.35883	1.7137e5	1	1
1480.68030	24.0783	24.1522	24.1522	1	z1:1480.6803	1	1	1475.65960	1476.66688	1.7133e5	1	1
747.39148	24.5637	24.5637	24.6553	2	z2:747.3915	1	2	1488.75499	745.38477	1.7070e5	1	1
1235.03003	24.7837	24.8730	24.8730	2	z2:1235.0300	1	2	2462.02538	1232.01996	1.7052e5	1	1
812.34070	24.1522	24.1867	24.1867	2	z2:812.3407	1	2	1618.65342	810.33399	1.7041e5	1	1
354.84064	24.8227	24.8730	24.8730	2	z2:354.8406	1	2	705.66001	353.83728	1.6895e5	1	1
456.24393	24.0440	24.0440	24.0783	4	z4:456.2439	1	4	1814.92647	454.73889	1.6879e5	1	1
534.25104	24.3087	24.3087	24.3432	4	z4:534.2510	1	4	2128.96163	533.24768	1.6873e5	1	1
1487.37659	24.1522	24.2253	24.2253	1	z1:1487.3766	1	1	1482.35589	1483.36317	1.6857e5	1	1
478.22394	24.7448	24.7448	24.7837	2	z2:478.2239	1	2	953.42997	477.72226	1.6847e5	1	1
653.32336	24.2253	24.2253	24.2738	1	z1:653.3234	1	1	650.30938	651.31665	1.6847e5	1	1
387.20950	24.4808	24.4808	24.5127	4	z4:387.2095	1	4	1542.80220	386.70783	1.6842e5	1	1
558.24957	24.3432	24.3432	24.3780	1	z1:558.2496	1	1	555.23559	556.24286	1.6805e5	1	1
1261.60815	24.1867	24.1867	24.2738	1	z1:1261.6082	1	1	1258.59417	1259.60144	1.6778e5	1	1
382.19055	24.2738	24.3432	24.3432	1	z1:382.1906	1	1	381.18328	382.19055	1.6725e5	1	1
426.18445	24.1522	24.1522	24.2253	4	z4:426.1844	1	4	1696.69527	425.18109	1.6719e5	1	1
983.46210	24.0440	24.0783	24.1215	1	z1:983.4621	1	1	980.44811	981.45539	1.6679e5	1	1
315.65448	24.7448	24.7448	24.7837	1	z1:315.6545	1	1	314.64720	315.65448	1.6677e5	1	1
309.68158	24.0783	24.0783	24.1522	4	z4:309.6816	1	4	1230.68379	308.67822	1.6662e5	1	1
564.24042	24.2253	24.3087	24.3087	1	z1:564.2404	1	1	561.22643	562.23371	1.6655e5	1	1
544.75684	24.5637	24.6205	24.6205	4	z4:544.7568	1	4	2168.97811	543.25180	1.6622e5	1	1
1132.58569	24.0440	24.1215	24.1215	3	z3:1132.5857	1	3	3386.70841	1129.91008	1.6599e5	1	1
421.20709	24.9125	24.9125	24.9363	4	z4:421.2071	1	4	1674.77913	419.70206	1.6575e5	1	1
335.71613	24.0440	24.0783	24.0783	4	z4:335.7161	1	4	1334.82198	334.71277	1.6566e5	1	1
322.19391	24.0783	24.1215	24.1215	1	z1:322.1939	1	1	322.18999	323.19726	1.6475e5	1	1
712.35388	24.3780	24.4332	24.4332	2	z2:712.3539	1	2	1418.67979	710.34717	1.6423e5	1	1
388.71667	24.0440	24.0783	24.0783	2	z2:388.7167	1	2	772.40873	387.21164	1.6340e5	1	1
343.18378	24.8227	24.8730	24.8730	4	z4:343.1838	1	4	1368.70600	343.18378	1.6267e5	1	1
1193.61121	24.4332	24.4332	24.5127	2	z2:1193.6112	1	2	2378.18438	1190.09946	1.6211e5	1	1
1353.68347	24.1867	24.2253	24.2253	1	z1:1353.6835	1	1	1350.66949	1351.67676	1.6198e5	1	1
332.16306	24.9363	24.9363	24.9632	4	z4:332.1631	1	4	1322.61641	331.66138	1.6145e5	1	1
529.27045	24.1215	24.1215	24.2253	1	z1:529.2704	1	1	528.26317	529.27045	1.6132e5	1	1
791.31622	24.8227	24.8227	24.8730	2	z2:791.3162	1	2	1576.60447	789.30951	1.6065e5	1	1
1473.05676	24.1522	24.2253	24.2253	1	z1:1473.0568	1	1	1468.03607	1469.04334	1.6052e5	1	1
1468.09216	24.1522	24.2253	24.2253	3	z3:1468.0922	1	3	4386.20434	1463.07539	1.6044e5	1	1
407.26346	24.2253	24.2253	24.2738	4	z4:407.2635	1	4	1623.01802	406.76178	1.6035e5	1	1
312.96707	24.1215	24.1522	24.2253	4	z4:312.9671	1	4	1245.83247	312.46539	1.6019e5	1	1
1087.49011	24.6553	24.6987	24.6987	3	z3:1087.4901	1	3	3249.41496	1084.14560	1.5993e5	1	1
586.36511	24.9363	24.9363	24.9632	1	z1:586.3651	1	1	583.35113	584.35840	1.5850e5	1	1
393.51984	24.2253	24.3087	24.3087	6	z6:393.5198	1	6	2347.04852	392.18203	1.5819e5	1	1
1026.54614	24.3087	24.3780	24.3780	4	z4:1026.5461	1	4	4091.11856	1023.78692	1.5758e5	1	1
833.43646	24.0440	24.0440	24.1215	4	z4:833.4365	1	4	3321.68991	831.42975	1.5728e5	1	1
1268.98853	24.0783	24.0783	24.1215	3	z3:1268.9885	1	3	3791.90349	1264.97511	1.5701e5	1	1
901.43420	24.7448	24.8227	24.8227	1	z1:901.4342	1	1	898.42022	899.42749	1.5688e5	1	1
331.66727	24.4808	24.5127	24.5127	2	z2:331.6673	1	2	659.31327	330.66391	1.5651e5	1	1
669.30908	24.1867	24.2253	24.2253	1	z1:669.3091	1	1	666.29510	667.30237	1.5649e5	1	1
574.26477	24.2738	24.2738	24.3087	1	z1:574.2648	1	1	572.25414	573.26142	1.5632e5	1	1
958.49719	24.7837	24.7837	24.8227	1	z1:958.4972	1	1	955.48321	956.49048	1.5626e5	1	1
453.57327	24.8730	24.8730	24.9363	6	z6:453.5733	1	6	2705.36243	451.90101	1.5601e5	1	1
727.95728	24.6987	24.6987	24.7448	3	z3:727.9573	1	3	2174.82987	725.95057	1.5538e5	1	1
371.19760	24.7448	24.7448	24.7837	1	z1:371.1976	1	1	371.19368	372.20096	1.5517e5	1	1
1265.31580	24.5637	24.6205	24.6205	2	z2:1265.3158	1	2	2522.59691	1262.30573	1.5503e5	1	1
1389.18066	24.1867	24.1867	24.2253	2	z2:1389.1807	1	2	2767.31658	1384.66557	1.5479e5	1	1
494.31601	24.0783	24.0783	24.1522	1	z1:494.3160	1	1	492.30538	493.31265	1.5403e5	1	1
333.17523	24.0440	24.1215	24.1215	4	z4:333.1752	1	4	1328.67182	333.17523	1.5396e5	1	1
367.17593	24.5637	24.6205	24.6205	2	z2:367.1759	1	2	730.33061	366.17258	1.5387e5	1	1
303.66342	24.1215	24.1215	24.1522	4	z4:303.6634	1	4	1210.62458	303.66342	1.5341e5	1	1
1473.01404	24.6987	24.6987	24.7837	1	z1:1473.0140	1	1	1467.99334	1469.00062	1.5311e5	1	1
1409.74304	24.3780	24.3780	24.4332	1	z1:1409.7430	1	1	1405.72570	1406.73298	1.5289e5	1	1
1051.02185	24.0783	24.0783	24.1215	2	z2:1051.0219	1	2	2096.01573	1049.01514	1.5268e5	1	1
358.21979	24.7837	24.8227	24.8227	2	z2:358.2198	1	2	712.41831	357.21643	1.5264e5	1	1
1100.55371	24.1867	24.1867	24.2738	1	z1:1100.5537	1	1	1097.53972	1098.54700	1.5230e5	1	1
1400.69629	24.1522	24.2253	24.2253	2	z2:1400.6963	1	2	2790.34783	1396.18119	1.5226e5	1	1
372.70322	24.9125	24.9363	24.9363	4	z4:372.7032	1	4	1482.77034	371.69986	1.5091e5	1	1
365.21002	24.5127	24.5637	24.5637	1	z1:365.2100	1	1	365.20610	366.21338	1.5043e5	1	1
383.85596	24.2738	24.3087	24.3087	6	z6:383.8560	1	6	2291.07195	382.85260	1.4990e5	1	1
373.69476	24.9363	24.9363	24.9632	5	z5:373.6948	1	5	1859.42401	372.89208	1.4981e5	1	1
329.22968	24.0440	24.1215	24.1215	5	z5:329.2297	1	5	1636.09522	328.22632	1.4973e5	1	1
420.70291	24.0440	24.0783	24.0783	4	z4:420.7029	1	4	1672.76241	419.19788	1.4852e5	1	1
673.31781	24.2253	24.2738	24.2738	1	z1:673.3178	1	1	671.30718	672.31446	1.4811e5	1	1
430.19324	24.7837	24.8227	24.8227	1	z1:430.1932	1	1	430.18932	431.19659	1.4780e5	1	1
367.21317	24.1867	24.1867	24.2253	1	z1:367.2132	1	1	366.20589	367.21317	1.4778e5	1	1
353.19217	24.4808	24.5127	24.5127	5	z5:353.1922	1	5	1755.90769	352.18881	1.4738e5	1	1
312.67126	24.8227	24.8730	24.8730	1	z1:312.6713	1	1	311.66399	312.67126	1.4681e5	1	1
1197.59436	24.1522	24.2253	24.2253	2	z2:1197.5944	1	2	2387.15404	1194.58430	1.4591e5	1	1
349.16159	24.0783	24.1522	24.1522	1	z1:349.1616	1	1	348.15431	349.16159	1.4550e5	1	1
401.21402	24.0440	24.0440	24.0783	1	z1:401.2140	1	1	400.20674	401.21402	1.4542e5	1	1
303.14725	24.0783	24.1522	24.1522	2	z2:303.1472	1	2	602.27323	302.14389	1.4514e5	1	1
414.20776	24.0440	24.0440	24.0783	2	z2:414.2078	1	2	824.39426	413.20441	1.4505e5	1	1
1446.06909	24.1215	24.1215	24.1522	1	z1:1446.0691	1	1	1441.04840	1442.05567	1.4497e5	1	1
390.98083	24.7837	24.7837	24.8227	2	z2:390.9808	1	2	777.94041	389.97748	1.4464e5	1	1
368.67722	24.5127	24.5127	24.5637	4	z4:368.6772	1	4	1468.67305	368.17554	1.4450e5	1	1
793.34283	24.6553	24.6553	24.7448	2	z2:793.3428	1	2	1580.65770	791.33612	1.4258e5	1	1
398.16769	24.0783	24.1215	24.1215	2	z2:398.1677	1	2	792.31413	397.16434	1.4233e5	1	1
569.33881	24.4808	24.5127	24.5127	1	z1:569.3388	1	1	566.32482	567.33210	1.4216e5	1	1
421.66800	24.3087	24.3087	24.3432	1	z1:421.6680	1	1	420.66072	421.66800	1.4185e5	1	1
1100.08484	24.1867	24.1867	24.2253	1	z1:1100.0848	1	1	1097.07085	1098.07813	1.4031e5	1	1
1388.48645	24.3780	24.4332	24.4332	3	z3:1388.4865	1	3	4149.39391	1384.13858	1.3994e5	1	1
1497.10132	24.3432	24.3432	24.3780	2	z2:1497.1013	1	2	2983.15789	1492.58622	1.3967e5	1	1
567.25037	24.0440	24.0440	24.1215	4	z4:567.2504	1	4	2260.95894	566.24701	1.3907e5	1	1
828.33270	24.8227	24.8227	24.8730	1	z1:828.3327	1	1	825.31872	826.32599	1.3891e5	1	1
1429.75293	24.0440	24.0440	24.0783	1	z1:1429.7529	1	1	1424.73223	1425.73951	1.3851e5	1	1
590.77020	24.7448	24.7448	24.8227	2	z2:590.7702	1	2	1177.51914	589.76685	1.3794e5	1	1
1174.56824	24.0440	24.0783	24.0783	2	z2:1174.5682	1	2	2341.10179	1171.55817	1.3738e5	1	1
327.66656	24.2253	24.2738	24.2738	1	z1:327.6666	1	1	326.65929	327.66656	1.3666e5	1	1
1386.67017	24.9363	24.9363	24.9632	2	z2:1386.6702	1	2	2762.29559	1382.15507	1.3624e5	1	1
337.16409	24.0783	24.1867	24.1867	1	z1:337.1641	1	1	337.16017	338.16745	1.3621e5	1	1
729.34698	24.1215	24.1215	24.1522	5	z5:729.3470	1	5	3627.65157	726.53759	1.3542e5	1	1
483.74197	24.5637	24.6205	24.6205	4	z4:483.7420	1	4	1926.92537	482.73862	1.3540e5	1	1
1270.17651	24.0440	24.0440	24.0783	2	z2:1270.1765	1	2	2532.31835	1267.16645	1.3529e5	1	1
462.21921	24.0783	24.1215	24.1215	2	z2:462.2192	1	2	920.41715	461.21585	1.3271e5	1	1
352.18488	24.3780	24.4332	24.4332	6	z6:352.1849	1	6	2099.03876	350.84707	1.3208e5	1	1
355.20334	24.9125	24.9125	24.9363	4	z4:355.2033	1	4	1412.77083	354.19998	1.3194e5	1	1
650.28961	24.1867	24.2253	24.2253	1	z1:650.2896	1	1	647.27563	648.28290	1.3193e5	1	1
1175.62598	24.1522	24.1522	24.2253	3	z3:1175.6260	1	3	3513.82255	1172.28146	1.3159e5	1	1
633.32629	24.1867	24.2738	24.2738	1	z1:633.3263	1	1	631.31566	632.32294	1.3144e5	1	1
1308.02380	24.1522	24.1867	24.1867	1	z1:1308.0238	1	1	1305.00982	1306.01709	1.3077e5	1	1
500.24677	24.1867	24.1867	24.2738	2	z2:500.2468	1	2	996.47227	499.24341	1.3035e5	1	1
544.35596	24.3087	24.3087	24.3432	2	z2:544.3560	1	2	1084.69065	543.35260	1.3033e5	1	1
1222.59570	24.1522	24.2253	24.2253	3	z3:1222.5957	1	3	3651.72167	1218.24783	1.3015e5	1	1
413.20309	24.1215	24.1522	24.1522	2	z2:413.2031	1	2	822.38493	412.19974	1.2946e5	1	1
1436.65137	24.3432	24.3432	24.3780	3	z3:1436.6514	1	3	4291.88195	1431.63459	1.2946e5	1	1
1333.66907	24.4332	24.4332	24.4808	2	z2:1333.6691	1	2	2658.30010	1330.15733	1.2917e5	1	1
469.24054	24.9363	24.9363	24.9632	5	z5:469.2405	1	5	2332.13612	467.43450	1.2897e5	1	1
447.17062	24.1522	24.2253	24.2253	1	z1:447.1706	1	1	446.16335	447.17062	1.2851e5	1	1
862.38812	24.6205	24.6205	24.6553	1	z1:862.3881	1	1	859.37414	860.38141	1.2719e5	1	1
335.17410	24.3780	24.4332	24.4332	4	z4:335.1741	1	4	1334.66060	334.67243	1.2715e5	1	1
327.65759	24.5127	24.5637	24.5637	4	z4:327.6576	1	4	1304.59456	327.15592	1.2707e5	1	1
607.26752	24.3780	24.4332	24.4332	2	z2:607.2675	1	2	1210.51377	606.26416	1.2688e5	1	1
1330.21606	24.6553	24.6987	24.6987	3	z3:1330.2161	1	3	3974.58275	1325.86819	1.2667e5	1	1
1277.97754	24.7837	24.8730	24.8730	1	z1:1277.9775	1	1	1274.96355	1275.97083	1.2646e5	1	1
409.19565	24.8227	24.8227	24.8730	1	z1:409.1956	1	1	409.19173	410.19900	1.2635e5	1	1
749.36774	24.9125	24.9125	24.9632	2	z2:749.3677	1	2	1492.70750	747.36103	1.2533e5	1	1
1228.63464	24.2738	24.3087	24.3087	1	z1:1228.6346	1	1	1225.62066	1226.62793	1.2506e5	1	1
362.15988	24.5127	24.5637	24.5637	1	z1:362.1599	1	1	361.15261	362.15988	1.2424e5	1	1
1234.65295	24.6987	24.6987	24.7837	2	z2:1234.6530	1	2	2461.27123	1231.64289	1.2396e5	1	1
359.25183	24.1215	24.1867	24.1867	1	z1:359.2518	1	1	357.24120	358.24848	1.2382e5	1	1
455.22385	24.0440	24.0440	24.0783	1	z1:455.2238	1	1	453.21322	454.22049	1.2292e5	1	1
1495.72339	24.6987	24.7448	24.7448	1	z1:1495.7234	1	1	1489.69934	1490.70661	1.2210e5	1	1
415.19214	24.0783	24.1215	24.1215	2	z2:415.1921	1	2	826.36301	414.18878	1.2198e5	1	1
1145.92310	24.1522	24.2253	24.2253	3	z3:1145.9231	1	3	3423.71055	1142.24413	1.2192e5	1	1
581.08179	24.0440	24.1215	24.1215	6	z6:581.0818	1	6	3472.42023	579.74398	1.2170e5	1	1
733.46503	24.0783	24.0783	24.1215	4	z4:733.4650	1	4	2920.80081	731.20748	1.2168e5	1	1
324.14975	24.8730	24.8730	24.9363	1	z1:324.1497	1	1	323.14247	324.14975	1.2087e5	1	1
1386.67993	24.5127	24.5637	24.5637	2	z2:1386.6799	1	2	2762.31512	1382.16483	1.2065e5	1	1
329.17212	24.2738	24.2738	24.3087	2	z2:329.1721	1	2	655.32633	328.67044	1.2061e5	1	1
433.89508	24.3780	24.4332	24.4332	3	z3:433.8951	1	3	1297.66006	433.56063	1.2008e5	1	1
1084.57593	24.7837	24.8730	24.8730	3	z3:1084.5759	1	3	3242.67912	1081.90031	1.1883e5	1	1
1249.62207	24.1867	24.1867	24.2253	1	z1:1249.6221	1	1	1246.60808	1247.61536	1.1882e5	1	1
1263.00610	24.5127	24.5127	24.5637	1	z1:1263.0061	1	1	1259.99212	1260.99939	1.1870e5	1	1
1373.68042	24.2253	24.3087	24.3087	2	z2:1373.6804	1	2	2739.32616	1370.67036	1.1866e5	1	1
473.13013	24.7837	24.8730	24.8730	5	z5:473.1301	1	5	2353.59077	471.72543	1.1805e5	1	1
374.68069	24.1215	24.1215	24.1522	2	z2:374.6807	1	2	745.34013	373.67734	1.1751e5	1	1
393.51248	24.6205	24.6205	24.6553	3	z3:393.5125	1	3	1175.50891	392.84358	1.1615e5	1	1
1169.58765	24.4332	24.4332	24.5127	1	z1:1169.5876	1	1	1166.57366	1167.58094	1.1523e5	1	1
777.32819	24.2738	24.2738	24.3087	3	z3:777.3282	1	3	2320.93589	774.65257	1.1468e5	1	1
1180.96716	24.5127	24.5127	24.5637	1	z1:1180.9672	1	1	1177.95318	1178.96045	1.1436e5	1	1
362.71259	24.4808	24.5127	24.5127	4	z4:362.7126	1	4	1444.81453	362.21091	1.1347e5	1	1
727.97583	24.1522	24.1867	24.1867	5	z5:727.9758	1	5	3624.80922	725.96912	1.1314e5	1	1
483.20575	24.9363	24.9363	24.9632	1	z1:483.2057	1	1	482.19847	483.20575	1.1282e5	1	1
861.35559	24.6987	24.7448	24.7448	1	z1:861.3556	1	1	859.34496	860.35224	1.1114e5	1	1
399.71368	24.1522	24.1867	24.1867	4	z4:399.7137	1	4	1588.80550	398.20865	1.1049e5	1	1
385.67819	24.1867	24.1867	24.2253	2	z2:385.6782	1	2	767.33512	384.67484	1.0916e5	1	1
733.33374	24.5127	24.5637	24.5637	1	z1:733.3337	1	1	730.31975	731.32703	1.0884e5	1	1
534.25104	24.1522	24.1867	24.1867	2	z2:534.2510	1	2	1064.48081	533.24768	1.0816e5	1	1
1017.46039	24.5127	24.5637	24.5637	1	z1:1017.4604	1	1	1014.44640	1015.45368	1.0800e5	1	1
325.64331	24.8227	24.9125	24.9125	4	z4:325.6433	1	4	1296.53743	325.14163	1.0796e5	1	1
375.68979	24.1215	24.1215	24.1867	5	z5:375.6898	1	5	1867.39243	374.48576	1.0703e5	1	1
1311.02283	24.0440	24.0440	24.0783	3	z3:1311.0228	1	3	3917.00304	1306.67496	1.0681e5	1	1
628.30383	24.0783	24.1215	24.1215	1	z1:628.3038	1	1	625.28985	626.29712	1.0622e5	1	1
1438.12354	24.5127	24.6205	24.6205	3	z3:1438.1235	1	3	4296.29845	1433.10676	1.0516e5	1	1
376.16486	24.0783	24.1215	24.1215	2	z2:376.1649	1	2	748.30845	375.16150	1.0453e5	1	1
486.23187	24.1215	24.1215	24.1522	2	z2:486.2319	1	2	969.44584	485.73020	1.0202e5	1	1
1340.67114	24.0783	24.1522	24.1522	1	z1:1340.6711	1	1	1337.65716	1338.66443	9.9055e4	1	1
500.31863	24.0783	24.1215	24.1215	1	z1:500.3186	1	1	499.31136	500.31863	9.8137e4	1	1
1274.63525	24.0783	24.1215	24.1215	1	z1:1274.6353	1	1	1271.62127	1272.62854	9.3230e4	1	1
1240.92188	24.1867	24.2253	24.2253	1	z1:1240.9219	1	1	1237.90789	1238.91517	9.2116e4	1	1
1436.05481	24.1215	24.1522	24.1522	1	z1:1436.0548	1	1	1431.03411	1432.04139	9.1487e4	1	1
438.26999	24.1215	24.1522	24.1522	1	z1:438.2700	1	1	437.26271	438.26999	8.7710e4	1	1
367.18924	24.1522	24.1867	24.1867	4	z4:367.1892	1	4	1460.71443	366.18588	8.7618e4	1	1
355.68188	24.1215	24.1522	24.1522	3	z3:355.6819	1	3	1063.02047	355.34743	8.4096e4	1	1
499.24423	24.0783	24.0783	24.1215	2	z2:499.2442	1	2	994.46720	498.24088	8.0061e4	1	1
