Detected m/z (primary)	RT Start	RT Apex	RT End	Charge States	Per-Charge Detected m/z	Num Charge States	Primary Charge	Monoisotopic Mass	Mono m/z (primary)	Summed Intensity	Cross-Charge Support	Num Members
356.19186	24.0440	24.4332	24.9125	1;2	z1:711.3779;z2:356.1919	2	2	710.36951	356.19203	6.7128e8	2	2
420.71432	24.0440	24.2253	24.6987	1;2	z1:840.4210;z2:420.7143	2	2	839.41400	420.71427	4.3131e8	2	2
473.30710	24.4332	24.9125	24.9632	1	z1:473.3071	1	1	472.29982	473.30710	2.9225e8	1	1
416.24902	24.4332	24.9125	24.9632	1;2	z1:831.4899;z2:416.2490	2	2	830.48337	416.24896	2.7167e8	2	2
387.27142	24.2738	24.7448	24.9632	1	z1:387.2714	1	1	386.26415	387.27142	2.1103e8	1	1
345.22382	24.0440	24.1867	24.6553	1	z1:345.2238	1	1	344.21654	345.22382	2.0769e8	1	1
410.68216	24.0440	24.3087	24.7837	1;2	z1:820.3604;z2:410.6822	2	2	819.35072	410.68264	1.9587e8	2	2
357.69266	24.0783	24.5637	24.9632	1;2	z1:714.3768;z2:357.6927	2	2	713.37030	357.69243	1.9440e8	2	3
359.26468	24.0783	24.5637	24.9632	1	z1:359.2647	1	1	358.25740	359.26468	1.9114e8	1	1
359.24023	24.0440	24.1215	24.6205	1	z1:359.2402	1	1	358.23296	359.24023	1.6792e8	1	1
322.18738	24.0440	24.3780	24.8730	1	z1:322.1874	1	1	321.18010	322.18738	1.5549e8	1	1
409.21912	24.0783	24.5637	24.9632	1	z1:409.2191	1	1	408.21184	409.21912	1.4584e8	1	2
444.28177	24.3780	24.8730	24.9632	1	z1:444.2818	1	1	443.27449	444.28177	1.3679e8	1	1
473.28180	24.0440	24.5127	24.9632	1	z1:473.2818	1	1	472.27452	473.28180	1.3370e8	1	1
546.32397	24.0440	24.3780	24.8730	1	z1:546.3240	1	1	545.31670	546.32397	1.2804e8	1	1
308.69250	24.0440	24.3087	24.7837	1;2	z1:616.3759;z2:308.6925	2	2	615.36990	308.69223	1.2583e8	2	2
519.31238	24.2253	24.6987	24.9632	1	z1:519.3124	1	1	518.30510	519.31238	1.2497e8	1	1
436.21109	24.6553	24.8730	24.9632	1;2	z1:871.4148;z2:436.2111	2	2	870.40761	436.21108	1.2340e8	2	2
477.74023	24.2253	24.6987	24.9632	1;2;3	z1:954.4735;z2:477.7402;z3:318.8291	3	2	953.46595	477.74025	1.2313e8	3	3
573.33514	24.2738	24.7448	24.9632	1	z1:573.3351	1	1	572.32787	573.33514	1.2248e8	1	1
560.74731	24.7448	24.7837	24.9632	1;2;3	z1:1120.4854;z2:560.7473;z3:374.1674	3	2	1119.47993	560.74724	1.2208e8	3	3
357.24960	24.1867	24.6553	24.9632	1	z1:357.2496	1	1	356.24233	357.24960	1.2155e8	1	1
438.23358	24.0440	24.4808	24.9632	1	z1:438.2336	1	1	437.22631	438.23358	1.2059e8	1	2
433.73975	24.3087	24.3780	24.8730	1;2	z1:866.4741;z2:433.7397	2	2	865.46515	433.73985	1.2001e8	2	2
406.18182	24.3087	24.7837	24.9632	1;2	z1:811.3574;z2:406.1818	2	2	810.34955	406.18205	1.1932e8	2	2
393.24863	24.4808	24.9363	24.9632	1	z1:393.2486	1	1	392.24135	393.24863	1.1016e8	1	1
417.24551	24.0440	24.1522	24.6205	1	z1:417.2455	1	1	416.23824	417.24551	1.0976e8	1	1
488.73495	24.0440	24.1215	24.5637	1;2	z1:976.4612;z2:488.7350	2	2	975.45523	488.73489	1.0622e8	2	2
423.22305	24.0440	24.4808	24.9632	1	z1:423.2231	1	1	422.21578	423.22305	1.0399e8	1	1
508.28564	24.0783	24.5637	24.9632	1	z1:508.2856	1	1	507.27837	508.28564	1.0080e8	1	1
402.72589	24.4332	24.9125	24.9632	2	z2:402.7259	1	2	803.43723	402.72589	9.9003e7	1	1
572.31470	24.0440	24.1867	24.6553	1	z1:572.3147	1	1	571.30742	572.31470	9.8067e7	1	1
371.21515	24.0440	24.5127	24.9632	1;2	z1:741.4250;z2:371.2151	2	2	740.41617	371.21536	9.5398e7	2	2
389.25003	24.0440	24.0783	24.5637	1	z1:389.2500	1	1	388.24275	389.25003	8.8083e7	1	1
388.20032	24.2738	24.7448	24.9632	1;2	z1:775.3911;z2:388.2003	2	2	774.38632	388.20044	8.8001e7	2	4
466.77310	24.3087	24.3780	24.8730	1;2;3	z1:932.5422;z2:466.7731;z3:311.5182	3	2	931.53204	466.77330	8.7933e7	3	3
375.23486	24.0440	24.0783	24.5637	1	z1:375.2349	1	1	374.22759	375.23486	8.4191e7	1	1
466.26483	24.4332	24.9125	24.9632	1	z1:466.2648	1	1	465.25756	466.26483	8.4070e7	1	1
631.37665	24.2738	24.7837	24.9632	1;2	z1:631.3766;z2:316.1924	2	1	630.36968	631.37696	8.3803e7	2	4
363.21817	24.0440	24.3780	24.8730	1;2	z1:725.4296;z2:363.2182	2	2	724.42191	363.21823	7.9654e7	2	2
423.25922	24.2253	24.6987	24.9632	1	z1:423.2592	1	1	422.25194	423.25922	7.9503e7	1	1
463.74347	24.4808	24.6553	24.9632	1;2	z1:926.4764;z2:463.7435	2	2	925.47179	463.74317	7.9121e7	2	2
503.29169	24.0440	24.3087	24.7837	1	z1:503.2917	1	1	502.28441	503.29169	7.8051e7	1	1
432.25543	24.0440	24.3780	24.8730	1	z1:432.2554	1	1	431.24816	432.25543	7.4836e7	1	1
430.27585	24.2253	24.6987	24.9632	1	z1:430.2758	1	1	429.26857	430.27585	7.4719e7	1	1
488.28210	24.2253	24.6987	24.9632	1	z1:488.2821	1	1	487.27483	488.28210	7.4497e7	1	1
490.28586	24.0440	24.3087	24.7837	1	z1:490.2859	1	1	489.27858	490.28586	7.1023e7	1	1
448.24622	24.6553	24.7837	24.9632	1;2	z1:895.4867;z2:448.2462	2	2	894.47811	448.24633	7.0048e7	2	2
437.24908	24.0440	24.3087	24.7837	1	z1:437.2491	1	1	436.24181	437.24908	6.9488e7	1	1
493.27536	24.2253	24.6987	24.9632	1	z1:493.2754	1	1	492.26808	493.27536	6.4517e7	1	1
402.70758	24.6205	24.9632	24.9632	1;2	z1:804.4078;z2:402.7076	2	2	803.40059	402.70757	6.3599e7	2	2
672.40125	24.1867	24.6553	24.9632	1;2	z1:672.4012;z2:336.7049	2	1	671.39447	672.40175	6.3238e7	2	2
313.18683	24.3087	24.5637	24.9632	1;2	z1:625.3657;z2:313.1868	2	2	624.35883	313.18669	6.3049e7	2	2
446.29657	24.0440	24.5127	24.9632	1	z1:446.2966	1	1	445.28929	446.29657	6.1316e7	1	1
448.27490	24.0440	24.4808	24.9632	1	z1:448.2749	1	1	447.26763	448.27490	6.0582e7	1	1
467.23450	24.3087	24.7837	24.9632	1;2	z1:933.4628;z2:467.2345	2	2	932.45479	467.23467	5.9377e7	2	2
515.28699	24.0440	24.3780	24.5127	1;2;3	z1:1029.5663;z2:515.2870;z3:343.8610	3	2	1028.55955	515.28705	5.8970e7	3	3
634.35126	24.3087	24.7837	24.9632	1;2	z1:634.3513;z2:317.6793	2	1	633.34401	634.35128	5.8010e7	2	2
576.78967	24.1215	24.6553	24.9632	1;2	z1:1152.5693;z2:576.7897	2	2	1151.56457	576.78956	5.7539e7	2	3
302.67416	24.0440	24.1867	24.5637	1;2	z1:604.3407;z2:302.6742	2	2	603.33361	302.67408	5.6592e7	2	2
402.24539	24.0440	24.3087	24.7837	1	z1:402.2454	1	1	401.23812	402.24539	5.5920e7	1	1
373.28024	24.4808	24.9363	24.9632	1	z1:373.2802	1	1	372.27297	373.28024	5.5646e7	1	1
382.20749	24.8227	24.9125	24.9632	1;2	z1:763.4089;z2:382.2075	2	2	762.40057	382.20756	5.4567e7	2	2
531.28668	24.0440	24.1867	24.6553	1	z1:531.2867	1	1	530.27941	531.28668	5.4471e7	1	1
712.83545	24.5637	24.6987	24.9632	1;2;3	z1:1424.6599;z2:712.8354;z3:475.5600	3	2	1423.65717	712.83586	5.3470e7	3	3
393.22357	24.2738	24.6987	24.9632	1	z1:393.2236	1	1	392.21630	393.22357	5.3327e7	1	1
675.36560	24.3780	24.8730	24.9632	1;2	z1:675.3656;z2:338.1863	2	1	674.35821	675.36548	5.3214e7	2	4
476.28180	24.0440	24.3087	24.7837	1	z1:476.2818	1	1	474.27117	475.27844	5.2801e7	1	1
547.30713	24.3432	24.8227	24.9632	1	z1:547.3071	1	1	546.29985	547.30713	5.2539e7	1	1
373.71252	24.1522	24.5637	24.9632	1;2	z1:746.4197;z2:373.7125	2	2	745.41082	373.71268	4.8271e7	2	2
517.30829	24.3780	24.8730	24.9632	1	z1:517.3083	1	1	516.30101	517.30829	4.7128e7	1	1
489.30289	24.0440	24.4808	24.9632	1	z1:489.3029	1	1	488.29561	489.30289	4.6828e7	1	1
351.69220	24.0440	24.4332	24.9125	1;2	z1:702.3776;z2:351.6922	2	2	701.37005	351.69230	4.6347e7	2	2
544.76886	24.5127	24.6205	24.9632	1;2;3	z1:1088.5342;z2:544.7689;z3:363.5152	3	2	1087.52347	544.76901	4.5342e7	3	3
300.19647	24.5127	24.8730	24.9632	1;2	z1:599.3867;z2:300.1965	2	2	598.37876	300.19666	4.5319e7	2	2
381.21140	24.0440	24.0440	24.5127	1;2	z1:761.4125;z2:381.2114	2	2	760.40800	381.21128	4.4459e7	2	2
345.21292	24.0440	24.3780	24.8730	1;2	z1:689.4178;z2:345.2129	2	2	688.41113	345.21284	4.4192e7	2	2
418.26498	24.0440	24.3087	24.7837	1	z1:418.2650	1	1	417.25771	418.26498	4.3835e7	1	1
402.19815	24.3087	24.7448	24.9363	1;2	z1:803.3873;z2:402.1982	2	2	802.38109	402.19782	4.3569e7	2	2
463.21582	24.6205	24.9125	24.9632	1;2	z1:925.4225;z2:463.2158	2	2	924.41631	463.21543	4.2258e7	2	2
532.27124	24.2738	24.7448	24.9632	1	z1:532.2712	1	1	531.26396	532.27124	4.1708e7	1	1
425.72440	24.0440	24.4808	24.9632	1;2	z1:850.4426;z2:425.7244	2	2	849.43439	425.72447	4.1571e7	2	2
617.33673	24.3087	24.7837	24.9632	1	z1:617.3367	1	1	616.32945	617.33673	4.1494e7	1	1
343.22101	24.5637	24.6553	24.9632	1;2	z1:685.4341;z2:343.2210	2	2	684.42736	343.22096	4.1188e7	2	2
379.20856	24.3780	24.8730	24.9632	1	z1:379.2086	1	1	378.20128	379.20856	4.1011e7	1	1
674.33557	24.0783	24.5637	24.9632	1;2	z1:674.3356;z2:337.6711	2	1	673.32814	674.33542	4.0772e7	2	2
518.28101	24.0440	24.4808	24.9632	1	z1:518.2810	1	1	517.27373	518.28101	4.0013e7	1	1
518.25647	24.2738	24.7448	24.9632	1	z1:518.2565	1	1	517.24919	518.25647	3.9782e7	1	1
474.26562	24.0440	24.0783	24.5637	2	z2:474.2656	1	2	946.51670	474.26562	3.9170e7	1	1
379.19461	24.0440	24.1215	24.6205	1;2	z1:757.3839;z2:379.1946	2	2	756.37510	379.19482	3.9059e7	2	2
520.27283	24.2738	24.6553	24.9632	1;2;3	z1:1039.5365;z2:520.2728;z3:347.1843	3	2	1038.53092	520.27274	3.8851e7	3	3
351.20178	24.0783	24.5637	24.9632	1	z1:351.2018	1	1	350.19451	351.20178	3.8575e7	1	2
565.27234	24.0440	24.4332	24.9125	1	z1:565.2723	1	1	564.26506	565.27234	3.8508e7	1	1
359.23895	24.6553	24.6987	24.9632	1	z1:359.2390	1	1	358.23168	359.23895	3.8372e7	1	1
444.21100	24.4332	24.5637	24.9632	1;2	z1:887.4113;z2:444.2110	2	2	886.40682	444.21069	3.8337e7	2	2
515.31793	24.3780	24.8730	24.9632	1	z1:515.3179	1	1	514.31066	515.31793	3.7966e7	1	2
330.21371	24.6553	24.7837	24.9632	1;2	z1:659.4197;z2:330.2137	2	2	658.41279	330.21367	3.7962e7	2	2
469.21173	24.6987	24.8730	24.9632	1;2;3	z1:937.4193;z2:469.2117;z3:313.1450	3	2	936.40948	469.21202	3.7939e7	3	4
640.30280	24.0440	24.1867	24.6205	1;2	z1:640.3028;z2:320.6556	2	1	639.29557	640.30284	3.7900e7	2	2
459.26718	24.1867	24.6553	24.9632	1	z1:459.2672	1	1	458.25990	459.26718	3.7040e7	1	1
644.34698	24.0440	24.0783	24.5637	1;2	z1:644.3470;z2:322.6774	2	1	643.33983	644.34711	3.6622e7	2	2
428.71701	24.0440	24.1867	24.6553	1;2	z1:856.4243;z2:428.7170	2	2	855.41910	428.71683	3.6518e7	2	2
428.26123	24.0440	24.3087	24.7837	1	z1:428.2612	1	1	427.25395	428.26123	3.6409e7	1	1
589.32965	24.6205	24.8730	24.9632	1	z1:589.3297	1	1	588.32237	589.32965	3.6319e7	1	1
544.31995	24.3780	24.8730	24.9632	1	z1:544.3199	1	1	543.31267	544.31995	3.5936e7	1	1
358.22620	24.1522	24.5127	24.9632	1;2	z1:715.4457;z2:358.2262	2	2	714.43796	358.22626	3.5828e7	2	2
456.23840	24.6987	24.8227	24.9632	1;2;3	z1:911.4671;z2:456.2384;z3:304.4939	3	2	910.46138	456.23797	3.5801e7	3	3
385.25497	24.3780	24.8730	24.9632	1	z1:385.2550	1	1	384.24770	385.25497	3.5713e7	1	1
473.30710	24.0440	24.3780	24.3780	1	z1:473.3071	1	1	472.29982	473.30710	3.5464e7	1	1
589.31885	24.0440	24.4808	24.5637	1	z1:589.3188	1	1	588.31157	589.31885	3.5341e7	1	1
460.28784	24.3087	24.7837	24.9632	1	z1:460.2878	1	1	459.28057	460.28784	3.4377e7	1	1
391.23654	24.1867	24.6553	24.9632	2	z2:391.2365	1	2	780.45853	391.23654	3.4134e7	1	1
545.30255	24.0783	24.5637	24.9632	1	z1:545.3026	1	1	544.29527	545.30255	3.4088e7	1	1
601.36542	24.3087	24.7837	24.9632	1;2	z1:601.3654;z2:301.1865	2	1	600.35820	601.36548	3.3893e7	2	2
579.26019	24.6553	24.7448	24.9632	1;2;3	z1:1157.5159;z2:579.2602;z3:386.5095	3	2	1156.50613	579.26034	3.3457e7	3	3
359.69476	24.4332	24.8227	24.9632	1;2	z1:719.3918;z2:359.6948	2	2	717.37777	359.69616	3.3452e7	2	3
319.68915	24.8730	24.9363	24.9632	1;2	z1:638.3726;z2:319.6891	2	2	637.36426	319.68941	3.3359e7	2	2
603.34558	24.0440	24.2738	24.7448	1;2	z1:603.3456;z2:302.1764	2	1	602.33826	603.34554	3.3246e7	2	2
522.26489	24.0783	24.5637	24.9632	1	z1:522.2649	1	1	521.25762	522.26489	3.2936e7	1	1
329.67023	24.0440	24.3087	24.5637	1;2	z1:658.3334;z2:329.6702	2	2	657.32601	329.67028	3.2905e7	2	2
490.26126	24.3780	24.8730	24.9632	1	z1:490.2613	1	1	489.25398	490.26126	3.2862e7	1	1
418.18744	24.0440	24.0440	24.5127	1;2	z1:835.3671;z2:418.1874	2	2	834.36024	418.18739	3.2842e7	2	2
487.29703	24.4808	24.9363	24.9632	1	z1:487.2970	1	1	486.28975	487.29703	3.2823e7	1	1
451.26627	24.3780	24.8730	24.9632	1	z1:451.2663	1	1	450.25899	451.26627	3.2333e7	1	1
405.71362	24.2738	24.6553	24.9632	2	z2:405.7136	1	2	809.41269	405.71362	3.2072e7	1	1
388.69208	24.0440	24.3087	24.7837	1;2	z1:776.3792;z2:388.6921	2	2	775.37056	388.69256	3.2024e7	2	2
446.22354	24.0440	24.5127	24.9632	1	z1:446.2235	1	1	445.21626	446.22354	3.2018e7	1	2
345.16568	24.2253	24.5637	24.9632	1;2	z1:689.3256;z2:345.1657	2	2	688.31731	345.16593	3.1067e7	2	2
609.28534	24.4808	24.9363	24.9632	1;2	z1:609.2853;z2:305.1474	2	1	608.27858	609.28586	3.0908e7	2	2
534.30469	24.4808	24.9363	24.9632	2	z2:534.3047	1	2	1066.59482	534.30469	3.0777e7	1	1
502.27576	24.0440	24.1522	24.6205	1	z1:502.2758	1	1	501.26848	502.27576	3.0480e7	1	1
369.69168	24.0440	24.3780	24.6987	1;2	z1:738.3756;z2:369.6917	2	2	737.36862	369.69158	3.0197e7	2	2
402.26978	24.4332	24.9125	24.9632	1	z1:402.2698	1	1	401.26250	402.26978	3.0117e7	1	1
411.23932	24.4332	24.5127	24.9632	1;2	z1:821.4712;z2:411.2393	2	2	820.46407	411.23931	3.0101e7	2	2
308.97446	24.0440	24.0783	24.5637	2	z2:308.9745	1	2	615.93436	308.97446	3.0001e7	1	1
378.19223	24.0440	24.4808	24.9125	1;2	z1:755.3796;z2:378.1922	2	2	754.37027	378.19241	2.9762e7	2	2
530.32788	24.0440	24.3087	24.7837	1	z1:530.3279	1	1	529.32060	530.32788	2.9374e7	1	1
355.18436	24.4332	24.9125	24.9632	1;2	z1:709.3605;z2:355.1844	2	2	708.35396	355.18426	2.9312e7	2	2
447.72495	24.0440	24.3087	24.7837	1;2	z1:894.4396;z2:447.7249	2	2	893.43503	447.72479	2.8966e7	2	2
720.33319	24.0440	24.3087	24.5127	1;2	z1:720.3332;z2:360.6697	2	1	719.32550	720.33277	2.8639e7	2	2
718.37219	24.2253	24.5127	24.6553	1;2	z1:718.3722;z2:359.6896	2	1	717.36481	718.37208	2.8472e7	2	2
388.25522	24.0440	24.1867	24.6553	1	z1:388.2552	1	1	387.24794	388.25522	2.7670e7	1	1
422.23947	24.0440	24.3087	24.7837	1	z1:422.2395	1	1	421.23219	422.23947	2.7462e7	1	1
403.22870	24.0440	24.3780	24.3780	1	z1:403.2287	1	1	402.22142	403.22870	2.7092e7	1	1
677.38281	24.5637	24.9632	24.9632	1;2	z1:677.3828;z2:339.1941	2	1	676.37473	677.38200	2.7033e7	2	2
574.32977	24.0783	24.4332	24.4808	1	z1:574.3298	1	1	572.31914	573.32642	2.6929e7	1	1
471.26724	24.0440	24.1867	24.6553	1	z1:471.2672	1	1	470.25997	471.26724	2.6822e7	1	1
445.73245	24.6205	24.9125	24.9632	1;2	z1:890.4556;z2:445.7325	2	2	889.44976	445.73216	2.6610e7	2	2
641.32330	24.0440	24.4808	24.9632	1;2	z1:641.3233;z2:321.1661	2	1	640.31631	641.32359	2.5730e7	2	2
589.27557	24.2253	24.5127	24.7837	1;2;3	z1:1177.5398;z2:589.2756;z3:393.1853	3	2	1176.53612	589.27533	2.5488e7	3	3
365.21793	24.0440	24.4808	24.9632	1	z1:365.2179	1	1	364.21065	365.21793	2.5318e7	1	1
504.27649	24.0440	24.2738	24.7448	1	z1:504.2765	1	1	503.26921	504.27649	2.5301e7	1	1
420.24030	24.1522	24.2738	24.6987	2;4	z2:839.4736;z4:420.2403	2	4	1676.93213	420.24031	2.5206e7	2	2
558.33435	24.2738	24.6205	24.9632	1	z1:558.3344	1	1	557.32707	558.33435	2.5156e7	1	1
412.71005	24.6553	24.9125	24.9632	1;2	z1:824.4148;z2:412.7101	2	2	823.40626	412.71041	2.4988e7	2	2
530.30249	24.0440	24.4808	24.9632	1	z1:530.3025	1	1	529.29521	530.30249	2.4977e7	1	1
480.28134	24.4808	24.9363	24.9632	1	z1:480.2813	1	1	479.27407	480.28134	2.4936e7	1	1
507.25888	24.0440	24.1867	24.6553	1	z1:507.2589	1	1	506.25160	507.25888	2.4879e7	1	1
350.18317	24.0783	24.4808	24.7837	1;2	z1:699.3594;z2:350.1832	2	2	698.35191	350.18323	2.4811e7	2	3
386.98795	24.0440	24.0783	24.5637	1	z1:386.9879	1	1	385.98067	386.98795	2.4784e7	1	1
502.74820	24.0440	24.0783	24.3432	1;2	z1:1004.4893;z2:502.7482	2	2	1003.48187	502.74821	2.4675e7	2	2
375.19778	24.0440	24.3087	24.7837	1	z1:375.1978	1	1	374.19051	375.19778	2.4506e7	1	1
438.24918	24.8227	24.9632	24.9632	1;2	z1:875.4918;z2:438.2492	2	2	874.48390	438.24923	2.4442e7	2	2
345.68597	24.2253	24.6987	24.9632	1;2	z1:690.3661;z2:345.6860	2	2	689.35813	345.68634	2.4349e7	2	2
486.24808	24.8730	24.9632	24.9632	1;2;3	z1:971.4882;z2:486.2481;z3:324.5006	3	2	970.48130	486.24793	2.4138e7	3	3
365.19156	24.2253	24.6987	24.9632	1;2	z1:729.3768;z2:365.1916	2	2	728.36878	365.19167	2.4133e7	2	2
403.69412	24.4332	24.6987	24.9363	1;2	z1:806.3812;z2:403.6941	2	2	805.37372	403.69414	2.3844e7	2	2
619.32941	24.0440	24.3780	24.8730	1;2	z1:619.3294;z2:310.1681	2	1	618.32195	619.32922	2.3350e7	2	2
446.27164	24.3087	24.7837	24.9632	1	z1:446.2716	1	1	445.26436	446.27164	2.3306e7	1	1
416.26025	24.0440	24.0440	24.5127	1	z1:416.2603	1	1	415.25298	416.26025	2.3266e7	1	1
306.15894	24.3780	24.8730	24.9632	1	z1:306.1589	1	1	305.15166	306.15894	2.3241e7	1	1
638.34827	24.1867	24.6553	24.9632	1;2	z1:638.3483;z2:319.6783	2	1	637.34133	638.34861	2.3168e7	2	2
632.33380	24.1867	24.6553	24.9632	1;2	z1:632.3338;z2:316.6709	2	1	631.32680	632.33408	2.2825e7	2	2
605.32428	24.8227	24.9363	24.9632	1	z1:605.3243	1	1	604.31700	605.32428	2.2654e7	1	1
756.40039	24.6205	24.8730	24.9632	1;2	z1:756.4004;z2:378.7027	2	1	755.39202	756.39929	2.2558e7	2	2
369.19397	24.4808	24.8227	24.9632	1;2	z1:737.3835;z2:369.1940	2	2	736.37400	369.19427	2.2481e7	2	2
460.27664	24.0440	24.1867	24.6205	1	z1:460.2766	1	1	459.26937	460.27664	2.2381e7	1	1
425.20877	24.2738	24.6205	24.9125	1;2	z1:849.4127;z2:425.2088	2	2	848.40396	425.20925	2.1927e7	2	4
474.26562	24.6205	24.8730	24.9632	1	z1:474.2656	1	1	473.25835	474.26562	2.1912e7	1	1
389.23990	24.0440	24.0783	24.5637	1	z1:389.2399	1	1	388.23262	389.23990	2.1882e7	1	1
306.18423	24.1867	24.6553	24.9632	1;2	z1:611.3619;z2:306.1842	2	2	610.35410	306.18433	2.1808e7	2	2
442.75009	24.6553	24.7448	24.9632	1;2	z1:884.4919;z2:442.7501	2	2	883.48552	442.75004	2.1760e7	2	2
623.31439	24.0440	24.1215	24.5637	1;2	z1:623.3144;z2:312.1611	2	1	622.30731	623.31458	2.1468e7	2	2
694.35162	24.0440	24.3087	24.7837	1;2	z1:694.3516;z2:347.6786	2	1	693.34378	694.35105	2.1337e7	2	2
323.69159	24.0440	24.2738	24.6553	1;2	z1:646.3757;z2:323.6916	2	2	645.36853	323.69154	2.1309e7	2	2
304.16089	24.0440	24.1522	24.6205	1	z1:304.1609	1	1	303.15361	304.16089	2.1277e7	1	1
343.20779	24.0440	24.1867	24.6553	1	z1:343.2078	1	1	342.20052	343.20779	2.1074e7	1	1
350.19183	24.0440	24.0440	24.5127	1;2	z1:699.3769;z2:350.1918	2	2	698.36925	350.19190	2.1063e7	2	2
515.28040	24.1215	24.4808	24.9632	1	z1:515.2804	1	1	514.27312	515.28040	2.1010e7	1	1
451.23004	24.3780	24.8730	24.9632	1	z1:451.2300	1	1	450.22277	451.23004	2.0993e7	1	1
406.67407	24.3780	24.8730	24.9632	1;2	z1:812.3407;z2:406.6741	2	2	811.33354	406.67405	2.0809e7	2	2
308.97446	24.6205	24.9125	24.9632	5	z5:308.9745	1	5	1539.83590	308.97446	2.0692e7	1	1
322.70804	24.6987	24.8730	24.9632	1;2	z1:644.4088;z2:322.7080	2	2	643.40151	322.70803	2.0674e7	2	2
387.27142	24.0440	24.2253	24.2253	1	z1:387.2714	1	1	386.26415	387.27142	2.0628e7	1	1
417.24551	24.6553	24.6987	24.9632	1	z1:417.2455	1	1	416.23824	417.24551	2.0595e7	1	1
345.22382	24.6987	24.6987	24.9632	1	z1:345.2238	1	1	344.21654	345.22382	2.0521e7	1	1
452.74042	24.0440	24.0440	24.5127	1;2	z1:904.4739;z2:452.7404	2	2	903.46633	452.74044	2.0502e7	2	2
592.31128	24.2253	24.6987	24.9632	1	z1:592.3113	1	1	591.30400	592.31128	2.0470e7	1	1
408.22318	24.0440	24.1867	24.6553	4	z4:408.2232	1	4	1628.86359	408.22318	2.0469e7	1	1
501.31378	24.4808	24.6553	24.9632	1	z1:501.3138	1	1	500.30651	501.31378	2.0453e7	1	1
561.32220	24.1215	24.6205	24.9632	1	z1:561.3222	1	1	560.31493	561.32220	2.0440e7	1	2
616.32959	24.0440	24.4808	24.8730	1	z1:616.3296	1	1	615.32231	616.32959	2.0320e7	1	1
604.32947	24.0440	24.4808	24.9632	1;2	z1:604.3295;z2:302.6682	2	1	603.32209	604.32936	2.0159e7	2	2
389.21378	24.2738	24.7448	24.9632	1	z1:389.2138	1	1	388.20650	389.21378	2.0030e7	1	1
333.21317	24.0440	24.5127	24.9632	1	z1:333.2132	1	1	332.20589	333.21317	1.9998e7	1	1
498.77042	24.0440	24.2253	24.3432	1;2;3	z1:996.5317;z2:498.7704;z3:332.8492	3	2	995.52607	498.77031	1.9872e7	3	3
359.69476	24.0440	24.0783	24.4332	1;2	z1:719.3881;z2:359.6948	2	2	717.37540	359.69498	1.9844e7	2	2
501.24384	24.2253	24.6987	24.9632	1	z1:501.2438	1	1	500.23656	501.24384	1.9804e7	1	1
458.30737	24.4808	24.9632	24.9632	1	z1:458.3074	1	1	457.30010	458.30737	1.9801e7	1	1
375.23486	24.6205	24.8730	24.9632	1	z1:375.2349	1	1	374.22759	375.23486	1.9801e7	1	1
419.24280	24.3780	24.8730	24.9632	2	z2:419.2428	1	2	836.47104	419.24280	1.9799e7	1	1
588.34436	24.0783	24.5637	24.7837	1	z1:588.3444	1	1	587.33708	588.34436	1.9738e7	1	1
382.68790	24.6205	24.9363	24.9632	1;2	z1:764.3662;z2:382.6879	2	2	763.36018	382.68737	1.9610e7	2	4
579.27863	24.3780	24.8730	24.9632	1	z1:579.2786	1	1	578.27135	579.27863	1.9497e7	1	1
421.22177	24.5127	24.9125	24.9632	2	z2:421.2218	1	2	840.42899	421.22177	1.9398e7	1	1
639.30914	24.5127	24.9632	24.9632	1;2	z1:639.3091;z2:320.1583	2	1	638.30198	639.30925	1.9394e7	2	2
446.26096	24.0440	24.3087	24.7837	1	z1:446.2610	1	1	445.25368	446.26096	1.9273e7	1	1
427.56055	24.3432	24.3780	24.6553	2;3	z2:640.8388;z3:427.5605	2	3	1279.66132	427.56105	1.9256e7	2	2
426.74332	24.0440	24.2738	24.6987	1;2	z1:852.4796;z2:426.7433	2	2	851.47210	426.74333	1.8901e7	2	2
338.18277	24.2253	24.6987	24.7448	1	z1:338.1828	1	1	337.17549	338.18277	1.8856e7	1	1
757.34845	24.0440	24.3780	24.5637	1;2	z1:757.3484;z2:379.1765	2	1	756.34016	757.34744	1.8226e7	2	2
537.26617	24.4808	24.9125	24.9632	1	z1:537.2662	1	1	536.25890	537.26617	1.8226e7	1	1
418.20358	24.0440	24.1867	24.6553	1	z1:418.2036	1	1	417.19631	418.20358	1.8189e7	1	1
535.75427	24.4808	24.5637	24.8730	1;2;3	z1:1070.5033;z2:535.7543;z3:357.5061	3	2	1069.49470	535.75462	1.8171e7	3	3
433.73975	24.9125	24.9363	24.9632	1;2	z1:866.4693;z2:433.7397	2	2	865.46450	433.73953	1.8039e7	2	2
449.21774	24.2253	24.6987	24.9363	1	z1:449.2177	1	1	448.21047	449.21774	1.7865e7	1	1
704.31927	24.0440	24.1867	24.4332	1;2	z1:704.3193;z2:352.6636	2	1	703.31228	704.31956	1.7777e7	2	2
411.70764	24.0440	24.4808	24.6553	1;2	z1:822.4105;z2:411.7076	2	2	821.40116	411.70786	1.7571e7	2	2
331.23407	24.0440	24.0783	24.5637	1	z1:331.2341	1	1	330.22679	331.23407	1.7408e7	1	1
400.23654	24.5637	24.6987	24.9632	1;2	z1:799.4655;z2:400.2365	2	2	798.45850	400.23653	1.7201e7	2	2
526.29718	24.1215	24.6205	24.9632	1	z1:526.2972	1	1	525.28990	526.29718	1.7025e7	1	1
523.24939	24.3780	24.8730	24.9632	1	z1:523.2494	1	1	522.24211	523.24939	1.6950e7	1	1
329.19241	24.0440	24.3780	24.8730	1	z1:329.1924	1	1	328.18514	329.19241	1.6921e7	1	1
558.32434	24.0440	24.1522	24.3432	1	z1:558.3243	1	1	557.31706	558.32434	1.6786e7	1	1
605.30737	24.0783	24.3087	24.4332	1;2	z1:605.3074;z2:303.1572	2	1	604.30002	605.30730	1.6419e7	2	2
587.32928	24.0783	24.5637	24.9632	1	z1:587.3293	1	1	586.32201	587.32928	1.6362e7	1	1
385.18643	24.0440	24.0783	24.3087	1;2	z1:769.3651;z2:385.1864	2	2	768.35819	385.18637	1.6193e7	2	2
549.79742	24.7448	24.7837	24.8730	2	z2:549.7974	1	2	1097.58030	549.79742	1.6100e7	1	1
386.98795	24.6205	24.7837	24.9632	5	z5:386.9879	1	5	1928.89999	386.78727	1.5845e7	1	1
633.30823	24.3432	24.8227	24.9632	1;2	z1:633.3082;z2:317.1580	2	1	632.30097	633.30825	1.5717e7	2	2
416.28592	24.0783	24.5637	24.9632	1	z1:416.2859	1	1	415.27864	416.28592	1.5695e7	1	1
501.78275	24.6987	24.7837	24.9632	1;2	z1:1002.5555;z2:501.7827	2	2	1001.55059	501.78257	1.5675e7	2	2
618.30865	24.0440	24.0440	24.4332	1;2	z1:618.3087;z2:309.6579	2	1	617.30134	618.30862	1.5585e7	2	2
445.27591	24.0440	24.3780	24.5637	1	z1:445.2759	1	1	443.26528	444.27255	1.5546e7	1	1
423.74329	24.0440	24.0783	24.3087	1;2	z1:846.4786;z2:423.7433	2	2	845.47190	423.74323	1.5544e7	2	2
719.36627	24.6205	24.8227	24.9632	1;2	z1:719.3663;z2:360.1876	2	1	718.35974	719.36702	1.5504e7	2	2
487.36005	24.0783	24.5637	24.9632	1	z1:487.3600	1	1	486.35277	487.36005	1.5320e7	1	1
520.27954	24.7448	24.8730	24.9632	1	z1:520.2795	1	1	519.27226	520.27954	1.5108e7	1	1
333.68134	24.0783	24.4808	24.8730	1;2	z1:666.3551;z2:333.6813	2	2	665.34806	333.68131	1.4927e7	2	2
375.22388	24.0440	24.3087	24.7837	1	z1:375.2239	1	1	374.21660	375.22388	1.4808e7	1	1
588.30933	24.2253	24.6987	24.9632	1	z1:588.3093	1	1	587.30205	588.30933	1.4777e7	1	1
449.90744	24.6205	24.7448	24.8227	2;3	z2:674.3587;z3:449.9074	2	3	1346.70157	449.90780	1.4769e7	2	2
363.19855	24.0440	24.3087	24.7837	1	z1:363.1985	1	1	362.19127	363.19855	1.4498e7	1	1
458.29626	24.4808	24.9363	24.9632	1	z1:458.2963	1	1	457.28899	458.29626	1.4356e7	1	1
466.26294	24.0440	24.3087	24.3780	1;2	z1:931.5208;z2:466.2629	2	2	930.51156	466.26305	1.4272e7	2	2
409.24414	24.0440	24.1215	24.6205	1	z1:409.2441	1	1	408.23686	409.24414	1.4075e7	1	1
389.25003	24.6205	24.6987	24.9632	1	z1:389.2500	1	1	388.24275	389.25003	1.3712e7	1	1
494.23505	24.0440	24.4332	24.9125	1	z1:494.2350	1	1	493.22777	494.23505	1.3601e7	1	1
407.76077	24.8730	24.9125	24.9632	1;2	z1:814.5145;z2:407.7608	2	2	813.50703	407.76079	1.3458e7	2	2
717.35120	24.3780	24.8730	24.9632	1;2	z1:717.3512;z2:359.1798	2	1	716.34432	717.35159	1.3353e7	2	2
491.78647	24.9125	24.9363	24.9632	1;2	z1:982.5654;z2:491.7865	2	2	981.55836	491.78646	1.3271e7	2	2
464.23438	24.6987	24.9125	24.9632	2	z2:464.2344	1	2	926.45420	464.23438	1.3235e7	1	1
437.21280	24.0783	24.5637	24.6205	1	z1:437.2128	1	1	436.20552	437.21280	1.3135e7	1	1
439.72617	24.0440	24.3087	24.7448	1;2	z1:878.4454;z2:439.7262	2	2	877.43782	439.72618	1.3011e7	2	2
631.34967	24.4332	24.6987	24.9632	1	z1:631.3497	1	1	630.34239	631.34967	1.2878e7	1	1
519.31238	24.0440	24.1867	24.1867	1	z1:519.3124	1	1	518.30510	519.31238	1.2810e7	1	1
563.30219	24.0440	24.4808	24.9632	1	z1:563.3022	1	1	562.29491	563.30219	1.2803e7	1	2
606.34406	24.2738	24.2738	24.7448	1	z1:606.3441	1	1	605.33678	606.34406	1.2666e7	1	1
402.69537	24.0440	24.4332	24.6205	4	z4:402.6954	1	4	1606.75239	402.69537	1.2559e7	1	1
308.20023	24.0440	24.0783	24.5127	1;2	z1:615.3940;z2:308.2002	2	2	614.38618	308.20037	1.2552e7	2	2
345.20081	24.0440	24.0440	24.4332	1;2	z1:689.3939;z2:345.2008	2	2	688.38700	345.20078	1.2549e7	2	2
542.26727	24.0440	24.3087	24.7448	1	z1:542.2673	1	1	541.26000	542.26727	1.2502e7	1	1
402.26978	24.0440	24.3780	24.3780	1	z1:402.2698	1	1	401.26250	402.26978	1.2481e7	1	1
502.29703	24.2253	24.6987	24.9632	1	z1:502.2970	1	1	501.28975	502.29703	1.2453e7	1	1
356.17917	24.3432	24.6553	24.9632	1;2	z1:710.3467;z2:356.1792	2	2	709.33940	355.67698	1.2445e7	1	2
395.20782	24.4808	24.9125	24.9632	1;2	z1:789.4104;z2:395.2078	2	2	788.40144	395.20800	1.2432e7	2	2
531.28668	24.6987	24.6987	24.9632	1	z1:531.2867	1	1	530.27941	531.28668	1.2330e7	1	1
330.69263	24.0440	24.1867	24.6553	1;2	z1:660.3773;z2:330.6926	2	2	659.37067	330.69261	1.2308e7	2	2
743.32031	24.3780	24.8730	24.9632	1	z1:743.3203	1	1	742.31304	743.32031	1.2268e7	1	1
401.28693	24.7837	24.9363	24.9632	1	z1:401.2869	1	1	400.27965	401.28693	1.2223e7	1	1
372.70865	24.0440	24.3087	24.7837	4	z4:372.7086	1	4	1486.80549	372.70865	1.2215e7	1	1
344.20456	24.0440	24.1867	24.6553	1;2	z1:687.4046;z2:344.2046	2	2	686.39521	344.20488	1.2180e7	2	2
682.31561	24.0440	24.3780	24.5637	1;2	z1:682.3156;z2:341.6611	2	1	681.30808	682.31536	1.2151e7	2	2
399.68951	24.1522	24.6553	24.8730	1;2	z1:798.3734;z2:399.6895	2	2	797.36509	399.68982	1.2150e7	2	2
452.24945	24.3780	24.8730	24.9632	1	z1:452.2495	1	1	451.24217	452.24945	1.2133e7	1	2
323.20474	24.0440	24.1522	24.5127	1;2	z1:645.4020;z2:323.2047	2	2	644.39489	323.20472	1.2104e7	2	2
460.25055	24.3087	24.7837	24.9632	1	z1:460.2505	1	1	459.24327	460.25055	1.2027e7	1	1
804.44666	24.6553	24.9125	24.9632	2;4	z2:804.4467;z4:401.7231	2	2	1606.87876	804.44666	1.2015e7	1	2
471.29236	24.3780	24.8730	24.9632	1	z1:471.2924	1	1	470.28508	471.29236	1.1813e7	1	1
416.26025	24.5637	24.7837	24.9363	1	z1:416.2603	1	1	415.25298	416.26025	1.1811e7	1	1
378.73886	24.8730	24.9363	24.9632	1;2	z1:756.4711;z2:378.7389	2	2	755.46325	378.73890	1.1722e7	2	2
392.71878	24.0440	24.3780	24.6205	1;2	z1:784.4310;z2:392.7188	2	2	783.42318	392.71887	1.1630e7	2	2
504.24011	24.0440	24.4332	24.8730	1	z1:504.2401	1	1	503.23284	504.24011	1.1484e7	1	1
485.28329	24.0440	24.3087	24.5127	1	z1:485.2833	1	1	484.27602	485.28329	1.1400e7	1	1
432.21979	24.1215	24.6205	24.9125	1	z1:432.2198	1	1	431.21251	432.21979	1.1371e7	1	1
377.22147	24.0440	24.1867	24.6553	2	z2:377.2215	1	2	752.42838	377.22147	1.1354e7	1	1
432.24524	24.0440	24.0783	24.5637	1	z1:432.2452	1	1	431.23796	432.24524	1.1335e7	1	1
414.24600	24.0440	24.1867	24.3432	1	z1:414.2460	1	1	413.23873	414.24600	1.1298e7	1	1
316.19235	24.0440	24.0783	24.2738	2	z2:316.1924	1	2	630.37015	316.19235	1.1286e7	1	1
343.19699	24.6987	24.9363	24.9632	1;2	z1:685.3866;z2:343.1970	2	2	684.37939	343.19697	1.1271e7	2	2
562.28064	24.4808	24.9632	24.9632	1	z1:562.2806	1	1	561.27336	562.28064	1.1229e7	1	1
487.29703	24.0440	24.0440	24.4332	1	z1:487.2970	1	1	486.28975	487.29703	1.1199e7	1	1
302.68610	24.0440	24.0783	24.3780	1;2	z1:604.3660;z2:302.6861	2	2	603.35802	302.68629	1.1100e7	2	2
317.21771	24.0440	24.0783	24.5637	1	z1:317.2177	1	1	316.21044	317.21771	1.1093e7	1	1
574.31934	24.6987	24.7448	24.9632	1	z1:574.3193	1	1	573.31206	574.31934	1.1092e7	1	2
390.22394	24.9125	24.9632	24.9632	1;2	z1:779.4411;z2:390.2239	2	2	778.43342	390.22399	1.1087e7	2	2
643.34082	24.6987	24.9632	24.9632	1	z1:643.3408	1	1	642.33354	643.34082	1.1032e7	1	1
485.27118	24.3780	24.8730	24.9632	1	z1:485.2712	1	1	484.26390	485.27118	1.1001e7	1	1
499.29904	24.0440	24.5127	24.9632	1	z1:499.2990	1	1	497.28841	498.29569	1.0982e7	1	1
327.19531	24.4808	24.5127	24.9125	1;2	z1:653.3833;z2:327.1953	2	2	652.37607	327.19531	1.0976e7	2	2
494.25995	24.4808	24.9125	24.9632	1	z1:494.2599	1	1	493.25267	494.25995	1.0954e7	1	1
374.23990	24.0440	24.0783	24.5637	1	z1:374.2399	1	1	373.23262	374.23990	1.0928e7	1	1
476.80066	24.1522	24.1867	24.3432	2;3	z2:476.8007;z3:318.2020	2	2	951.58558	476.80007	1.0894e7	2	2
610.29236	24.0440	24.1522	24.5637	1;2	z1:610.2924;z2:305.6505	2	1	609.28541	610.29269	1.0777e7	2	2
571.32013	24.0440	24.5127	24.7837	1	z1:571.3201	1	1	570.31285	571.32013	1.0680e7	1	1
337.86108	24.2738	24.3780	24.6553	2;3	z2:506.2869;z3:337.8611	2	3	1010.56033	337.86072	1.0636e7	2	2
419.22333	24.3087	24.7837	24.9632	1	z1:419.2233	1	1	418.21605	419.22333	1.0608e7	1	1
373.70569	24.0440	24.3780	24.5127	4	z4:373.7057	1	4	1490.79365	373.70569	1.0543e7	1	1
460.27664	24.6987	24.9125	24.9125	1	z1:460.2766	1	1	459.26937	460.27664	1.0518e7	1	1
676.35144	24.5127	24.8730	24.9632	1;2	z1:676.3514;z2:338.6790	2	1	675.34393	676.35121	1.0480e7	2	2
481.75018	24.5637	24.8730	24.9632	1;2	z1:962.4900;z2:481.7502	2	2	961.48552	481.75003	1.0456e7	2	2
618.32025	24.3780	24.8730	24.9632	1	z1:618.3203	1	1	617.31297	618.32025	1.0455e7	1	1
418.18744	24.5637	24.9125	24.9632	2	z2:418.1874	1	2	834.36032	418.18744	1.0445e7	1	1
432.28091	24.0440	24.1867	24.1867	1	z1:432.2809	1	1	431.27364	432.28091	1.0361e7	1	2
531.32367	24.6553	24.7837	24.9632	1	z1:531.3237	1	1	530.31639	531.32367	1.0163e7	1	1
319.69669	24.4808	24.8227	24.9632	1;2	z1:638.3848;z2:319.6967	2	2	637.37855	319.69655	1.0101e7	2	2
579.32343	24.0440	24.3780	24.8730	1	z1:579.3234	1	1	578.31615	579.32343	1.0060e7	1	1
576.29803	24.3432	24.8227	24.9632	1	z1:576.2980	1	1	575.29076	576.29803	1.0002e7	1	1
395.22861	24.0440	24.1867	24.2253	1	z1:395.2286	1	1	394.22133	395.22861	9.9753e6	1	1
466.24011	24.4332	24.9125	24.9632	1	z1:466.2401	1	1	465.23284	466.24011	9.9693e6	1	1
718.40857	24.8227	24.9363	24.9632	1;2	z1:718.4086;z2:359.7076	2	1	717.40116	718.40844	9.9655e6	2	2
513.27759	24.0440	24.3780	24.8730	1	z1:513.2776	1	1	513.27367	514.28094	9.9650e6	1	1
778.35693	24.2738	24.7837	24.9125	1;2	z1:778.3569;z2:389.6827	2	1	777.35028	778.35756	9.9364e6	2	2
331.23291	24.6205	24.8227	24.9632	1	z1:331.2329	1	1	330.22563	331.23291	9.8984e6	1	1
558.32434	24.6987	24.9363	24.9632	1	z1:558.3243	1	1	557.31706	558.32434	9.7923e6	1	1
577.25580	24.2738	24.7448	24.9363	1	z1:577.2558	1	1	577.25188	578.25915	9.7857e6	1	1
305.18161	24.0440	24.3087	24.7837	2	z2:305.1816	1	2	608.34867	305.18161	9.7768e6	1	1
390.21228	24.4332	24.9125	24.9632	1	z1:390.2123	1	1	389.20500	390.21228	9.6865e6	1	1
414.26990	24.4808	24.9632	24.9632	1	z1:414.2699	1	1	413.26262	414.26990	9.6859e6	1	1
505.29636	24.8227	24.8227	24.9632	1	z1:505.2964	1	1	504.28908	505.29636	9.6554e6	1	2
403.20117	24.0440	24.3780	24.3780	2;3;4	z2:803.8823;z3:535.9230;z4:403.2012	3	4	1604.74697	402.19402	9.5310e6	2	3
436.72617	24.7448	24.8730	24.9632	2;4	z2:872.4460;z4:436.7262	2	4	1742.87570	436.72620	9.4859e6	2	2
537.30145	24.3780	24.8730	24.9632	1	z1:537.3015	1	1	536.29418	537.30145	9.4369e6	1	1
537.76056	24.0440	24.1522	24.3780	1;2	z1:1074.5178;z2:537.7606	2	2	1073.50677	537.76066	9.3742e6	2	2
606.34406	24.6205	24.7837	24.9632	1;2	z1:606.3441;z2:303.6764	2	1	605.33752	606.34480	9.3185e6	2	2
590.30389	24.5127	24.9125	24.9632	1	z1:590.3039	1	1	589.29662	590.30389	9.3163e6	1	1
356.19186	24.9363	24.9363	24.9632	1;2	z1:711.3779;z2:356.1919	2	2	710.36946	356.19201	9.2111e6	2	2
350.71362	24.4808	24.6205	24.9632	1;2	z1:700.4229;z2:350.7136	2	2	699.41284	350.71370	9.1876e6	2	2
372.18719	24.0440	24.4332	24.9125	1;2	z1:743.3663;z2:372.1872	2	2	742.35970	372.18713	9.1305e6	2	2
551.28119	24.3780	24.8730	24.9632	1	z1:551.2812	1	1	550.27391	551.28119	9.0003e6	1	1
570.37195	24.0440	24.3780	24.8730	1	z1:570.3719	1	1	569.36467	570.37195	8.9499e6	1	1
631.37665	24.0440	24.1867	24.2738	1	z1:631.3766	1	1	630.36937	631.37665	8.9043e6	1	1
476.23468	24.0440	24.4808	24.6205	1	z1:476.2347	1	1	475.22740	476.23468	8.7881e6	1	1
461.23517	24.0440	24.3780	24.7448	1	z1:461.2352	1	1	460.22789	461.23517	8.7623e6	1	1
701.34479	24.2253	24.6987	24.7837	1	z1:701.3448	1	1	700.33751	701.34479	8.7440e6	1	1
617.35992	24.1867	24.6553	24.9632	1;2	z1:617.3599;z2:309.1839	2	1	616.35282	617.36009	8.6734e6	2	2
459.25604	24.0440	24.1522	24.6205	1	z1:459.2560	1	1	458.24877	459.25604	8.5519e6	1	1
465.74033	24.0440	24.1867	24.3087	1;2	z1:930.4743;z2:465.7403	2	2	929.46617	465.74036	8.4936e6	2	2
416.29715	24.0440	24.0440	24.5127	1	z1:416.2971	1	1	415.28987	416.29715	8.4774e6	1	1
403.71558	24.0440	24.1867	24.6553	2	z2:403.7156	1	2	805.41660	403.71558	8.4282e6	1	1
546.28778	24.0440	24.5127	24.9632	1	z1:546.2878	1	1	545.28050	546.28778	8.3518e6	1	1
624.30927	24.0440	24.3087	24.3780	1;2	z1:624.3093;z2:312.6587	2	1	623.30229	624.30956	8.3456e6	2	2
445.25107	24.1215	24.6205	24.7837	1	z1:445.2511	1	1	444.24379	445.25107	8.3254e6	1	1
493.24225	24.2253	24.6987	24.9632	1	z1:493.2422	1	1	492.23497	493.24225	8.2223e6	1	1
371.70746	24.7837	24.9632	24.9632	1;2	z1:742.4061;z2:371.7075	2	2	741.39989	371.70722	8.2034e6	2	2
536.27472	24.0440	24.1215	24.3087	1	z1:536.2747	1	1	535.26744	536.27472	8.2011e6	1	1
337.71329	24.0440	24.0440	24.4332	1;2	z1:674.4183;z2:337.7133	2	2	673.41175	337.71315	8.1958e6	2	2
660.32922	24.3780	24.8730	24.9632	1;2	z1:660.3292;z2:330.6688	2	1	659.32226	660.32954	8.1273e6	2	2
355.20334	24.1867	24.4808	24.6205	1;2	z1:709.3962;z2:355.2033	2	2	708.39153	355.20304	8.0961e6	2	2
509.77838	24.3087	24.4808	24.5127	1;2	z1:1018.5527;z2:509.7784	2	2	1017.54253	509.77854	7.8659e6	2	2
804.38202	24.0440	24.3780	24.5637	1	z1:804.3820	1	1	803.37474	804.38202	7.8566e6	1	1
572.35089	24.5637	24.6553	24.7837	1	z1:572.3509	1	1	571.34361	572.35089	7.8558e6	1	1
368.68924	24.3087	24.6553	24.9363	2	z2:368.6892	1	2	735.36393	368.68924	7.8441e6	1	1
480.74500	24.0783	24.3087	24.5637	2	z2:480.7450	1	2	959.47544	480.74500	7.8408e6	1	1
504.26581	24.0440	24.0783	24.5637	1	z1:504.2658	1	1	503.25853	504.26581	7.8287e6	1	1
491.76175	24.0440	24.1215	24.3087	1;2;3	z1:982.5189;z2:491.7617;z3:328.1770	3	2	981.50908	491.76182	7.8227e6	3	4
371.23947	24.0440	24.0783	24.5637	1	z1:371.2395	1	1	370.23219	371.23947	7.7848e6	1	1
332.16422	24.0440	24.0783	24.5637	1;2	z1:663.3206;z2:332.1642	2	2	662.31369	332.16412	7.6794e6	2	2
417.69513	24.0440	24.4332	24.9125	1	z1:417.6951	1	1	416.68785	417.69513	7.6621e6	1	1
322.18738	24.9125	24.9125	24.9632	1	z1:322.1874	1	1	321.18010	322.18738	7.6215e6	1	1
517.29712	24.5637	24.5637	24.9632	1	z1:517.2971	1	1	516.28984	517.29712	7.6124e6	1	1
510.25491	24.4332	24.9125	24.9632	1	z1:510.2549	1	1	509.24764	510.25491	7.5991e6	1	2
569.31061	24.8227	24.8730	24.9632	2;3	z2:569.3106;z3:379.8763	2	2	1136.60673	569.31064	7.5934e6	2	2
421.18585	24.0440	24.0783	24.5637	1	z1:421.1859	1	1	420.17858	421.18585	7.5420e6	1	1
408.22318	24.6987	24.9363	24.9632	2;4	z2:815.4376;z4:408.2232	2	4	1628.86337	408.22312	7.5243e6	2	2
691.28204	24.4332	24.9125	24.9632	1	z1:691.2820	1	1	690.27477	691.28204	7.5110e6	1	1
349.71814	24.0440	24.1215	24.3087	1;2	z1:698.4310;z2:349.7181	2	2	697.42197	349.71826	7.5066e6	2	2
425.21375	24.0440	24.0440	24.5127	1	z1:425.2137	1	1	424.20647	425.21375	7.4969e6	1	1
322.15350	24.4808	24.9363	24.9632	1	z1:322.1535	1	1	321.14623	322.15350	7.4215e6	1	1
523.32397	24.0440	24.1867	24.4808	1	z1:523.3240	1	1	522.31670	523.32397	7.3848e6	1	1
460.73779	24.6553	24.7448	24.9363	1;2	z1:920.4697;z2:460.7378	2	2	919.46111	460.73783	7.3654e6	2	2
587.35077	24.4808	24.9363	24.9632	1	z1:587.3508	1	1	586.34349	587.35077	7.3550e6	1	1
561.29706	24.3780	24.8730	24.9632	1	z1:561.2971	1	1	560.28978	561.29706	7.3212e6	1	1
385.21783	24.1867	24.6553	24.9632	1	z1:385.2178	1	1	384.21056	385.21783	7.3048e6	1	1
519.26990	24.0440	24.3087	24.3780	1	z1:519.2699	1	1	518.26262	519.26990	7.3027e6	1	1
337.21555	24.1522	24.5127	24.9125	1;2	z1:673.4235;z2:337.2155	2	2	672.41646	337.21551	7.2719e6	2	2
431.26056	24.0440	24.0783	24.5637	1	z1:431.2606	1	1	430.25328	431.26056	7.2428e6	1	1
421.18585	24.6205	24.9125	24.9632	1	z1:421.1859	1	1	420.17858	421.18585	7.2394e6	1	1
459.25604	24.6553	24.6987	24.9632	4	z4:459.2560	1	4	1832.99506	459.25604	7.2244e6	1	1
575.30353	24.5127	24.9632	24.9632	1	z1:575.3035	1	1	574.29625	575.30353	7.2074e6	1	1
517.30829	24.0440	24.3087	24.3432	1	z1:517.3083	1	1	516.30101	517.30829	7.1788e6	1	1
743.40454	24.0440	24.1522	24.6205	1	z1:743.4045	1	1	742.39726	743.40454	7.1771e6	1	1
387.73834	24.6553	24.7448	24.8730	4	z4:387.7383	1	4	1546.92426	387.73834	7.1455e6	1	2
536.31927	24.0440	24.1867	24.6553	1	z1:536.3193	1	1	535.31200	536.31927	7.1380e6	1	1
391.19269	24.0440	24.2738	24.7448	1	z1:391.1927	1	1	390.18541	391.19269	7.0780e6	1	1
537.24738	24.4808	24.9125	24.9632	1	z1:537.2474	1	1	536.24010	537.24738	7.0764e6	1	1
588.38214	24.0440	24.3087	24.7837	1	z1:588.3821	1	1	587.37486	588.38214	7.0286e6	1	1
573.33514	24.0440	24.1867	24.2253	6	z6:573.3351	1	6	3431.96050	573.00069	7.0180e6	1	1
439.22836	24.0440	24.0440	24.3780	1	z1:439.2284	1	1	437.21773	438.22501	6.9997e6	1	1
388.22922	24.0783	24.5637	24.7448	4	z4:388.2292	1	4	1550.89447	388.73089	6.9614e6	1	1
450.70898	24.6987	24.9125	24.9632	4	z4:450.7090	1	4	1798.80683	450.70898	6.9576e6	1	1
603.30914	24.0440	24.4332	24.5637	1	z1:603.3091	1	1	602.30187	603.30914	6.9512e6	1	1
492.60547	24.7837	24.8730	24.9632	2;3	z2:738.4059;z3:492.6055	2	3	1474.79557	492.60580	6.9393e6	2	2
408.73163	24.0440	24.3780	24.3780	1;2	z1:816.4547;z2:408.7316	2	2	815.44866	408.73160	6.9320e6	2	2
373.72342	24.3087	24.6987	24.8227	4	z4:373.7234	1	4	1490.86457	373.72342	6.9243e6	1	1
810.41949	24.4332	24.6553	24.9632	2	z2:810.4195	1	2	1618.82444	810.41949	6.7815e6	1	1
793.37665	24.3087	24.5637	24.9363	1;2	z1:793.3766;z2:397.6968	2	1	792.37204	793.37932	6.7244e6	2	3
470.27151	24.0440	24.2738	24.7448	1	z1:470.2715	1	1	469.26424	470.27151	6.6958e6	1	1
441.21585	24.0440	24.4808	24.9632	1	z1:441.2159	1	1	440.20857	441.21585	6.6353e6	1	1
381.22406	24.0440	24.2738	24.5637	1	z1:381.2241	1	1	380.21678	381.22406	6.5644e6	1	1
591.29681	24.0440	24.0783	24.5637	1	z1:591.2968	1	1	590.28954	591.29681	6.5590e6	1	1
446.27164	24.0440	24.0783	24.2738	1	z1:446.2716	1	1	445.26436	446.27164	6.5438e6	1	1
462.24924	24.6553	24.9363	24.9632	1	z1:462.2492	1	1	461.24196	462.24924	6.5203e6	1	2
303.21405	24.0440	24.0783	24.5637	1	z1:303.2141	1	1	302.20677	303.21405	6.4904e6	1	1
570.28699	24.0440	24.3432	24.7837	1	z1:570.2870	1	1	569.27971	570.28699	6.4808e6	1	1
501.33923	24.3780	24.8730	24.9632	1	z1:501.3392	1	1	500.33196	501.33923	6.4738e6	1	1
708.34082	24.0783	24.3780	24.5127	1;2	z1:708.3408;z2:354.6740	2	1	707.33352	708.34079	6.4516e6	2	2
332.94098	24.0440	24.0783	24.5637	4	z4:332.9410	1	4	1327.73481	332.94098	6.4490e6	1	1
456.29181	24.2253	24.6987	24.9632	2	z2:456.2918	1	2	910.56907	456.29181	6.4325e6	1	1
544.31995	24.0440	24.0440	24.3432	1	z1:544.3199	1	1	543.31267	544.31995	6.4134e6	1	1
544.37994	24.0440	24.0783	24.5637	1	z1:544.3799	1	1	543.37267	544.37994	6.4072e6	1	1
413.72406	24.8227	24.9125	24.9632	4	z4:413.7241	1	4	1650.86713	413.72406	6.4031e6	1	1
420.71268	24.7448	24.9125	24.9632	1	z1:420.7127	1	1	419.70540	420.71268	6.3937e6	1	1
442.66565	24.0440	24.0440	24.4332	1;2	z1:884.3230;z2:442.6656	2	2	883.31635	442.66545	6.3832e6	2	2
338.18161	24.0440	24.0783	24.1867	2	z2:338.1816	1	2	674.34867	338.18161	6.3819e6	1	1
308.67404	24.3087	24.7837	24.9632	1	z1:308.6740	1	1	307.66677	308.67404	6.3785e6	1	1
385.20068	24.0440	24.0783	24.5637	1;2	z1:769.3973;z2:385.2007	2	2	769.39336	385.70395	6.3702e6	1	2
361.18274	24.3432	24.8227	24.9632	2;3	z2:540.7698;z3:361.1827	2	3	1079.52512	360.84898	6.3699e6	1	2
388.21909	24.3432	24.4808	24.7448	2;4	z2:775.4279;z4:388.2191	2	4	1548.84644	388.21889	6.2834e6	2	2
406.18182	24.0440	24.1867	24.2738	1;2	z1:811.3574;z2:406.1818	2	2	810.34961	406.18208	6.2615e6	2	2
523.25391	24.0440	24.1522	24.3087	1	z1:523.2539	1	1	522.24663	523.25391	6.2575e6	1	2
517.27271	24.0440	24.1867	24.6553	1	z1:517.2727	1	1	517.26878	518.27606	6.2505e6	1	1
705.34088	24.2738	24.6987	24.9125	1;2	z1:705.3409;z2:353.1734	2	1	704.33323	705.34050	6.2448e6	2	2
613.27399	24.0783	24.3780	24.6205	1;2	z1:613.2740;z2:307.1409	2	1	612.26694	613.27422	6.2243e6	2	2
318.66037	24.0440	24.1867	24.3780	1;2	z1:636.3117;z2:318.6604	2	2	635.30534	318.65995	6.1385e6	2	2
448.25876	24.7837	24.9363	24.9632	2	z2:448.2588	1	2	894.50296	448.25876	6.1264e6	1	1
388.29135	24.0440	24.3780	24.8730	1	z1:388.2914	1	1	387.28407	388.29135	6.0951e6	1	1
396.70825	24.6553	24.7448	24.9632	1;2	z1:792.4107;z2:396.7083	2	2	791.40221	396.70838	6.0598e6	2	2
443.22394	24.4332	24.8227	24.9632	2;4	z2:885.4419;z4:443.2239	2	4	1768.86690	443.22400	6.0477e6	2	2
435.21796	24.5637	24.7448	24.8227	4	z4:435.2180	1	4	1736.84272	435.21796	6.0355e6	1	1
535.28601	24.0440	24.1867	24.2253	1	z1:535.2860	1	1	534.27873	535.28601	6.0236e6	1	1
593.75458	24.8227	24.8730	24.9363	1;2;3	z1:1186.4991;z2:593.7546;z3:396.5053	3	2	1185.49426	593.75441	5.9912e6	2	3
394.23596	24.5637	24.9363	24.9632	2	z2:394.2360	1	2	786.45737	394.23596	5.9332e6	1	1
361.21906	24.1867	24.6553	24.9632	1	z1:361.2191	1	1	360.21178	361.21906	5.9153e6	1	1
504.26581	24.6205	24.6987	24.9632	1	z1:504.2658	1	1	503.25853	504.26581	5.9149e6	1	1
401.71246	24.7448	24.8227	24.9363	2;4	z2:802.4203;z4:401.7125	2	4	1602.82146	401.71264	5.8836e6	2	2
430.30112	24.1215	24.6205	24.9632	6	z6:430.3011	1	6	2574.75969	430.13389	5.8815e6	1	1
668.33527	24.5637	24.9125	24.9632	1;2	z1:668.3353;z2:334.6715	2	1	667.32821	668.33548	5.8237e6	2	2
556.35565	24.0440	24.0783	24.5637	1	z1:556.3557	1	1	555.34838	556.35565	5.7862e6	1	1
397.25516	24.0783	24.5637	24.9632	1	z1:397.2552	1	1	396.24788	397.25516	5.7818e6	1	1
550.29706	24.9125	24.9632	24.9632	1	z1:550.2971	1	1	549.28978	550.29706	5.7506e6	1	1
620.35858	24.4808	24.9632	24.9632	1	z1:620.3586	1	1	619.35131	620.35858	5.7492e6	1	1
571.75635	24.6987	24.8227	24.9363	2	z2:571.7563	1	2	1141.49814	571.75635	5.7137e6	1	2
504.27649	24.7837	24.8730	24.9632	1	z1:504.2765	1	1	503.26921	504.27649	5.7112e6	1	1
415.17456	24.4808	24.9363	24.9632	1	z1:415.1746	1	1	414.16728	415.17456	5.6894e6	1	1
373.28024	24.1522	24.3780	24.4332	1	z1:373.2802	1	1	372.27297	373.28024	5.6851e6	1	1
466.75595	24.3780	24.5637	24.6205	1;2	z1:932.5045;z2:466.7560	2	2	931.49734	466.75595	5.6636e6	2	2
912.92969	24.4808	24.4808	24.5127	2	z2:912.9297	1	2	1823.84482	912.92969	5.6568e6	1	1
618.28253	24.9363	24.9632	24.9632	2	z2:618.2825	1	2	1234.55051	618.28253	5.6376e6	1	1
402.20270	24.1867	24.3780	24.4808	1;2	z1:803.4003;z2:402.2027	2	2	802.39141	402.20298	5.6217e6	2	2
357.24960	24.0440	24.0783	24.1522	1	z1:357.2496	1	1	356.24233	357.24960	5.6136e6	1	1
432.24356	24.6205	24.9363	24.9632	4	z4:432.2436	1	4	1724.94514	432.24356	5.5946e6	1	1
498.76410	24.3432	24.4332	24.5127	1;2;3	z1:996.5258;z2:498.7641;z3:332.8446	3	2	995.51333	498.76394	5.5656e6	3	3
513.35010	24.7837	24.9363	24.9632	1	z1:513.3501	1	1	512.34282	513.35010	5.5356e6	1	1
623.30560	24.4808	24.7837	24.8730	1;2	z1:623.3056;z2:312.1570	2	1	622.29840	623.30568	5.5312e6	2	2
473.23901	24.1215	24.5127	24.5637	1	z1:473.2390	1	1	472.23174	473.23901	5.5267e6	1	1
416.29715	24.5637	24.8730	24.9632	1	z1:416.2971	1	1	415.28987	416.29715	5.4928e6	1	1
469.22131	24.3087	24.6205	24.8227	1	z1:469.2213	1	1	468.21404	469.22131	5.4491e6	1	2
652.40314	24.3780	24.6553	24.9363	1;2	z1:652.4031;z2:326.7050	2	1	651.39565	652.40292	5.3678e6	2	3
488.28210	24.0440	24.1867	24.1867	5	z5:488.2821	1	5	2434.36743	487.88076	5.3503e6	1	1
632.29773	24.3780	24.8730	24.9632	1	z1:632.2977	1	1	632.29381	633.30108	5.3428e6	1	1
346.18314	24.1867	24.6205	24.6987	1	z1:346.1831	1	1	345.17586	346.18314	5.3426e6	1	1
339.68680	24.0440	24.3087	24.6553	1	z1:339.6868	1	1	338.67952	339.68680	5.3251e6	1	1
424.70236	24.4808	24.7448	24.9632	1;2	z1:848.3987;z2:424.7024	2	2	847.39063	424.70259	5.3232e6	2	2
301.70258	24.0440	24.1215	24.3087	1;2	z1:602.3976;z2:301.7026	2	2	601.39051	301.70253	5.3163e6	2	2
348.69244	24.0783	24.3780	24.7448	1;2	z1:696.3781;z2:348.6924	2	2	695.37055	348.69255	5.3123e6	2	2
323.19376	24.1215	24.1522	24.3432	1	z1:323.1938	1	1	321.18312	322.19040	5.3112e6	1	1
310.16293	24.0440	24.1867	24.5637	1;2	z1:620.3235;z2:310.1629	2	2	618.31188	310.16322	5.3057e6	2	2
461.74460	24.0440	24.1867	24.3087	1;2	z1:922.4830;z2:461.7446	2	2	921.47481	461.74468	5.2888e6	2	2
459.71191	24.0440	24.2253	24.3087	4	z4:459.7119	1	4	1834.81855	459.71191	5.2808e6	1	1
648.32977	24.0440	24.0440	24.3780	1;2	z1:648.3298;z2:324.6686	2	1	647.32254	648.32981	5.2807e6	2	2
486.73056	24.4808	24.5637	24.7448	2	z2:486.7306	1	2	971.44657	486.73056	5.2630e6	1	1
310.17532	24.2253	24.6987	24.9632	1	z1:310.1753	1	1	308.16469	309.17197	5.2590e6	1	1
439.68610	24.0440	24.1867	24.3087	1;2	z1:878.3667;z2:439.6861	2	2	877.35804	439.68630	5.2428e6	2	2
552.22626	24.5637	24.9125	24.9632	1	z1:552.2263	1	1	551.21898	552.22626	5.2201e6	1	1
519.29449	24.5637	24.8730	24.9632	1	z1:519.2945	1	1	518.28722	519.29449	5.1974e6	1	1
527.26337	24.3087	24.4332	24.5127	1;2	z1:1053.5175;z2:527.2634	2	2	1052.51197	527.26326	5.1836e6	2	2
332.94098	24.6205	24.8730	24.9632	4	z4:332.9410	1	4	1327.73481	332.94098	5.1599e6	1	1
337.19684	24.5637	24.9125	24.9632	1;2	z1:673.3871;z2:337.1968	2	2	672.37948	337.19702	5.1527e6	2	2
675.32910	24.0440	24.0783	24.3780	1;2	z1:675.3291;z2:338.1687	2	1	674.32204	675.32932	5.0949e6	2	2
330.68695	24.0440	24.3780	24.8730	2	z2:330.6870	1	2	659.35935	330.68695	5.0899e6	1	1
388.25522	24.6987	24.6987	24.9632	1	z1:388.2552	1	1	387.24794	388.25522	5.0751e6	1	1
434.23505	24.0440	24.1867	24.2253	2	z2:434.2350	1	2	866.45554	434.23505	5.0563e6	1	1
867.42413	24.7448	24.8227	24.8227	2	z2:867.4241	1	2	1732.83371	867.42413	5.0417e6	1	1
389.23843	24.6205	24.6205	24.9632	1	z1:389.2384	1	1	388.23116	389.23843	5.0398e6	1	1
314.68637	24.0440	24.2738	24.3780	2	z2:314.6864	1	2	627.35819	314.68637	5.0196e6	1	1
374.69165	24.0440	24.1867	24.3432	1;2	z1:748.3766;z2:374.6917	2	2	747.36937	374.69196	4.9320e6	1	2
575.29565	24.7448	24.7837	24.8227	2;3	z2:575.2957;z3:383.8673	2	2	1148.57802	575.29629	4.9292e6	2	2
479.26089	24.3087	24.6987	24.9632	1	z1:479.2609	1	1	479.25697	480.26425	4.9268e6	1	1
323.67947	24.2738	24.3087	24.7837	2	z2:323.6795	1	2	645.34439	323.67947	4.8962e6	1	1
338.18161	24.9125	24.9125	24.9632	2	z2:338.1816	1	2	674.34867	338.18161	4.8916e6	1	2
646.34155	24.3087	24.4808	24.9632	1;2	z1:646.3416;z2:323.6740	2	1	645.33400	646.34128	4.8905e6	2	2
537.28497	24.4808	24.9363	24.9632	1	z1:537.2850	1	1	535.27434	536.28162	4.8868e6	1	2
407.23087	24.4808	24.9632	24.9632	1	z1:407.2309	1	1	406.22359	407.23087	4.8442e6	1	1
625.29181	24.2253	24.3780	24.8227	1	z1:625.2918	1	1	624.28453	625.29181	4.8380e6	1	1
459.29135	24.5637	24.6987	24.8730	4	z4:459.2914	1	4	1835.14301	459.79303	4.8279e6	1	1
397.19083	24.0783	24.5637	24.6205	4	z4:397.1908	1	4	1584.73420	397.19083	4.8036e6	1	1
606.29047	24.3087	24.7837	24.9632	1;2	z1:606.2905;z2:303.6494	2	1	605.28322	606.29050	4.7963e6	2	2
366.17578	24.0440	24.4332	24.6205	1;2	z1:733.3450;z2:366.1758	2	2	730.33701	366.17578	4.7712e6	1	2
438.21625	24.6553	24.8730	24.9632	1	z1:438.2162	1	1	436.20562	437.21289	4.7181e6	1	2
583.28180	24.0783	24.3780	24.7837	1	z1:583.2818	1	1	582.27452	583.28180	4.7043e6	1	1
444.28177	24.0440	24.1215	24.2253	1	z1:444.2818	1	1	443.27449	444.28177	4.6625e6	1	1
516.31390	24.1867	24.6553	24.6553	1	z1:516.3139	1	1	516.30998	517.31726	4.6418e6	1	1
498.30356	24.0440	24.5127	24.6987	5	z5:498.3036	1	5	2485.47805	498.10289	4.6347e6	1	1
383.20322	24.2738	24.7448	24.9363	2	z2:383.2032	1	2	764.39188	383.20322	4.5931e6	1	1
304.16089	24.6553	24.6987	24.9632	2	z2:304.1609	1	2	606.30722	304.16089	4.5884e6	1	1
393.70264	24.6987	24.9632	24.9632	4	z4:393.7026	1	4	1570.78144	393.70264	4.5874e6	1	1
517.33270	24.3780	24.8730	24.9632	1	z1:517.3327	1	1	515.32207	516.32935	4.5570e6	1	1
477.21002	24.7448	24.8730	24.9632	1;2	z1:953.4104;z2:477.2100	2	2	952.40535	477.20995	4.5449e6	2	2
443.24155	24.3780	24.5127	24.5637	2	z2:443.2415	1	2	884.46854	443.24155	4.5092e6	1	1
472.25061	24.4332	24.9125	24.9632	1	z1:472.2506	1	1	471.24333	472.25061	4.4883e6	1	1
453.72113	24.3432	24.6553	24.8227	1;2	z1:906.4350;z2:453.7211	2	2	905.42771	453.72113	4.4790e6	2	2
688.37262	24.4808	24.6553	24.6987	2	z2:688.3726	1	2	1374.73069	688.37262	4.4672e6	1	1
834.38733	24.0440	24.2738	24.7448	1	z1:834.3873	1	1	833.38005	834.38733	4.4500e6	1	1
336.16046	24.3780	24.5637	24.8730	2	z2:336.1605	1	2	670.30637	336.16046	4.4174e6	1	1
603.29797	24.6205	24.6553	24.6553	1;2	z1:1205.5890;z2:603.2980	2	2	1204.58142	603.29799	4.4092e6	2	2
375.20465	24.7448	24.9125	24.9632	1;2	z1:749.4026;z2:375.2047	2	2	748.39502	375.20479	4.3939e6	2	2
385.25497	24.0440	24.2738	24.3432	1	z1:385.2550	1	1	384.24770	385.25497	4.3917e6	1	1
460.28784	24.0440	24.2738	24.2738	1	z1:460.2878	1	1	459.28057	460.28784	4.3641e6	1	1
675.31915	24.3432	24.5127	24.5637	2;3	z2:675.3192;z3:450.8808	2	2	1348.62274	675.31865	4.3560e6	2	2
542.32935	24.2738	24.6987	24.9632	1	z1:542.3293	1	1	541.32207	542.32935	4.3484e6	1	1
308.66791	24.0440	24.5127	24.6553	1	z1:308.6679	1	1	307.66063	308.66791	4.3218e6	1	1
401.72311	24.1522	24.4808	24.6205	4	z4:401.7231	1	4	1602.86335	401.72311	4.3188e6	1	1
326.69162	24.0440	24.1867	24.2738	1;2	z1:652.3780;z2:326.6916	2	2	651.36929	326.69192	4.2646e6	2	2
576.31628	24.6987	24.9125	24.9632	1	z1:576.3163	1	1	574.30565	575.31293	4.2547e6	1	1
487.74850	24.0783	24.1867	24.2253	2	z2:487.7485	1	2	973.48246	487.74850	4.2544e6	1	1
411.72974	24.6205	24.7448	24.8730	1;2	z1:821.4490;z2:411.7297	2	2	820.44161	411.22808	4.2506e6	2	2
337.69455	24.0440	24.0783	24.3432	2	z2:337.6945	1	2	673.37455	337.69455	4.2487e6	1	1
619.30322	24.2253	24.6553	24.9632	1	z1:619.3032	1	1	618.29595	619.30322	4.2474e6	1	1
688.36237	24.6205	24.8730	24.9632	2;4	z2:688.3624;z4:344.6840	2	2	1374.70880	688.36168	4.2342e6	2	2
418.20358	24.6987	24.6987	24.9632	1	z1:418.2036	1	1	417.19631	418.20358	4.2297e6	1	1
479.23511	24.6987	24.7837	24.9125	1;2;3	z1:957.4609;z2:479.2351;z3:319.8253	3	2	956.45535	479.23495	4.2279e6	2	3
442.22256	24.0440	24.2738	24.3780	1;2	z1:883.4394;z2:442.2226	2	2	882.43069	442.22262	4.1764e6	2	2
633.28412	24.0440	24.1867	24.3432	1;2	z1:633.2841;z2:317.1451	2	1	632.27650	633.28378	4.1747e6	2	2
594.35907	24.0440	24.4808	24.5637	1	z1:594.3591	1	1	593.35179	594.35907	4.1523e6	1	1
375.16483	24.1522	24.4332	24.6205	1;2	z1:749.3251;z2:375.1648	2	2	748.31583	375.16519	4.1481e6	2	2
612.34546	24.0440	24.3780	24.5637	1	z1:612.3455	1	1	611.33818	612.34546	4.1450e6	1	1
428.28635	24.2253	24.6987	24.9632	1	z1:428.2863	1	1	427.27907	428.28635	4.1280e6	1	1
576.33459	24.5127	24.7448	24.9632	1	z1:576.3346	1	1	574.32396	575.33124	4.1156e6	1	1
647.33295	24.0440	24.4808	24.5637	1	z1:647.3329	1	1	645.32232	646.32959	4.1054e6	1	1
349.17514	24.0440	24.0783	24.2738	1;2	z1:697.3442;z2:349.1751	2	2	696.33604	349.17530	4.0867e6	2	2
458.74515	24.0783	24.1867	24.3432	2	z2:458.7451	1	2	915.47574	458.74515	4.0733e6	1	1
624.26215	24.7448	24.8730	24.9632	1	z1:624.2621	1	1	623.25487	624.26215	4.0718e6	1	1
487.32346	24.1215	24.4332	24.9125	1	z1:487.3235	1	1	486.31618	487.32346	4.0626e6	1	1
493.27536	24.0440	24.1867	24.1867	1	z1:493.2754	1	1	492.26808	493.27536	4.0280e6	1	1
554.30365	24.0440	24.1522	24.5637	1	z1:554.3036	1	1	553.29637	554.30365	4.0162e6	1	1
518.25647	24.0440	24.1867	24.2253	1	z1:518.2565	1	1	517.24919	518.25647	4.0151e6	1	1
536.24658	24.6987	24.7837	24.8730	1;2;3	z1:1071.4900;z2:536.2466;z3:357.8346	3	2	1070.47921	536.24688	3.9702e6	3	3
374.23853	24.6205	24.6987	24.9632	1	z1:374.2385	1	1	373.23125	374.23853	3.9289e6	1	1
599.35059	24.4332	24.5637	24.9632	1	z1:599.3506	1	1	598.34331	599.35059	3.9258e6	1	1
372.20483	24.0440	24.1522	24.6205	6	z6:372.2048	1	6	2226.18199	372.03761	3.9237e6	1	1
345.21292	24.9125	24.9632	24.9632	1	z1:345.2129	1	1	344.20564	345.21292	3.8870e6	1	1
316.68365	24.0440	24.0783	24.5637	2	z2:316.6837	1	2	631.35276	316.68365	3.8797e6	1	1
719.36627	24.0440	24.1867	24.3432	1;2	z1:719.3663;z2:360.1876	2	1	718.35949	719.36677	3.8653e6	2	2
329.20483	24.0440	24.1522	24.3087	1	z1:329.2048	1	1	328.19756	329.20483	3.8645e6	1	1
343.20779	24.6987	24.6987	24.9632	1	z1:343.2078	1	1	342.20052	343.20779	3.8507e6	1	1
357.21259	24.6553	24.9632	24.9632	2	z2:357.2126	1	2	712.41062	357.21259	3.8434e6	1	1
414.26990	24.0440	24.0783	24.4332	1	z1:414.2699	1	1	413.26262	414.26990	3.8304e6	1	1
366.68463	24.5127	24.8227	24.9125	1;2	z1:732.3630;z2:366.6846	2	2	731.35518	366.68487	3.8269e6	2	2
493.26086	24.5127	24.7837	24.9632	1	z1:493.2609	1	1	492.25359	493.26086	3.8199e6	1	2
307.20502	24.0440	24.1867	24.3087	1;2	z1:613.4031;z2:307.2050	2	2	612.39558	307.20507	3.8181e6	2	2
545.32898	24.3432	24.6987	24.7837	5	z5:545.3290	1	5	2720.60516	545.12831	3.7952e6	1	1
404.22330	24.4332	24.8730	24.9632	1	z1:404.2233	1	1	403.21602	404.22330	3.7912e6	1	2
492.22357	24.0440	24.3087	24.7837	1	z1:492.2236	1	1	491.21630	492.22357	3.7863e6	1	1
546.75360	24.6553	24.9125	24.9632	1;2	z1:1092.5005;z2:546.7536	2	2	1091.49273	546.75364	3.7817e6	2	2
605.29895	24.0440	24.1215	24.1522	1	z1:605.2990	1	1	604.29167	605.29895	3.7706e6	1	1
862.38812	24.0440	24.1215	24.4808	1	z1:862.3881	1	1	861.38085	862.38812	3.7545e6	1	1
420.22241	24.5637	24.5637	24.8730	1	z1:420.2224	1	1	419.21514	420.22241	3.7459e6	1	1
335.14975	24.0440	24.1867	24.6553	1	z1:335.1497	1	1	334.14247	335.14975	3.7441e6	1	1
410.20459	24.4332	24.6553	24.6987	2;4	z2:819.4023;z4:410.2046	2	4	1636.78951	410.20465	3.7344e6	2	2
701.34479	24.0440	24.1215	24.1867	1;2	z1:701.3448;z2:351.1769	2	1	700.33825	701.34553	3.7196e6	2	2
537.27557	24.3432	24.4332	24.5127	1	z1:537.2756	1	1	536.26830	537.27557	3.7150e6	1	1
363.18024	24.6553	24.9125	24.9632	3	z3:363.1802	1	3	1086.51888	363.18024	3.7038e6	1	1
489.26608	24.0440	24.0440	24.5127	2	z2:489.2661	1	2	976.51761	489.26608	3.6929e6	1	1
492.24008	24.5637	24.9632	24.9632	2	z2:492.2401	1	2	982.46561	492.24008	3.6924e6	1	1
561.29706	24.0440	24.0440	24.3432	1	z1:561.2971	1	1	560.28978	561.29706	3.6882e6	1	1
559.32013	24.2738	24.5127	24.7837	1	z1:559.3201	1	1	558.31285	559.32013	3.6801e6	1	1
733.38251	24.0440	24.1215	24.1867	1;2	z1:733.3825;z2:367.1945	2	1	732.37502	733.38230	3.6798e6	2	2
370.18903	24.6987	24.9363	24.9632	2	z2:370.1890	1	2	738.36350	370.18903	3.6755e6	1	1
608.30640	24.1867	24.6205	24.8227	1;2	z1:608.3064;z2:304.6576	2	1	607.29912	608.30640	3.6621e6	1	2
519.24084	24.0440	24.1215	24.6205	1	z1:519.2408	1	1	518.23357	519.24084	3.6484e6	1	1
560.30353	24.0440	24.1867	24.4332	1	z1:560.3035	1	1	559.29625	560.30353	3.6376e6	1	1
594.30164	24.8227	24.9632	24.9632	1	z1:594.3016	1	1	593.29436	594.30164	3.6225e6	1	1
703.39850	24.0440	24.1867	24.3432	1	z1:703.3985	1	1	702.39122	703.39850	3.6105e6	1	1
704.34399	24.5637	24.9632	24.9632	1;2	z1:704.3440;z2:352.6761	2	1	703.33697	704.34424	3.5866e6	2	2
523.28552	24.2253	24.6987	24.6987	1	z1:523.2855	1	1	522.27825	523.28552	3.5649e6	1	1
409.21130	24.7448	24.7837	24.8227	4	z4:409.2113	1	4	1632.81611	409.21130	3.5590e6	1	1
405.22159	24.2738	24.3087	24.3087	2	z2:405.2216	1	2	808.42862	405.22159	3.5361e6	1	1
743.40454	24.6553	24.7448	24.7837	1;2	z1:743.4045;z2:372.2048	2	1	742.39638	743.40366	3.5288e6	2	2
663.36578	24.6553	24.9363	24.9632	1;2	z1:663.3658;z2:333.1879	2	1	662.35851	663.36578	3.5049e6	1	2
375.72144	24.4808	24.5127	24.7837	2	z2:375.7214	1	2	749.42832	375.72144	3.4851e6	1	1
550.22876	24.0440	24.3087	24.5637	1	z1:550.2288	1	1	549.22148	550.22876	3.4814e6	1	1
436.70892	24.0440	24.2253	24.3087	1;2	z1:872.4119;z2:436.7089	2	2	871.40362	436.70909	3.4729e6	2	2
488.22708	24.5127	24.6205	24.9363	2	z2:488.2271	1	2	974.43961	488.22708	3.4609e6	1	1
309.66306	24.3780	24.8730	24.9632	1	z1:309.6631	1	1	308.65578	309.66306	3.4417e6	1	1
306.50635	24.6987	24.6987	24.9632	1;3	z1:917.5013;z3:306.5063	2	3	916.49674	306.50619	3.4410e6	2	2
477.21002	24.0440	24.0440	24.2738	1;2	z1:953.4160;z2:477.2100	2	2	952.40603	477.21029	3.4358e6	2	2
373.25571	24.0440	24.0440	24.5127	1	z1:373.2557	1	1	372.24843	373.25571	3.4204e6	1	1
485.22876	24.5127	24.7837	24.9363	1	z1:485.2288	1	1	484.22148	485.22876	3.4057e6	1	1
391.19562	24.7837	24.9363	24.9632	2;4	z2:781.3851;z4:391.1956	2	4	1560.75353	391.19566	3.3961e6	2	2
452.24216	24.1867	24.3780	24.4332	1;2	z1:903.4778;z2:452.2422	2	2	902.46989	452.24222	3.3672e6	2	2
549.23285	24.3087	24.7837	24.9632	1	z1:549.2328	1	1	548.22557	549.23285	3.3513e6	1	1
489.33972	24.0440	24.3780	24.6553	1	z1:489.3397	1	1	488.33245	489.33972	3.3511e6	1	1
394.72885	24.6553	24.7837	24.9632	2	z2:394.7289	1	2	787.44315	394.72885	3.3351e6	1	1
379.20856	24.0440	24.3087	24.3432	1	z1:379.2086	1	1	379.20464	380.21191	3.3196e6	1	1
561.28705	24.4808	24.8227	24.9125	1	z1:561.2870	1	1	560.27977	561.28705	3.3001e6	1	1
351.18188	24.5127	24.7837	24.9632	1;2	z1:700.3598;z2:351.1819	2	2	700.34922	351.18188	3.2933e6	1	2
494.29526	24.4332	24.8730	24.8730	2	z2:494.2953	1	2	986.57596	494.29526	3.2879e6	1	1
515.34003	24.0440	24.1215	24.3780	1	z1:515.3400	1	1	514.33275	515.34003	3.2876e6	1	1
435.76566	24.2738	24.3087	24.3780	1;2	z1:869.5178;z2:435.7657	2	2	868.51238	435.26347	3.2860e6	2	2
345.24927	24.3432	24.8227	24.8730	1	z1:345.2493	1	1	344.24199	345.24927	3.2832e6	1	1
480.26144	24.4808	24.6987	24.8227	2	z2:480.2614	1	2	958.50834	480.26144	3.2799e6	1	1
375.20465	24.0440	24.3087	24.7837	3	z3:375.2047	1	3	1122.59212	375.20465	3.2790e6	1	1
529.75842	24.0440	24.0783	24.1522	1;2;3	z1:1058.5094;z2:529.7584;z3:353.8427	3	2	1057.50231	529.75843	3.2703e6	3	3
334.93771	24.0440	24.0783	24.5637	4	z4:334.9377	1	4	1335.72175	334.93771	3.2605e6	1	1
377.21317	24.0440	24.4332	24.8227	2	z2:377.2132	1	2	752.41178	377.21317	3.2275e6	1	1
467.22498	24.0440	24.3087	24.6205	1	z1:467.2250	1	1	466.21770	467.22498	3.2161e6	1	1
378.68457	24.4808	24.7837	24.8730	1;2	z1:756.3611;z2:378.6846	2	2	755.35452	378.68454	3.2099e6	2	2
591.29950	24.6205	24.7837	24.9632	1	z1:591.2995	1	1	589.28887	590.29614	3.2067e6	1	2
357.22409	24.4808	24.9363	24.9632	1	z1:357.2241	1	1	356.21681	357.22409	3.1988e6	1	1
356.16519	24.6553	24.8227	24.9125	1;2	z1:711.3206;z2:356.1652	2	2	710.31505	356.16480	3.1895e6	2	2
575.30353	24.1867	24.3087	24.4332	1	z1:575.3035	1	1	574.29625	575.30353	3.1858e6	1	1
539.28101	24.5637	24.5637	24.9632	1	z1:539.2810	1	1	538.27373	539.28101	3.1753e6	1	1
535.80109	24.9125	24.9363	24.9632	2;3	z2:535.8011;z3:357.5355	2	2	1069.58640	535.80048	3.1716e6	2	2
692.34424	24.6553	24.8730	24.9632	1	z1:692.3442	1	1	691.33696	692.34424	3.1636e6	1	1
313.68478	24.0440	24.0440	24.3087	1;2	z1:626.3625;z2:313.6848	2	2	625.35507	313.68481	3.1567e6	2	2
409.20660	24.4332	24.9125	24.9632	1	z1:409.2066	1	1	408.19933	409.20660	3.1541e6	1	1
503.31729	24.0440	24.1867	24.4332	1	z1:503.3173	1	1	502.31001	503.31729	3.1470e6	1	1
900.41248	24.6987	24.9125	24.9632	1	z1:900.4125	1	1	899.40520	900.41248	3.1464e6	1	1
560.30353	24.5637	24.6987	24.9632	1	z1:560.3035	1	1	558.29290	559.30017	3.1456e6	1	1
370.18365	24.3087	24.5637	24.5637	1;2	z1:739.3621;z2:370.1837	2	2	738.35366	370.18410	3.1399e6	2	2
618.34644	24.0440	24.3087	24.7837	1	z1:618.3464	1	1	616.33580	617.34308	3.1396e6	1	1
597.37079	24.7448	24.9632	24.9632	1	z1:597.3708	1	1	596.36351	597.37079	3.1215e6	1	1
505.27277	24.0783	24.1867	24.1867	1	z1:505.2728	1	1	504.26549	505.27277	3.1191e6	1	1
397.19083	24.7448	24.8730	24.9632	2	z2:397.1908	1	2	792.36710	397.19083	3.1057e6	1	1
317.21771	24.6205	24.6205	24.9632	1	z1:317.2177	1	1	316.21044	317.21771	3.1023e6	1	1
387.72101	24.2253	24.6987	24.8227	4	z4:387.7210	1	4	1546.85493	387.72101	3.1022e6	1	1
602.35010	24.4808	24.6987	24.9632	1	z1:602.3501	1	1	601.34282	602.35010	3.0980e6	1	1
493.31262	24.0440	24.1867	24.4808	5	z5:493.3126	1	5	2460.52337	493.11195	3.0965e6	1	1
345.19473	24.0440	24.4808	24.5637	2;4	z2:689.3837;z4:345.1947	2	4	1376.75059	345.19492	3.0538e6	2	2
553.75928	24.0783	24.2738	24.3087	2	z2:553.7593	1	2	1105.50400	553.75928	3.0505e6	1	1
567.26819	24.0440	24.0783	24.1215	2	z2:567.2682	1	2	1132.52182	567.26819	3.0500e6	1	1
575.26703	24.3780	24.5637	24.6205	1	z1:575.2670	1	1	574.25975	575.26703	3.0240e6	1	1
654.30878	24.5127	24.7837	24.8730	1	z1:654.3088	1	1	653.30150	654.30878	3.0174e6	1	1
376.70020	24.6553	24.8730	24.9363	1;2	z1:752.3920;z2:376.7002	2	2	751.38571	376.70013	3.0152e6	2	2
675.32910	24.6205	24.6553	24.8730	1	z1:675.3291	1	1	674.32183	675.32910	3.0115e6	1	1
410.68216	24.8227	24.9125	24.9632	1;2	z1:820.3604;z2:410.6822	2	2	819.35056	410.68256	2.9926e6	2	2
350.20544	24.5637	24.8227	24.9363	2	z2:350.2054	1	2	698.39634	350.20544	2.9814e6	1	1
674.38190	24.0783	24.5637	24.7837	1;2	z1:674.3819;z2:337.6945	2	1	673.37461	674.38188	2.9702e6	2	2
314.99243	24.0440	24.0783	24.5637	5	z5:314.9924	1	5	1569.92578	314.99243	2.9661e6	1	1
515.74255	24.5637	24.6987	24.7448	1;2	z1:1030.4781;z2:515.7426	2	2	1029.47060	515.74258	2.9570e6	2	2
436.71582	24.3087	24.3780	24.5637	4	z4:436.7158	1	4	1742.83418	436.71582	2.9566e6	1	1
369.67960	24.6205	24.9125	24.9363	1;2	z1:738.3528;z2:369.6796	2	2	737.34510	369.67982	2.9508e6	2	2
423.23456	24.1215	24.5127	24.5127	1	z1:423.2346	1	1	422.22728	423.23456	2.9445e6	1	1
437.24908	24.8227	24.8730	24.9632	1	z1:437.2491	1	1	436.24181	437.24908	2.9399e6	1	1
301.20422	24.3432	24.4808	24.6553	1;2	z1:601.4016;z2:301.2042	2	2	600.39407	301.20431	2.9381e6	2	2
347.20511	24.0783	24.5637	24.5637	2	z2:347.2051	1	2	692.39566	347.20511	2.9293e6	1	1
606.30743	24.4808	24.8227	24.9363	1	z1:606.3074	1	1	605.30016	606.30743	2.9281e6	1	1
840.42096	24.6987	24.7448	24.9632	1	z1:840.4210	1	1	839.41368	840.42096	2.9271e6	1	1
434.68329	24.7837	24.9125	24.9363	4	z4:434.6833	1	4	1734.70405	434.68329	2.9264e6	1	1
376.68225	24.7837	24.9125	24.9632	1;2	z1:752.3569;z2:376.6823	2	2	751.34986	376.68220	2.9222e6	2	2
313.70264	24.7448	24.8730	24.9363	2	z2:313.7026	1	2	625.39072	313.70264	2.9040e6	1	1
333.69977	24.8227	24.9363	24.9632	2	z2:333.6998	1	2	665.38498	333.69977	2.9018e6	1	1
395.20340	24.0440	24.0440	24.5127	1	z1:395.2034	1	1	394.19612	395.20340	2.9004e6	1	1
613.32855	24.0440	24.1522	24.2738	1;2	z1:613.3286;z2:307.6704	2	1	612.32194	613.32921	2.8922e6	2	2
562.31842	24.0440	24.3432	24.4808	1	z1:562.3184	1	1	560.30779	561.31507	2.8898e6	1	1
359.20294	24.0440	24.2253	24.3432	1	z1:359.2029	1	1	357.19231	358.19959	2.8853e6	1	1
566.77594	24.5127	24.6553	24.7837	1	z1:566.7759	1	1	565.76866	566.77594	2.8802e6	1	1
515.31793	24.0440	24.3432	24.3432	1	z1:515.3179	1	1	514.31066	515.31793	2.8782e6	1	1
559.30762	24.6553	24.6987	24.9632	1	z1:559.3076	1	1	558.30034	559.30762	2.8766e6	1	1
321.69955	24.6553	24.7448	24.9125	2	z2:321.6996	1	2	641.38456	321.69955	2.8754e6	1	1
746.40424	24.0440	24.3780	24.3780	1	z1:746.4042	1	1	745.39696	746.40424	2.8746e6	1	1
408.71289	24.5637	24.7837	24.9632	1	z1:408.7129	1	1	407.70561	408.71289	2.8736e6	1	1
645.36481	24.3087	24.6987	24.9363	1	z1:645.3648	1	1	644.35753	645.36481	2.8641e6	1	1
470.27151	24.7837	24.9632	24.9632	1	z1:470.2715	1	1	469.26424	470.27151	2.8596e6	1	1
306.15894	24.0440	24.1867	24.3432	1	z1:306.1589	1	1	305.15166	306.15894	2.8518e6	1	1
634.35126	24.0440	24.1867	24.3087	1;2	z1:634.3513;z2:317.6793	2	1	633.34401	634.35128	2.8505e6	2	3
459.26718	24.0440	24.1215	24.1522	1	z1:459.2672	1	1	459.26326	460.27054	2.8365e6	1	1
417.20206	24.3087	24.4808	24.5637	4	z4:417.2021	1	4	1664.77912	417.20206	2.8255e6	1	1
326.17575	24.2253	24.3087	24.3780	2	z2:326.1758	1	2	650.33695	326.17575	2.8221e6	1	1
405.22775	24.3432	24.3780	24.5637	1	z1:405.2278	1	1	404.22048	405.22775	2.8060e6	1	1
480.25348	24.1867	24.3087	24.6553	2	z2:480.2535	1	2	958.49241	480.25348	2.7921e6	1	1
434.70554	24.5637	24.5637	24.7837	4	z4:434.7055	1	4	1734.79304	434.70554	2.7878e6	1	1
404.18799	24.0440	24.3087	24.6205	1	z1:404.1880	1	1	403.18071	404.18799	2.7873e6	1	1
425.26013	24.9363	24.9632	24.9632	1	z1:425.2601	1	1	424.25286	425.26013	2.7787e6	1	1
427.27676	24.0440	24.1215	24.5637	1	z1:427.2768	1	1	426.26949	427.27676	2.7778e6	1	1
391.20731	24.2253	24.4332	24.5637	4	z4:391.2073	1	4	1560.80012	391.20731	2.7774e6	1	1
570.37195	24.9125	24.9363	24.9632	1	z1:570.3719	1	1	569.36467	570.37195	2.7614e6	1	1
501.37531	24.0783	24.4332	24.7837	1	z1:501.3753	1	1	500.36803	501.37531	2.7612e6	1	1
605.25110	24.0440	24.1867	24.3087	1	z1:605.2511	1	1	604.24382	605.25110	2.7528e6	1	1
927.86847	24.6205	24.6987	24.6987	2;3	z2:927.8685;z3:618.9161	2	2	1853.72408	927.86932	2.7489e6	2	2
400.21841	24.2253	24.6553	24.7837	2	z2:400.2184	1	2	798.42228	400.21841	2.7437e6	1	1
528.76013	24.7448	24.7837	24.9125	2;3	z2:528.7601;z3:352.8426	2	2	1055.50577	528.76016	2.7187e6	2	2
453.20850	24.0440	24.1867	24.5637	2	z2:453.2085	1	2	904.40244	453.20850	2.7185e6	1	1
416.21854	24.0440	24.1867	24.2253	1;2	z1:831.4310;z2:416.2185	2	2	830.42260	416.21857	2.7030e6	2	2
476.28180	24.8227	24.8227	24.9632	1	z1:476.2818	1	1	475.27452	476.28180	2.7021e6	1	1
356.18170	24.3087	24.4332	24.4808	1	z1:356.1817	1	1	355.17443	356.18170	2.6873e6	1	1
407.23239	24.0440	24.0440	24.3087	1	z1:407.2324	1	1	406.22511	407.23239	2.6746e6	1	1
649.29767	24.0440	24.3087	24.7837	1	z1:649.2977	1	1	648.29039	649.29767	2.6625e6	1	1
407.71100	24.0440	24.1522	24.5127	2	z2:407.7110	1	2	813.40744	407.71100	2.6519e6	1	1
817.41638	24.4808	24.8227	24.8730	1	z1:817.4164	1	1	816.40911	817.41638	2.6413e6	1	1
918.41553	24.0440	24.1867	24.2738	1	z1:918.4155	1	1	917.40825	918.41553	2.6236e6	1	1
414.20300	24.8227	24.9632	24.9632	4	z4:414.2030	1	4	1652.78291	414.20300	2.6084e6	1	1
622.31897	24.9125	24.9632	24.9632	1;2	z1:622.3190;z2:311.6626	2	1	621.31138	622.31866	2.6013e6	2	2
446.26096	24.8227	24.8730	24.9632	1	z1:446.2610	1	1	445.25368	446.26096	2.5987e6	1	1
460.23935	24.2253	24.3780	24.6987	4	z4:460.2393	1	4	1838.93500	460.74103	2.5971e6	1	1
354.70557	24.6987	24.8227	24.9632	2	z2:354.7056	1	2	707.39658	354.70557	2.5963e6	1	1
467.72717	24.8227	24.9125	24.9632	1;2	z1:934.4442;z2:467.7272	2	2	933.43694	467.72575	2.5944e6	1	2
507.30206	24.0440	24.4808	24.7837	1	z1:507.3021	1	1	505.29143	506.29871	2.5922e6	1	1
582.29834	24.2253	24.4332	24.5127	3	z3:582.2983	1	3	1743.87319	582.29834	2.5856e6	1	1
577.28198	24.7448	24.7448	24.9632	1	z1:577.2820	1	1	576.27471	577.28198	2.5815e6	1	1
680.32330	24.6553	24.9125	24.9632	1	z1:680.3233	1	1	679.31603	680.32330	2.5750e6	1	1
483.74600	24.3087	24.4332	24.4808	1;2	z1:966.4907;z2:483.7460	2	2	965.47839	483.74647	2.5729e6	2	2
498.27835	24.3780	24.6205	24.8227	1	z1:498.2784	1	1	497.27107	498.27835	2.5570e6	1	1
420.72736	24.0440	24.2253	24.2738	4	z4:420.7274	1	4	1678.88032	420.72736	2.5470e6	1	2
422.27554	24.0440	24.0440	24.5127	1	z1:422.2755	1	1	421.26827	422.27554	2.5445e6	1	1
624.29749	24.3780	24.3780	24.6205	2	z2:624.2975	1	2	1246.58042	624.29749	2.5391e6	1	1
462.21921	24.6553	24.9125	24.9632	1	z1:462.2192	1	1	462.21529	463.22256	2.5172e6	1	1
387.72678	24.7837	24.8730	24.9125	4	z4:387.7268	1	4	1546.87800	387.72678	2.5133e6	1	1
489.22522	24.2253	24.4332	24.5127	2	z2:489.2252	1	2	976.43589	489.22522	2.5022e6	1	1
405.21082	24.6205	24.9363	24.9632	1	z1:405.2108	1	1	404.20354	405.21082	2.5020e6	1	1
400.20026	24.1522	24.3780	24.5127	1;2	z1:799.3929;z2:400.2003	2	2	798.38591	400.20023	2.4998e6	2	2
562.24542	24.2738	24.7448	24.7837	2	z2:562.2454	1	2	1121.47294	561.74374	2.4871e6	1	1
563.31482	24.6205	24.8227	24.8227	1	z1:563.3148	1	1	562.30754	563.31482	2.4825e6	1	1
689.35632	24.5637	24.8730	24.9632	1	z1:689.3563	1	1	687.34569	688.35297	2.4801e6	1	1
319.17252	24.0440	24.3780	24.8730	2	z2:319.1725	1	2	636.33048	319.17252	2.4784e6	1	1
395.71744	24.0440	24.3432	24.5127	2	z2:395.7174	1	2	789.42032	395.71744	2.4752e6	1	1
374.69028	24.4808	24.8227	24.8730	4	z4:374.6903	1	4	1494.73200	374.69028	2.4697e6	1	1
371.22733	24.0440	24.3780	24.8730	3	z3:371.2273	1	3	1110.66015	371.22733	2.4616e6	1	1
476.24255	24.8730	24.8730	24.9632	3	z3:476.2426	1	3	1425.70583	476.24255	2.4606e6	1	1
490.26126	24.2738	24.3087	24.3432	1	z1:490.2613	1	1	489.25398	490.26126	2.4594e6	1	1
525.26538	24.3780	24.7837	24.9632	1	z1:525.2654	1	1	523.25475	524.26203	2.4551e6	1	1
498.26575	24.3432	24.6205	24.9125	2	z2:498.2657	1	2	994.51694	498.26575	2.4474e6	1	1
329.70303	24.0440	24.1867	24.3087	1;2	z1:658.3972;z2:329.7030	2	2	656.38787	329.20121	2.4354e6	2	2
366.72046	24.9125	24.9363	24.9632	1	z1:366.7205	1	1	365.71318	366.72046	2.4341e6	1	1
574.29333	24.0440	24.1867	24.3780	1	z1:574.2933	1	1	573.28606	574.29333	2.4321e6	1	1
310.15054	24.0440	24.0440	24.3087	1;2	z1:619.2945;z2:310.1505	2	2	618.28681	310.15068	2.4270e6	2	2
741.34106	24.0440	24.0440	24.1867	1;2	z1:741.3411;z2:371.1733	2	1	740.33302	741.34029	2.4122e6	2	2
352.70486	24.0440	24.1867	24.3087	5	z5:352.7049	1	5	1758.48794	352.70486	2.4020e6	1	1
371.01120	24.0440	24.0783	24.5637	4	z4:371.0112	1	4	1480.01569	371.01120	2.3998e6	1	1
734.35522	24.7448	24.8730	24.9363	1;2	z1:734.3552;z2:367.6815	2	1	733.34795	734.35522	2.3973e6	1	2
448.72171	24.8730	24.9125	24.9632	4	z4:448.7217	1	4	1790.85773	448.72171	2.3917e6	1	1
406.18646	24.1522	24.3087	24.3432	1	z1:406.1865	1	1	405.17919	406.18646	2.3736e6	1	1
350.72107	24.5637	24.6553	24.6987	1;2	z1:700.4333;z2:350.7211	2	2	699.42722	350.72089	2.3709e6	2	2
359.20294	24.4332	24.8730	24.9632	5	z5:359.2029	1	5	1790.97833	359.20294	2.3671e6	1	1
419.70700	24.0783	24.2253	24.4332	1	z1:419.7070	1	1	419.70308	420.71036	2.3670e6	1	1
380.23883	24.4332	24.7837	24.8227	2	z2:380.2388	1	2	758.46311	380.23883	2.3660e6	1	1
530.36475	24.0440	24.0440	24.2253	1	z1:530.3647	1	1	529.35747	530.36475	2.3531e6	1	1
423.75482	24.8227	24.9363	24.9632	2	z2:423.7548	1	2	844.49174	423.25314	2.3526e6	1	1
579.25494	24.0440	24.3087	24.3780	1	z1:579.2549	1	1	578.24767	579.25494	2.3484e6	1	1
488.73495	24.7837	24.9125	24.9632	2	z2:488.7350	1	2	975.45536	488.73495	2.3364e6	1	1
401.17758	24.0440	24.1867	24.6205	1	z1:401.1776	1	1	400.17031	401.17758	2.3363e6	1	1
481.23325	24.5127	24.7448	24.9632	1;2	z1:961.4585;z2:481.2332	2	2	960.45178	481.23317	2.3327e6	2	2
578.23962	24.6553	24.9632	24.9632	1	z1:578.2396	1	1	577.23235	578.23962	2.3319e6	1	1
300.68939	24.0440	24.3087	24.3780	2	z2:300.6894	1	2	599.36423	300.68939	2.3302e6	1	1
489.73053	24.0440	24.1215	24.1522	2	z2:489.7305	1	2	976.44315	489.22885	2.3253e6	1	1
311.68134	24.3780	24.5127	24.5637	2	z2:311.6813	1	2	621.34812	311.68134	2.3251e6	1	1
303.21307	24.6205	24.8730	24.9632	1	z1:303.2131	1	1	302.20580	303.21307	2.3245e6	1	1
473.31876	24.0440	24.0783	24.4808	1	z1:473.3188	1	1	472.31148	473.31876	2.3093e6	1	1
343.20300	24.2738	24.2738	24.5127	2	z2:343.2030	1	2	684.39145	343.20300	2.3009e6	1	1
363.18155	24.1867	24.4332	24.4808	1;2	z1:725.3558;z2:363.1815	2	2	724.34854	363.18154	2.3005e6	2	2
501.26501	24.1867	24.3432	24.8227	2	z2:501.2650	1	2	1000.51548	501.26501	2.2905e6	1	1
443.69852	24.7448	24.8227	24.8730	1;2	z1:886.3884;z2:443.6985	2	2	885.38205	443.69830	2.2895e6	2	2
600.30811	24.6553	24.9632	24.9632	1	z1:600.3081	1	1	599.30083	600.30811	2.2892e6	1	1
435.22311	24.8227	24.9125	24.9632	4	z4:435.2231	1	4	1738.87006	435.72479	2.2864e6	1	1
444.29059	24.3432	24.7837	24.8730	1	z1:444.2906	1	1	443.28331	444.29059	2.2821e6	1	1
350.17450	24.6553	24.8730	24.9632	2	z2:350.1745	1	2	698.33445	350.17450	2.2706e6	1	1
663.32379	24.4808	24.5637	24.9632	1	z1:663.3238	1	1	662.31652	663.32379	2.2702e6	1	1
481.25516	24.3780	24.4808	24.4808	2	z2:481.2552	1	2	960.49576	481.25516	2.2622e6	1	1
348.68628	24.4332	24.5637	24.7448	2	z2:348.6863	1	2	695.35801	348.68628	2.2525e6	1	1
433.20267	24.0440	24.0440	24.4808	1	z1:433.2027	1	1	432.19539	433.20267	2.2487e6	1	1
408.73785	24.4332	24.5127	24.6553	4	z4:408.7379	1	4	1630.92231	408.73785	2.2463e6	1	1
541.24768	24.4808	24.6553	24.6987	2	z2:541.2477	1	2	1080.48081	541.24768	2.2442e6	1	1
587.27820	24.0440	24.1215	24.2738	1	z1:587.2782	1	1	586.27092	587.27820	2.2402e6	1	1
391.71066	24.6205	24.6987	24.8730	4	z4:391.7107	1	4	1562.81355	391.71066	2.2372e6	1	1
423.25922	24.0440	24.1867	24.1867	1	z1:423.2592	1	1	422.25194	423.25922	2.2150e6	1	1
380.52756	24.3087	24.3432	24.3780	1;3	z1:1139.5665;z3:380.5276	2	3	1138.56065	380.52749	2.1937e6	2	2
835.36713	24.5637	24.7837	24.9632	1	z1:835.3671	1	1	834.35985	835.36713	2.1845e6	1	1
565.78558	24.3087	24.4332	24.4808	2	z2:565.7856	1	2	1129.55661	565.78558	2.1841e6	1	1
340.99158	24.0783	24.0783	24.5637	5	z5:340.9916	1	5	1699.92150	340.99158	2.1688e6	1	1
517.33496	24.0440	24.1867	24.3432	5	z5:517.3350	1	5	2580.63507	517.13429	2.1645e6	1	1
452.24216	24.9363	24.9363	24.9632	4	z4:452.2422	1	4	1804.93952	452.24216	2.1634e6	1	1
551.35455	24.0440	24.3087	24.5127	1	z1:551.3546	1	1	550.34728	551.35455	2.1589e6	1	1
482.23599	24.0440	24.0783	24.5127	1	z1:482.2360	1	1	481.22872	482.23599	2.1577e6	1	1
390.20499	24.9125	24.9632	24.9632	2	z2:390.2050	1	2	778.39542	390.20499	2.1568e6	1	1
634.30298	24.0440	24.3087	24.3432	1	z1:634.3030	1	1	633.29570	634.30298	2.1544e6	1	1
587.31317	24.5637	24.9632	24.9632	1	z1:587.3132	1	1	587.30925	588.31653	2.1528e6	1	1
337.20270	24.0440	24.1867	24.1867	2	z2:337.2027	1	2	672.39084	337.20270	2.1390e6	1	1
569.26697	24.0440	24.2738	24.5127	2;3	z2:569.2670;z3:379.8469	2	2	1136.51934	569.26695	2.1386e6	2	2
322.66205	24.4808	24.9632	24.9632	2	z2:322.6620	1	2	643.30954	322.66205	2.1373e6	1	1
462.25488	24.0440	24.1522	24.2738	2	z2:462.2549	1	2	921.49186	461.75321	2.1353e6	1	1
663.29480	24.0440	24.3087	24.3780	1	z1:663.2948	1	1	662.28752	663.29480	2.1272e6	1	1
552.26550	24.6553	24.8730	24.9632	1	z1:552.2655	1	1	551.25823	552.26550	2.1221e6	1	2
545.33862	24.0440	24.1215	24.1215	1	z1:545.3386	1	1	544.33135	545.33862	2.1211e6	1	1
323.18716	24.0440	24.0440	24.0783	1	z1:323.1872	1	1	321.17653	322.18381	2.1204e6	1	1
450.72345	24.0440	24.0440	24.0783	2	z2:450.7234	1	2	899.43235	450.72345	2.1121e6	1	1
670.32428	24.7448	24.8227	24.8730	1;2	z1:670.3243;z2:335.6673	2	1	669.31835	670.32562	2.1066e6	2	2
588.30933	24.0440	24.1867	24.1867	1	z1:588.3093	1	1	588.30540	589.31268	2.0956e6	1	1
475.24081	24.4808	24.8730	24.9632	2	z2:475.2408	1	2	949.47043	475.74249	2.0933e6	1	1
632.36084	24.0440	24.1867	24.4808	1	z1:632.3608	1	1	631.35356	632.36084	2.0891e6	1	1
344.19247	24.7448	24.9125	24.9632	1	z1:344.1925	1	1	343.18520	344.19247	2.0883e6	1	1
717.37659	24.6987	24.9363	24.9632	1	z1:717.3766	1	1	717.37267	718.37994	2.0865e6	1	1
308.69250	24.8227	24.8227	24.9632	2	z2:308.6925	1	2	615.37046	308.69250	2.0792e6	1	1
569.24902	24.0440	24.0783	24.3780	1	z1:569.2490	1	1	568.24175	569.24902	2.0789e6	1	2
661.34979	24.5127	24.5637	24.9125	1	z1:661.3498	1	1	660.34252	661.34979	2.0597e6	1	1
449.19974	24.9363	24.9632	24.9632	1;2	z1:897.3932;z2:449.1997	2	2	896.38537	449.19996	2.0552e6	2	2
390.19772	24.8227	24.9363	24.9632	3	z3:390.1977	1	3	1167.57134	390.19772	2.0435e6	1	1
524.24573	24.0783	24.3087	24.3780	2	z2:524.2457	1	2	1046.47690	524.24573	2.0391e6	1	1
371.23947	24.6205	24.7448	24.9632	1	z1:371.2395	1	1	370.23219	371.23947	2.0386e6	1	1
693.36755	24.1867	24.3780	24.4332	4	z4:693.3676	1	4	2767.43440	692.86588	2.0341e6	1	1
647.32361	24.6205	24.7837	24.8730	1	z1:647.3236	1	1	646.31633	647.32361	2.0193e6	1	1
548.26630	24.7837	24.9632	24.9632	1	z1:548.2663	1	1	547.25902	548.26630	1.9928e6	1	1
444.30298	24.0440	24.1215	24.3780	5	z5:444.3030	1	5	2215.47516	444.10231	1.9917e6	1	1
414.70990	24.6987	24.9363	24.9632	2;4	z2:828.4183;z4:414.7099	2	4	1654.82199	414.71278	1.9915e6	1	2
860.41077	24.6987	24.9632	24.9632	1	z1:860.4108	1	1	859.40349	860.41077	1.9893e6	1	1
751.39874	24.0440	24.1215	24.1522	1;2	z1:751.3987;z2:376.7043	2	1	750.39116	751.39844	1.9817e6	2	2
458.26105	24.4808	24.4808	24.9632	4	z4:458.2610	1	4	1831.02179	458.76272	1.9736e6	1	1
1117.24707	24.3780	24.6553	24.9632	4	z4:1117.2471	1	4	4462.95247	1116.74539	1.9733e6	1	1
656.30536	24.4808	24.6987	24.8730	1;2	z1:656.3054;z2:328.6571	2	1	655.29843	656.30571	1.9710e6	2	2
352.68234	24.3087	24.5127	24.6553	2	z2:352.6823	1	2	703.35013	352.68234	1.9696e6	1	1
343.19699	24.0440	24.1867	24.2253	2	z2:343.1970	1	2	684.37943	343.19699	1.9660e6	1	1
435.23682	24.6205	24.9632	24.9632	1	z1:435.2368	1	1	433.22619	434.23346	1.9650e6	1	1
439.22836	24.7448	24.7448	24.9632	1	z1:439.2284	1	1	437.21773	438.22501	1.9597e6	1	1
648.32977	24.5637	24.9632	24.9632	1	z1:648.3298	1	1	647.32250	648.32977	1.9532e6	1	1
847.37726	24.6987	24.8730	24.9632	2	z2:847.3773	1	2	1692.73996	847.37726	1.9524e6	1	1
636.38147	24.3780	24.5637	24.6987	1	z1:636.3815	1	1	635.37419	636.38147	1.9508e6	1	1
400.22900	24.0440	24.2738	24.3432	1	z1:400.2290	1	1	399.22173	400.22900	1.9500e6	1	1
401.21402	24.1867	24.2738	24.3432	1	z1:401.2140	1	1	400.20674	401.21402	1.9446e6	1	1
482.21597	24.3432	24.6987	24.8730	2	z2:482.2160	1	2	962.41739	482.21597	1.9406e6	1	1
575.25397	24.6987	24.6987	24.7837	2	z2:575.2540	1	2	1148.49338	575.25397	1.9346e6	1	1
531.31213	24.7837	24.9363	24.9632	1	z1:531.3121	1	1	530.30486	531.31213	1.9321e6	1	1
807.36414	24.1215	24.4332	24.5127	1	z1:807.3641	1	1	806.35686	807.36414	1.9312e6	1	1
409.20660	24.0440	24.3087	24.3780	4	z4:409.2066	1	4	1632.79731	409.20660	1.9301e6	1	1
384.70273	24.3780	24.6553	24.7837	2	z2:384.7027	1	2	767.39090	384.70273	1.9255e6	1	1
363.69205	24.3087	24.5637	24.5637	2	z2:363.6920	1	2	725.36954	363.69205	1.9140e6	1	1
487.28690	24.5637	24.9632	24.9632	1	z1:487.2869	1	1	487.28297	488.29025	1.9137e6	1	1
587.27820	24.7837	24.8227	24.9125	2	z2:587.2782	1	2	1172.54184	587.27820	1.9127e6	1	1
397.18634	24.6553	24.6987	24.6987	1;2	z1:793.3640;z2:397.1863	2	2	792.35768	397.18612	1.9056e6	2	2
359.21066	24.0783	24.3087	24.3780	2	z2:359.2107	1	2	716.40677	359.21066	1.9023e6	1	1
661.94781	24.4332	24.4332	24.4808	3	z3:661.9478	1	3	1981.81826	661.61336	1.9020e6	1	1
547.76459	24.0440	24.1215	24.1522	2	z2:547.7646	1	2	1093.51462	547.76459	1.8954e6	1	1
300.17880	24.1867	24.3087	24.7837	1;2	z1:602.3613;z2:300.1788	2	2	598.34305	300.17880	1.8889e6	1	2
325.68442	24.0783	24.1522	24.2253	1;2	z1:650.3617;z2:325.6844	2	2	649.35432	325.68444	1.8857e6	2	2
509.27213	24.1867	24.1867	24.3087	1	z1:509.2721	1	1	507.26149	508.26877	1.8844e6	1	1
601.80859	24.1522	24.1867	24.1867	2;3	z2:601.8086;z3:401.5422	2	2	1201.60359	601.80907	1.8843e6	2	2
367.71219	24.7837	24.8227	24.9632	2	z2:367.7122	1	2	733.40982	367.71219	1.8790e6	1	1
370.16617	24.5127	24.7448	24.8227	1;2	z1:739.3242;z2:370.1662	2	2	738.31736	370.16595	1.8729e6	2	2
819.42896	24.1215	24.2738	24.2738	2;4	z2:819.4290;z4:410.2187	2	2	1636.84425	819.42940	1.8726e6	2	2
639.51074	24.0440	24.3780	24.8730	5	z5:639.5107	1	5	3193.52068	639.71141	1.8665e6	1	1
500.24042	24.6987	24.8730	24.8730	2	z2:500.2404	1	2	998.46628	500.24042	1.8638e6	1	1
806.42450	24.0440	24.0440	24.5127	1	z1:806.4245	1	1	805.41722	806.42450	1.8592e6	1	1
328.69537	24.3780	24.5127	24.5637	2	z2:328.6954	1	2	655.37619	328.69537	1.8589e6	1	1
366.21417	24.8730	24.9125	24.9632	3	z3:366.2142	1	3	1095.62069	366.21417	1.8558e6	1	1
423.23950	24.8227	24.9632	24.9632	4	z4:423.2395	1	4	1688.92890	423.23950	1.8515e6	1	1
936.40619	24.0440	24.2253	24.2738	1	z1:936.4062	1	1	935.39891	936.40619	1.8495e6	1	1
418.22943	24.0783	24.2738	24.7448	1	z1:418.2294	1	1	418.22551	419.23279	1.8453e6	1	1
480.24356	24.6553	24.9125	24.9632	1	z1:480.2436	1	1	479.23628	480.24356	1.8441e6	1	1
434.71582	24.5127	24.6987	24.7837	2	z2:434.7158	1	2	867.41709	434.71582	1.8432e6	1	1
478.23184	24.8227	24.9125	24.9363	2	z2:478.2318	1	2	954.44913	478.23184	1.8376e6	1	1
747.35284	24.0440	24.1215	24.3087	1	z1:747.3528	1	1	746.34557	747.35284	1.8343e6	1	1
424.69409	24.7837	24.9632	24.9632	1	z1:424.6941	1	1	423.68682	424.69409	1.8329e6	1	1
315.20258	24.2738	24.6987	24.9632	1	z1:315.2026	1	1	314.19530	315.20258	1.8297e6	1	1
333.69400	24.6205	24.6987	24.9632	2	z2:333.6940	1	2	665.37345	333.69400	1.8236e6	1	1
592.28680	24.4332	24.6205	24.6553	2	z2:592.2868	1	2	1182.55906	592.28680	1.8155e6	1	1
440.74701	24.5637	24.6553	24.9125	2	z2:440.7470	1	2	879.47947	440.74701	1.8132e6	1	1
520.76642	24.7448	24.7837	24.7837	2	z2:520.7664	1	2	1039.51828	520.76642	1.7976e6	1	1
350.72604	24.3780	24.5127	24.5637	2	z2:350.7260	1	2	699.43753	350.72604	1.7906e6	1	1
336.93729	24.0440	24.0783	24.5637	4	z4:336.9373	1	4	1345.72675	337.43896	1.7816e6	1	1
395.69958	24.8227	24.9632	24.9632	4	z4:395.6996	1	4	1578.76923	395.69958	1.7802e6	1	1
533.26794	24.0440	24.3087	24.3780	1	z1:533.2679	1	1	531.25731	532.26459	1.7734e6	1	1
344.69003	24.3432	24.5127	24.8227	1	z1:344.6900	1	1	343.68276	344.69003	1.7675e6	1	1
522.25360	24.3087	24.4808	24.4808	2	z2:522.2536	1	2	1042.49265	522.25360	1.7623e6	1	1
373.25433	24.5637	24.6205	24.9632	1	z1:373.2543	1	1	372.24706	373.25433	1.7608e6	1	1
361.18274	24.0440	24.1522	24.3087	1	z1:361.1827	1	1	360.17546	361.18274	1.7550e6	1	1
422.23947	24.8227	24.9125	24.9632	1	z1:422.2395	1	1	421.23219	422.23947	1.7495e6	1	1
486.26633	24.0783	24.2738	24.5127	1	z1:486.2663	1	1	485.25905	486.26633	1.7475e6	1	1
409.18317	24.0440	24.0783	24.3087	4	z4:409.1832	1	4	1632.70356	409.18317	1.7470e6	1	1
596.30200	24.0783	24.3087	24.4808	1	z1:596.3020	1	1	595.29473	596.30200	1.7445e6	1	1
481.76019	24.6553	24.6987	24.7837	2	z2:481.7602	1	2	961.50583	481.76019	1.7421e6	1	1
428.26123	24.8227	24.8730	24.9632	1	z1:428.2612	1	1	427.25395	428.26123	1.7391e6	1	1
358.71857	24.0440	24.4808	24.5637	2	z2:358.7186	1	2	715.42258	358.71857	1.7264e6	1	1
563.34009	24.0440	24.3780	24.5127	1	z1:563.3401	1	1	562.33281	563.34009	1.7248e6	1	1
358.20825	24.6205	24.8730	24.9632	1	z1:358.2083	1	1	357.20098	358.20825	1.7193e6	1	1
393.68951	24.3780	24.6553	24.7837	6	z6:393.6895	1	6	2355.09007	393.52229	1.7192e6	1	1
535.30707	24.0440	24.3780	24.4332	1	z1:535.3071	1	1	535.30315	536.31042	1.7154e6	1	1
407.19516	24.7837	24.9363	24.9632	1	z1:407.1952	1	1	406.18788	407.19516	1.7151e6	1	1
487.26859	24.5637	24.6987	24.7837	2	z2:487.2686	1	2	972.52262	487.26859	1.7144e6	1	1
354.16223	24.4808	24.5637	24.6987	1;2	z1:707.3162;z2:354.1622	2	2	706.30974	354.16215	1.7084e6	2	2
418.67902	24.1522	24.3432	24.4332	4	z4:418.6790	1	4	1670.68696	418.67902	1.7069e6	1	1
431.72958	24.6553	24.7448	24.7837	2	z2:431.7296	1	2	861.44461	431.72958	1.6907e6	1	1
597.28802	24.0440	24.1867	24.3087	1	z1:597.2880	1	1	596.28075	597.28802	1.6876e6	1	1
809.43536	24.2253	24.3087	24.3432	2	z2:809.4354	1	2	1616.85617	809.43536	1.6842e6	1	1
368.17087	24.1867	24.4332	24.5127	2	z2:368.1709	1	2	734.32718	368.17087	1.6809e6	1	1
559.27264	24.5127	24.7837	24.8730	2	z2:559.2726	1	2	1116.53074	559.27264	1.6768e6	1	1
334.93771	24.6205	24.9125	24.9632	4	z4:334.9377	1	4	1335.72175	334.93771	1.6690e6	1	1
331.17941	24.4808	24.5637	24.5637	1	z1:331.1794	1	1	330.17214	331.17941	1.6674e6	1	1
501.34985	24.0440	24.0440	24.1522	1	z1:501.3499	1	1	500.34258	501.34985	1.6655e6	1	1
548.28326	24.3432	24.5637	24.6987	1	z1:548.2833	1	1	547.27599	548.28326	1.6597e6	1	1
310.16293	24.7837	24.9632	24.9632	6	z6:310.1629	1	6	1854.93394	310.16293	1.6574e6	1	1
447.72495	24.8227	24.8227	24.9632	2	z2:447.7249	1	2	893.43534	447.72495	1.6511e6	1	1
826.43982	24.8227	24.9632	24.9632	1	z1:826.4398	1	1	825.43254	826.43982	1.6501e6	1	1
394.71109	24.0783	24.2738	24.2738	4	z4:394.7111	1	4	1574.81525	394.71109	1.6456e6	1	1
319.19730	24.0783	24.2738	24.7448	1	z1:319.1973	1	1	318.19002	319.19730	1.6421e6	1	1
492.24213	24.1867	24.3087	24.4808	1	z1:492.2421	1	1	490.23150	491.23877	1.6362e6	1	1
468.24356	24.0440	24.0440	24.2738	1	z1:468.2436	1	1	467.23628	468.24356	1.6247e6	1	1
585.28021	24.1522	24.2738	24.2738	1	z1:585.2802	1	1	584.27294	585.28021	1.6238e6	1	1
340.17935	24.3780	24.4808	24.8227	1	z1:340.1794	1	1	339.17208	340.17935	1.6228e6	1	1
518.76727	24.8730	24.9363	24.9632	2	z2:518.7673	1	2	1034.51664	518.26560	1.6200e6	1	1
432.71420	24.7448	24.8730	24.9632	4	z4:432.7142	1	4	1726.82771	432.71420	1.6188e6	1	1
670.38660	24.3087	24.5127	24.6553	1;2	z1:670.3866;z2:335.6975	2	1	670.38314	671.39041	1.6088e6	2	2
493.26086	24.0440	24.1867	24.2253	1	z1:493.2609	1	1	492.25359	493.26086	1.6048e6	1	1
361.20737	24.8730	24.9363	24.9632	1	z1:361.2074	1	1	360.20009	361.20737	1.6002e6	1	1
414.69235	24.1867	24.2738	24.3087	2	z2:414.6924	1	2	827.37015	414.69235	1.5943e6	1	1
522.77936	24.4808	24.4808	24.5127	2	z2:522.7794	1	2	1043.54416	522.77936	1.5897e6	1	1
420.69800	24.0783	24.2253	24.2738	6	z6:420.6980	1	6	2516.13762	420.36355	1.5864e6	1	1
450.71982	24.2738	24.4808	24.5127	6	z6:450.7198	1	6	2699.27860	450.88704	1.5844e6	1	1
436.25412	24.4808	24.8730	24.9632	5	z5:436.2541	1	5	2175.23086	436.05345	1.5805e6	1	1
430.24042	24.4332	24.5637	24.6553	4	z4:430.2404	1	4	1716.93256	430.24042	1.5754e6	1	1
640.77441	24.6205	24.6987	24.7448	2	z2:640.7744	1	2	1279.53428	640.77441	1.5746e6	1	1
589.76776	24.5637	24.5637	24.7837	2	z2:589.7678	1	2	1176.51761	589.26608	1.5674e6	1	1
357.19986	24.0440	24.0783	24.0783	1;2	z1:713.3931;z2:357.1999	2	2	711.38191	356.69823	1.5565e6	2	2
333.18787	24.0440	24.0440	24.1522	1	z1:333.1879	1	1	332.18059	333.18787	1.5562e6	1	1
640.30280	24.6987	24.6987	24.9632	1	z1:640.3028	1	1	638.29216	639.29944	1.5545e6	1	1
434.23163	24.4808	24.4808	24.5127	4	z4:434.2316	1	4	1732.89741	434.23163	1.5529e6	1	1
420.22241	24.0783	24.3087	24.4332	1	z1:420.2224	1	1	419.21514	420.22241	1.5431e6	1	1
324.65863	24.0440	24.0783	24.3087	1;2	z1:648.3111;z2:324.6586	2	2	647.30293	324.65874	1.5390e6	2	2
337.66757	24.1215	24.2738	24.3432	1;2	z1:673.3277;z2:337.6676	2	2	673.32160	337.66808	1.5326e6	2	2
488.74924	24.4332	24.5637	24.6553	2	z2:488.7492	1	2	975.48392	488.74924	1.5322e6	1	1
546.36017	24.0440	24.1215	24.2253	1	z1:546.3602	1	1	545.35289	546.36017	1.5294e6	1	1
585.33374	24.0440	24.1867	24.3432	1	z1:585.3337	1	1	584.32646	585.33374	1.5289e6	1	1
314.18182	24.1522	24.1522	24.5127	1	z1:314.1818	1	1	314.17790	315.18518	1.5272e6	1	1
732.38544	24.8730	24.9632	24.9632	1	z1:732.3854	1	1	731.37816	732.38544	1.5249e6	1	1
549.27661	24.2738	24.3432	24.4808	1	z1:549.2766	1	1	548.26933	549.27661	1.5245e6	1	1
301.67883	24.6553	24.8227	24.9632	2	z2:301.6788	1	2	601.34311	301.67883	1.5148e6	1	1
625.28290	24.0440	24.3087	24.3087	1	z1:625.2829	1	1	624.27562	625.28290	1.5112e6	1	1
357.71054	24.0783	24.3087	24.3087	2	z2:357.7105	1	2	713.40653	357.71054	1.5069e6	1	1
405.22775	24.0440	24.1867	24.2253	1	z1:405.2278	1	1	404.22048	405.22775	1.5065e6	1	1
413.22531	24.2253	24.3432	24.4808	1	z1:413.2253	1	1	412.21803	413.22531	1.5062e6	1	1
323.69159	24.7837	24.9632	24.9632	4	z4:323.6916	1	4	1290.73725	323.69159	1.5031e6	1	1
598.32904	24.0440	24.0440	24.2738	1	z1:598.3290	1	1	597.32176	598.32904	1.5024e6	1	1
485.34390	24.3780	24.6553	24.6987	1	z1:485.3439	1	1	484.33663	485.34390	1.4998e6	1	1
568.27264	24.3087	24.6205	24.6553	1	z1:568.2726	1	1	566.26201	567.26929	1.4981e6	1	1
700.32483	24.1522	24.3780	24.3780	1	z1:700.3248	1	1	699.31755	700.32483	1.4978e6	1	1
429.70984	24.6987	24.8730	24.9125	4	z4:429.7098	1	4	1714.81025	429.70984	1.4975e6	1	1
322.15460	24.0440	24.0783	24.3780	1	z1:322.1546	1	1	321.14733	322.15460	1.4975e6	1	1
488.25766	24.0440	24.0783	24.1215	1	z1:488.2577	1	1	488.25374	489.26101	1.4956e6	1	1
474.24222	24.8730	24.9363	24.9632	2	z2:474.2422	1	2	946.46988	474.24222	1.4937e6	1	1
389.19781	24.3780	24.5637	24.6205	4	z4:389.1978	1	4	1552.76215	389.19781	1.4907e6	1	1
457.28778	24.2253	24.4332	24.4808	1	z1:457.2878	1	1	456.28050	457.28778	1.4803e6	1	1
333.18442	24.6553	24.7837	24.9363	2	z2:333.1844	1	2	664.35428	333.18442	1.4758e6	1	2
782.40125	24.6987	24.7837	24.8227	1	z1:782.4012	1	1	781.39397	782.40125	1.4742e6	1	1
337.16876	24.1867	24.3087	24.3432	1	z1:337.1688	1	1	336.16149	337.16876	1.4709e6	1	1
321.17151	24.1522	24.3432	24.5637	2	z2:321.1715	1	2	640.32846	321.17151	1.4709e6	1	1
393.21622	24.0440	24.1522	24.2738	1	z1:393.2162	1	1	392.20894	393.21622	1.4555e6	1	1
678.36639	24.1215	24.3087	24.4808	1	z1:678.3664	1	1	677.35912	678.36639	1.4548e6	1	1
324.17072	24.0783	24.4808	24.5637	1	z1:324.1707	1	1	323.16344	324.17072	1.4513e6	1	1
486.30280	24.6205	24.8227	24.9125	5	z5:486.3028	1	5	2425.47424	486.10212	1.4479e6	1	1
375.22388	24.8227	24.8730	24.9632	1	z1:375.2239	1	1	374.21660	375.22388	1.4472e6	1	1
355.23370	24.5127	24.6205	24.9632	1	z1:355.2337	1	1	354.22643	355.23370	1.4438e6	1	1
479.71313	24.5637	24.6205	24.6553	2	z2:479.7131	1	2	957.41172	479.71313	1.4389e6	1	1
691.29919	24.1867	24.3780	24.5637	2	z2:691.2992	1	2	1380.58384	691.29919	1.4354e6	1	1
660.35486	24.7448	24.9632	24.9632	1;2	z1:660.3549;z2:330.6824	2	1	659.34841	660.35569	1.4349e6	2	2
441.26312	24.3780	24.6205	24.6987	1	z1:441.2631	1	1	439.25249	440.25977	1.4325e6	1	1
312.17780	24.9125	24.9632	24.9632	1	z1:312.1778	1	1	311.17052	312.17780	1.4310e6	1	1
316.17960	24.8227	24.9125	24.9632	2	z2:316.1796	1	2	630.34464	316.17960	1.4287e6	1	1
534.25806	24.6987	24.6987	24.7448	2	z2:534.2581	1	2	1066.50156	534.25806	1.4280e6	1	1
402.23318	24.6205	24.9363	24.9632	1	z1:402.2332	1	1	402.22926	403.23654	1.4264e6	1	1
347.19165	24.0440	24.1522	24.1867	1	z1:347.1917	1	1	346.18437	347.19165	1.4246e6	1	1
575.31390	24.0440	24.0783	24.1522	1	z1:575.3139	1	1	574.30663	575.31390	1.4227e6	1	1
381.22406	24.8227	24.9632	24.9632	2	z2:381.2241	1	2	760.43357	381.22406	1.4226e6	1	1
531.31445	24.3087	24.4808	24.6553	1	z1:531.3145	1	1	529.30382	530.31110	1.4190e6	1	1
499.26111	24.7837	24.9125	24.9632	1	z1:499.2611	1	1	498.25383	499.26111	1.4147e6	1	1
333.17639	24.5637	24.8227	24.9632	2	z2:333.1764	1	2	664.33823	333.17639	1.4126e6	1	1
759.32098	24.0440	24.1215	24.1867	1	z1:759.3210	1	1	758.31371	759.32098	1.4103e6	1	1
596.35150	24.0783	24.3432	24.3780	1	z1:596.3515	1	1	595.34422	596.35150	1.4068e6	1	1
868.40472	24.5127	24.6205	24.6553	1	z1:868.4047	1	1	867.39745	868.40472	1.4048e6	1	1
371.01120	24.6205	24.9363	24.9632	4	z4:371.0112	1	4	1480.01569	371.01120	1.4026e6	1	1
427.70258	24.0440	24.2253	24.2738	4	z4:427.7026	1	4	1706.78120	427.70258	1.4023e6	1	1
403.24860	24.8227	24.9632	24.9632	1	z1:403.2486	1	1	401.23796	402.24524	1.3981e6	1	1
403.71558	24.6987	24.9125	24.9125	1	z1:403.7156	1	1	401.70494	402.71222	1.3978e6	1	1
434.71069	24.4332	24.4808	24.5127	4	z4:434.7107	1	4	1734.81367	434.71069	1.3935e6	1	1
406.20657	24.3432	24.6205	24.7837	2	z2:406.2066	1	2	810.39859	406.20657	1.3933e6	1	1
549.26929	24.5127	24.6987	24.7448	1	z1:549.2693	1	1	548.26201	549.26929	1.3900e6	1	1
391.23654	24.0440	24.0783	24.1522	1	z1:391.2365	1	1	390.22927	391.23654	1.3889e6	1	1
462.71899	24.4332	24.5637	24.6205	2	z2:462.7190	1	2	923.42344	462.71899	1.3888e6	1	1
609.29102	24.1522	24.3780	24.4332	2	z2:609.2910	1	2	1216.56748	609.29102	1.3854e6	1	1
390.21228	24.0440	24.3087	24.3087	1	z1:390.2123	1	1	388.20165	389.20893	1.3815e6	1	1
725.30780	24.7837	24.8730	24.9632	1	z1:725.3078	1	1	724.30052	725.30780	1.3809e6	1	1
431.24023	24.2253	24.3087	24.5637	4	z4:431.2402	1	4	1720.93183	431.24023	1.3758e6	1	1
345.24927	24.0440	24.0783	24.3087	1	z1:345.2493	1	1	344.24199	345.24927	1.3719e6	1	1
411.17630	24.6553	24.7837	24.8227	1;2	z1:821.3422;z2:411.1763	2	2	820.33495	411.17475	1.3700e6	1	2
404.20947	24.0440	24.1215	24.1522	4	z4:404.2095	1	4	1612.80878	404.20947	1.3688e6	1	1
359.19138	24.6987	24.9125	24.9632	1	z1:359.1914	1	1	359.18745	360.19473	1.3659e6	1	1
672.40454	24.0440	24.1215	24.1522	4	z4:672.4045	1	4	2684.58570	672.15370	1.3655e6	1	1
463.23276	24.0440	24.3087	24.3087	2	z2:463.2328	1	2	924.45096	463.23276	1.3642e6	1	1
305.17657	24.1215	24.2253	24.2738	2	z2:305.1766	1	2	608.33860	305.17657	1.3630e6	1	1
450.24475	24.0440	24.1867	24.3432	1	z1:450.2448	1	1	448.23412	449.24140	1.3590e6	1	1
374.20572	24.7837	24.8730	24.9632	2;4	z2:747.3992;z4:374.2057	2	4	1492.79043	374.20488	1.3470e6	2	2
372.19672	24.3780	24.6205	24.6553	2	z2:372.1967	1	2	741.37552	371.69504	1.3456e6	1	1
315.16571	24.6553	24.8227	24.9632	1	z1:315.1657	1	1	314.15843	315.16571	1.3431e6	1	1
503.75278	24.4332	24.5127	24.5637	2;3	z2:503.7528;z3:336.1710	2	2	1005.49101	503.75278	1.3425e6	2	2
590.34991	24.8227	24.9363	24.9632	1	z1:590.3499	1	1	589.34264	590.34991	1.3406e6	1	1
381.19171	24.4808	24.6987	24.7837	2	z2:381.1917	1	2	760.36887	381.19171	1.3399e6	1	1
1072.45142	24.0440	24.1522	24.2738	1	z1:1072.4514	1	1	1071.44414	1072.45142	1.3315e6	1	1
555.25409	24.6987	24.9632	24.9632	2	z2:555.2541	1	2	1108.49363	555.25409	1.3263e6	1	1
579.72137	24.7448	24.7837	24.8227	2	z2:579.7214	1	2	1157.42820	579.72137	1.3220e6	1	1
451.73749	24.7837	24.7837	24.9125	4	z4:451.7375	1	4	1800.91414	451.23581	1.3196e6	1	1
380.18979	24.0440	24.0440	24.3432	1	z1:380.1898	1	1	379.18251	380.18979	1.3179e6	1	1
331.66727	24.6553	24.6553	24.9363	1;2	z1:662.3276;z2:331.6673	2	2	661.32012	331.66734	1.3113e6	2	2
416.23618	24.8227	24.9125	24.9632	4	z4:416.2362	1	4	1662.92231	416.73785	1.3079e6	1	1
479.71909	24.7448	24.8227	24.8227	1;2	z1:957.4274;z2:479.7191	2	2	956.42021	479.21738	1.3010e6	2	2
468.29141	24.0440	24.4808	24.4808	1	z1:468.2914	1	1	467.28414	468.29141	1.2993e6	1	1
494.75647	24.8730	24.8730	24.9125	2	z2:494.7565	1	2	986.49503	494.25479	1.2942e6	1	1
1125.93994	24.1867	24.3087	24.3780	2	z2:1125.9399	1	2	2249.86533	1125.93994	1.2890e6	1	1
376.65601	24.3432	24.5127	24.5637	2	z2:376.6560	1	2	751.29746	376.65601	1.2878e6	1	1
318.67111	24.3432	24.5637	24.6987	1	z1:318.6711	1	1	318.66719	319.67447	1.2853e6	1	1
576.25360	24.0440	24.2253	24.4808	1	z1:576.2536	1	1	575.24632	576.25360	1.2835e6	1	1
712.31439	24.3087	24.5127	24.5637	1	z1:712.3144	1	1	711.30712	712.31439	1.2748e6	1	1
312.16217	24.6553	24.9125	24.9363	1;2	z1:624.3181;z2:312.1622	2	2	622.30938	312.16197	1.2747e6	2	2
397.71027	24.3432	24.4332	24.5127	2	z2:397.7103	1	2	793.40598	397.71027	1.2741e6	1	1
432.72443	24.1215	24.2253	24.3087	4	z4:432.7244	1	4	1726.86860	432.72443	1.2716e6	1	1
416.26187	24.9125	24.9125	24.9632	4	z4:416.2619	1	4	1661.01838	416.26187	1.2690e6	1	2
432.69211	24.1215	24.1867	24.2253	4	z4:432.6921	1	4	1726.73933	432.69211	1.2640e6	1	1
328.17923	24.4332	24.8730	24.8730	1	z1:328.1792	1	1	327.17195	328.17923	1.2637e6	1	1
483.75201	24.9125	24.9632	24.9632	2;3	z2:483.7520;z3:322.8373	2	2	965.48963	483.75209	1.2633e6	2	2
443.73914	24.7448	24.9125	24.9125	4	z4:443.7391	1	4	1770.92744	443.73914	1.2632e6	1	1
409.24414	24.8730	24.9632	24.9632	1	z1:409.2441	1	1	408.23686	409.24414	1.2625e6	1	1
547.27325	24.0440	24.0440	24.2253	1	z1:547.2733	1	1	546.26598	547.27325	1.2623e6	1	2
417.71286	24.3087	24.5637	24.5637	4	z4:417.7129	1	4	1666.82233	417.71286	1.2619e6	1	1
478.26938	24.3087	24.7837	24.9363	1	z1:478.2694	1	1	478.26546	479.27273	1.2564e6	1	1
442.23840	24.4332	24.5637	24.6987	1	z1:442.2384	1	1	441.23113	442.23840	1.2556e6	1	1
542.77100	24.7448	24.7837	24.8227	2	z2:542.7710	1	2	1083.52744	542.77100	1.2551e6	1	1
509.26993	24.6987	24.6987	24.9125	2	z2:509.2699	1	2	1016.52530	509.26993	1.2540e6	1	1
405.23392	24.5637	24.6205	24.6987	2	z2:405.2339	1	2	808.45328	405.23392	1.2529e6	1	1
390.17441	24.7837	24.9125	24.9632	2;4	z2:779.3424;z4:390.1744	2	4	1556.66903	390.17453	1.2519e6	2	2
300.16995	24.5127	24.7837	24.8730	2	z2:300.1700	1	2	598.32535	300.16995	1.2485e6	1	1
632.33380	24.0440	24.1522	24.1522	1;2	z1:632.3338;z2:316.6709	2	1	631.32680	632.33408	1.2349e6	2	2
661.31445	24.6987	24.9632	24.9632	1;2	z1:661.3145;z2:332.1631	2	1	660.30718	661.31445	1.2320e6	1	2
577.28198	24.3780	24.5637	24.6553	1	z1:577.2820	1	1	575.27135	576.27863	1.2303e6	1	2
654.09381	24.4332	24.6553	24.9363	4	z4:654.0938	1	4	2611.34278	653.84297	1.2297e6	1	1
330.16043	24.0440	24.0783	24.1215	1;2	z1:659.3142;z2:330.1604	2	2	658.30654	330.16055	1.2297e6	2	3
547.28296	24.0440	24.1867	24.3087	1	z1:547.2830	1	1	545.27233	546.27960	1.2283e6	1	1
611.28766	24.2738	24.3087	24.3780	2	z2:611.2877	1	2	1220.56076	611.28766	1.2269e6	1	1
621.29663	24.7837	24.9632	24.9632	1	z1:621.2966	1	1	620.28935	621.29663	1.2263e6	1	2
608.82825	24.7448	24.7448	24.8227	2	z2:608.8282	1	2	1215.64194	608.82825	1.2239e6	1	1
414.23325	24.5127	24.9632	24.9632	4	z4:414.2332	1	4	1650.89717	413.73157	1.2230e6	1	1
663.38190	24.0440	24.0783	24.1522	1	z1:663.3819	1	1	662.37462	663.38190	1.2215e6	1	1
558.28699	24.2738	24.6205	24.6205	1	z1:558.2870	1	1	557.27971	558.28699	1.2213e6	1	1
430.20334	24.4808	24.6987	24.9363	4	z4:430.2033	1	4	1716.78425	430.20334	1.2176e6	1	1
432.25543	24.9125	24.9125	24.9632	1	z1:432.2554	1	1	431.24816	432.25543	1.2164e6	1	1
446.70294	24.3780	24.4808	24.5127	4	z4:446.7029	1	4	1782.78266	446.70294	1.2135e6	1	1
548.25903	24.3432	24.4332	24.4808	2;3	z2:548.2590;z3:365.8438	2	2	1095.51278	548.76366	1.2087e6	1	2
531.75659	24.7837	24.8730	24.8730	2	z2:531.7566	1	2	1061.49863	531.75659	1.2085e6	1	1
378.67621	24.6987	24.7448	24.8730	1;2	z1:757.3484;z2:378.6762	2	2	755.33785	378.67620	1.2078e6	2	2
504.75818	24.8730	24.9125	24.9125	2	z2:504.7582	1	2	1007.50180	504.75818	1.2028e6	1	1
336.93729	24.6553	24.9363	24.9632	4	z4:336.9373	1	4	1343.72004	336.93729	1.2010e6	1	1
303.16620	24.7448	24.9125	24.9632	1	z1:303.1662	1	1	302.15892	303.16620	1.2005e6	1	1
362.20285	24.0440	24.1215	24.4332	1	z1:362.2029	1	1	361.19557	362.20285	1.1936e6	1	1
515.25610	24.5637	24.7837	24.8227	1	z1:515.2561	1	1	515.25218	516.25946	1.1934e6	1	1
695.33777	24.3087	24.3087	24.6553	1	z1:695.3378	1	1	694.33049	695.33777	1.1865e6	1	1
528.31250	24.0440	24.1215	24.5127	1	z1:528.3125	1	1	528.30858	529.31585	1.1766e6	1	1
383.69547	24.8730	24.8730	24.9632	2	z2:383.6955	1	2	764.37302	383.19379	1.1746e6	1	1
507.70810	24.0440	24.1215	24.1867	2	z2:507.7081	1	2	1013.40165	507.70810	1.1745e6	1	1
346.67526	24.8227	24.9363	24.9632	1	z1:346.6753	1	1	345.66799	346.67526	1.1726e6	1	1
458.30737	24.1522	24.3432	24.4332	1	z1:458.3074	1	1	457.30010	458.30737	1.1710e6	1	1
365.71289	24.0440	24.0783	24.1522	2	z2:365.7129	1	2	729.41123	365.71289	1.1701e6	1	1
388.21332	24.1867	24.3087	24.3087	4	z4:388.2133	1	4	1548.82417	388.21332	1.1699e6	1	1
333.17639	24.0440	24.3087	24.3087	2	z2:333.1764	1	2	664.33823	333.17639	1.1696e6	1	1
440.21954	24.6553	24.6987	24.9125	4	z4:440.2195	1	4	1756.84907	440.21954	1.1667e6	1	1
339.18469	24.7837	24.7837	24.8730	2	z2:339.1847	1	2	676.35483	339.18469	1.1646e6	1	1
660.36444	24.4332	24.7448	24.8227	1	z1:660.3644	1	1	659.35716	660.36444	1.1637e6	1	1
537.30145	24.0440	24.0783	24.3432	1	z1:537.3015	1	1	536.29418	537.30145	1.1550e6	1	1
493.74344	24.0440	24.1215	24.1215	2	z2:493.7434	1	2	985.47232	493.74344	1.1539e6	1	1
414.25238	24.8227	24.8227	24.9125	4	z4:414.2524	1	4	1652.98042	414.25238	1.1535e6	1	1
410.23126	24.2738	24.3087	24.4808	2	z2:410.2313	1	2	817.44462	409.72958	1.1530e6	1	1
521.30792	24.7837	24.9125	24.9632	1	z1:521.3079	1	1	520.30065	521.30792	1.1503e6	1	1
527.29309	24.6987	24.7837	24.8227	1	z1:527.2931	1	1	525.28246	526.28974	1.1495e6	1	1
392.20325	24.1522	24.1867	24.3087	4	z4:392.2032	1	4	1564.78388	392.20325	1.1490e6	1	1
495.25583	24.0440	24.0783	24.2253	1	z1:495.2558	1	1	494.24855	495.25583	1.1430e6	1	1
386.21390	24.0440	24.0783	24.1867	2	z2:386.2139	1	2	770.41324	386.21390	1.1403e6	1	1
451.23004	24.0440	24.1867	24.2253	1	z1:451.2300	1	1	450.22277	451.23004	1.1394e6	1	1
480.25549	24.8730	24.9363	24.9632	1	z1:480.2555	1	1	478.24486	479.25214	1.1393e6	1	1
724.31244	24.1867	24.3087	24.3432	1;2	z1:724.3124;z2:362.6591	2	1	723.30452	724.31179	1.1348e6	2	2
515.36658	24.6553	24.8730	24.8730	5	z5:515.3666	1	5	2569.78979	514.96524	1.1322e6	1	1
774.47009	24.6987	24.7448	24.7837	1	z1:774.4701	1	1	773.46282	774.47009	1.1311e6	1	1
418.22784	24.7837	24.9632	24.9632	1	z1:418.2278	1	1	417.22057	418.22784	1.1251e6	1	1
391.22925	24.0440	24.3432	24.4332	1	z1:391.2292	1	1	390.22197	391.22925	1.1209e6	1	1
432.20792	24.6205	24.8730	24.9632	1	z1:432.2079	1	1	431.20064	432.20792	1.1204e6	1	1
431.22333	24.2253	24.4332	24.4332	4	z4:431.2233	1	4	1720.86420	431.22333	1.1146e6	1	1
688.39648	24.6205	24.6553	24.7837	1	z1:688.3965	1	1	687.38921	688.39648	1.1128e6	1	1
423.73175	24.6987	24.7448	24.7837	1	z1:423.7318	1	1	422.72447	423.73175	1.1109e6	1	1
565.27234	24.9363	24.9632	24.9632	1	z1:565.2723	1	1	564.26506	565.27234	1.1074e6	1	1
596.30200	24.6987	24.8227	24.9363	1	z1:596.3020	1	1	595.29473	596.30200	1.1072e6	1	1
786.37299	24.5637	24.6987	24.6987	1	z1:786.3730	1	1	785.36571	786.37299	1.1047e6	1	1
653.11206	24.0440	24.3087	24.3780	4	z4:653.1121	1	4	2607.41578	652.86122	1.1044e6	1	1
544.34393	24.9363	24.9632	24.9632	1	z1:544.3439	1	1	543.33666	544.34393	1.0993e6	1	1
579.27863	24.0440	24.1867	24.3087	1	z1:579.2786	1	1	578.27135	579.27863	1.0971e6	1	1
578.95215	24.7837	24.8227	24.9125	6	z6:578.9521	1	6	3467.66923	578.95215	1.0958e6	1	1
400.20026	24.6553	24.7448	24.8227	2	z2:400.2003	1	2	798.38596	400.20026	1.0919e6	1	1
446.23422	24.0783	24.3087	24.4332	1	z1:446.2342	1	1	445.22695	446.23422	1.0888e6	1	1
415.24170	24.8730	24.9632	24.9632	4	z4:415.2417	1	4	1658.94440	415.74338	1.0866e6	1	1
355.67682	24.5127	24.6987	24.6987	1	z1:355.6768	1	1	354.66954	355.67682	1.0861e6	1	1
672.66486	24.2253	24.4332	24.6553	4	z4:672.6649	1	4	2684.62361	672.16318	1.0804e6	1	1
636.33295	24.2738	24.5127	24.5637	1	z1:636.3329	1	1	636.32903	637.33630	1.0796e6	1	1
1355.01123	24.9125	24.9632	24.9632	5	z5:1355.0112	1	5	6766.00635	1354.20855	1.0790e6	1	1
437.23700	24.6553	24.6987	24.7837	2;4	z2:873.4644;z4:437.2370	2	4	1744.91656	437.23642	1.0774e6	2	2
330.20804	24.3432	24.5127	24.5637	2	z2:330.2080	1	2	658.40152	330.20804	1.0756e6	1	1
543.31372	24.6205	24.6205	24.9632	2	z2:543.3137	1	2	1085.61624	543.81540	1.0743e6	1	1
573.30920	24.3780	24.4808	24.5637	1	z1:573.3092	1	1	573.30528	574.31256	1.0734e6	1	1
310.82962	24.1215	24.1867	24.1867	6	z6:310.8296	1	6	1857.93071	310.66239	1.0705e6	1	1
672.30573	24.0440	24.0440	24.1867	1	z1:672.3057	1	1	671.29845	672.30573	1.0644e6	1	1
415.73450	24.4808	24.5637	24.5637	2	z2:415.7345	1	2	830.45780	416.23617	1.0636e6	1	1
349.20227	24.3780	24.5637	24.6987	1	z1:349.2023	1	1	348.19499	349.20227	1.0607e6	1	1
330.66876	24.1867	24.3087	24.3432	1;2	z1:660.3292;z2:330.6688	2	2	658.31914	330.16685	1.0599e6	2	2
434.89224	24.1522	24.2738	24.2738	3	z3:434.8922	1	3	1301.65490	434.89224	1.0599e6	1	1
307.67856	24.0440	24.0440	24.3087	2	z2:307.6786	1	2	613.34256	307.67856	1.0593e6	1	1
459.21884	24.5127	24.7448	24.9632	1	z1:459.2188	1	1	458.21157	459.21884	1.0592e6	1	1
466.24011	24.3432	24.3780	24.3780	1	z1:466.2401	1	1	466.23619	467.24347	1.0522e6	1	1
509.23303	24.4808	24.5127	24.5637	2	z2:509.2330	1	2	1016.45151	509.23303	1.0519e6	1	1
490.22433	24.0440	24.1867	24.1867	2	z2:490.2243	1	2	978.43412	490.22433	1.0467e6	1	1
484.25092	24.1215	24.1867	24.2738	2	z2:484.2509	1	2	965.48392	483.74924	1.0465e6	1	1
627.28455	24.6553	24.6987	24.7837	2	z2:627.2845	1	2	1252.55454	627.28455	1.0424e6	1	1
330.18991	24.7837	24.9125	24.9632	2	z2:330.1899	1	2	658.36527	330.18991	1.0333e6	1	1
329.67365	24.7837	24.9125	24.9632	1;2	z1:658.3398;z2:329.6736	2	2	657.33268	329.67362	1.0331e6	2	2
499.23160	24.8730	24.8730	24.9632	2	z2:499.2316	1	2	997.45200	499.73328	1.0323e6	1	1
559.76770	24.3432	24.4332	24.4332	2	z2:559.7677	1	2	1117.52085	559.76770	1.0275e6	1	1
343.23303	24.0440	24.0783	24.2253	1	z1:343.2330	1	1	342.22576	343.23303	1.0164e6	1	1
347.68839	24.8730	24.9363	24.9363	2	z2:347.6884	1	2	692.35886	347.18671	1.0145e6	1	1
409.73413	24.4332	24.5127	24.5637	4	z4:409.7341	1	4	1636.91413	410.23581	1.0118e6	1	1
523.26294	24.1867	24.3087	24.3087	1	z1:523.2629	1	1	522.25566	523.26294	1.0113e6	1	1
539.26447	24.6205	24.8227	24.8730	1	z1:539.2645	1	1	537.25383	538.26111	1.0105e6	1	1
705.34088	24.0440	24.1215	24.2253	1;2	z1:705.3409;z2:353.1734	2	1	704.33292	705.34019	1.0097e6	2	2
689.38367	24.7448	24.8730	24.9363	2	z2:689.3837	1	2	1376.75278	689.38367	1.0078e6	1	1
430.22864	24.9125	24.9363	24.9632	1	z1:430.2286	1	1	430.22472	431.23199	1.0075e6	1	1
453.28140	24.6987	24.8730	24.9125	1	z1:453.2814	1	1	451.27077	452.27805	1.0045e6	1	1
487.33362	24.0440	24.0440	24.2253	1	z1:487.3336	1	1	486.32634	487.33362	1.0037e6	1	1
377.19794	24.0440	24.1215	24.2738	2	z2:377.1979	1	2	752.38132	377.19794	1.0022e6	1	1
502.73117	24.8730	24.9125	24.9632	2	z2:502.7312	1	2	1003.44779	502.73117	1.0004e6	1	1
494.77933	24.7448	24.7837	24.7837	1	z1:494.7793	1	1	493.77205	494.77933	9.9963e5	1	1
428.71701	24.6987	24.6987	24.9632	4	z4:428.7170	1	4	1708.83223	428.21533	9.9922e5	1	1
511.24277	24.8227	24.9125	24.9632	1	z1:511.2428	1	1	510.23549	511.24277	9.9894e5	1	1
479.76871	24.3432	24.3780	24.4808	2	z2:479.7687	1	2	957.52286	479.76871	9.9299e5	1	1
395.70554	24.5127	24.7837	24.7837	4	z4:395.7055	1	4	1576.78633	395.20386	9.9108e5	1	1
355.68823	24.2253	24.3087	24.3432	2	z2:355.6882	1	2	710.36527	356.18991	9.8688e5	1	1
629.34351	24.6553	24.6553	24.7837	2	z2:629.3435	1	2	1256.67246	629.34351	9.8621e5	1	1
419.26065	24.5637	24.7448	24.9632	1	z1:419.2607	1	1	417.25002	418.25730	9.8621e5	1	1
323.18390	24.2253	24.3087	24.5637	1	z1:323.1839	1	1	322.17662	323.18390	9.8544e5	1	1
415.17456	24.1867	24.4332	24.4332	1	z1:415.1746	1	1	414.16728	415.17456	9.8500e5	1	1
546.26367	24.4332	24.4808	24.4808	2	z2:546.2637	1	2	1090.51279	546.26367	9.8444e5	1	1
444.73502	24.3780	24.4332	24.6553	2	z2:444.7350	1	2	887.45548	444.73502	9.8064e5	1	1
393.23242	24.5127	24.6553	24.9363	4	z4:393.2324	1	4	1568.90058	393.23242	9.7931e5	1	1
553.27216	24.0440	24.2738	24.4332	1	z1:553.2722	1	1	552.26488	553.27216	9.7905e5	1	1
439.53287	24.9125	24.9125	24.9632	2;3	z2:658.7964;z3:439.5329	2	3	1315.57746	439.53310	9.7882e5	2	2
600.33588	24.7448	24.9632	24.9632	1	z1:600.3359	1	1	599.32860	600.33588	9.7707e5	1	1
417.71930	24.0440	24.0783	24.0783	2	z2:417.7193	1	2	833.42405	417.71930	9.7541e5	1	1
574.39215	24.3087	24.5637	24.5637	1	z1:574.3922	1	1	573.38487	574.39215	9.7468e5	1	1
448.23544	24.7448	24.7837	24.7837	2	z2:448.2354	1	2	894.45633	448.23544	9.7280e5	1	1
589.29181	24.3087	24.3087	24.5637	1	z1:589.2918	1	1	588.28453	589.29181	9.7211e5	1	1
629.32263	24.7837	24.9632	24.9632	1	z1:629.3226	1	1	628.31536	629.32263	9.7183e5	1	1
604.30426	24.0440	24.1522	24.3432	1	z1:604.3043	1	1	604.30034	605.30762	9.7163e5	1	1
357.22409	24.0440	24.3432	24.3432	2	z2:357.2241	1	2	713.43698	357.72577	9.6616e5	1	1
631.31366	24.0440	24.1867	24.4808	1;2	z1:1261.6082;z2:631.3137	2	2	1260.61135	631.31295	9.6139e5	2	2
387.69363	24.8730	24.9125	24.9632	1;2	z1:773.3759;z2:387.6936	2	2	772.36864	387.19160	9.6048e5	1	2
574.35577	24.0440	24.0783	24.2738	1	z1:574.3558	1	1	573.34850	574.35577	9.5789e5	1	1
371.20300	24.3432	24.5127	24.6553	5	z5:371.2030	1	5	1850.97863	371.20300	9.5637e5	1	1
593.37482	24.9363	24.9632	24.9632	1	z1:593.3748	1	1	592.36754	593.37482	9.4884e5	1	1
502.32254	24.8730	24.9125	24.9632	3	z3:502.3225	1	3	1504.94915	502.65699	9.4740e5	1	1
372.67603	24.7837	24.8730	24.8730	2	z2:372.6760	1	2	743.33750	372.67603	9.4612e5	1	1
311.15289	24.8730	24.9125	24.9632	1	z1:311.1529	1	1	310.14562	311.15289	9.4434e5	1	1
439.18140	24.5637	24.8730	24.9632	2	z2:439.1814	1	2	876.34824	439.18140	9.4336e5	1	1
425.15576	24.6205	24.7837	24.8730	4	z4:425.1558	1	4	1696.59394	425.15576	9.4335e5	1	1
496.71448	24.5637	24.6987	24.6987	2	z2:496.7145	1	2	991.41440	496.71448	9.4049e5	1	1
595.27448	24.7448	24.9363	24.9632	1	z1:595.2745	1	1	594.26720	595.27448	9.4018e5	1	1
524.23438	24.5637	24.9125	24.9632	1	z1:524.2344	1	1	523.22710	524.23438	9.3822e5	1	1
342.17709	24.0783	24.2253	24.5127	1	z1:342.1771	1	1	341.16982	342.17709	9.3595e5	1	1
551.74121	24.9363	24.9632	24.9632	2	z2:551.7412	1	2	1101.46787	551.74121	9.3388e5	1	1
331.15549	24.0440	24.1215	24.1215	1;2	z1:661.3048;z2:331.1555	2	2	661.30089	331.65772	9.2706e5	1	2
485.27118	24.0440	24.2253	24.2738	1	z1:485.2712	1	1	485.26726	486.27453	9.2358e5	1	1
356.30746	24.2253	24.4332	24.4332	6	z6:356.3075	1	6	2130.79777	356.14024	9.2198e5	1	1
523.74042	24.4808	24.5637	24.5637	2	z2:523.7404	1	2	1045.46628	523.74042	9.2092e5	1	1
445.24042	24.5637	24.6987	24.7448	4	z4:445.2404	1	4	1776.93256	445.24042	9.2030e5	1	1
555.32330	24.6987	24.7837	24.8227	1	z1:555.3233	1	1	554.31603	555.32330	9.1839e5	1	1
424.67920	24.7837	24.9125	24.9363	4	z4:424.6792	1	4	1694.68769	424.67920	9.1731e5	1	1
700.32483	24.6987	24.7837	24.8227	1	z1:700.3248	1	1	699.31755	700.32483	9.1683e5	1	1
402.68622	24.7837	24.7837	24.9632	2	z2:402.6862	1	2	804.36124	403.18790	9.1561e5	1	1
712.36469	24.2253	24.2738	24.2738	1	z1:712.3647	1	1	711.35741	712.36469	9.1500e5	1	1
563.25928	24.3087	24.3780	24.6553	2	z2:563.2593	1	2	1124.50400	563.25928	9.1396e5	1	1
602.72729	24.6205	24.6553	24.6987	2	z2:602.7273	1	2	1203.44004	602.72729	9.1086e5	1	1
455.24954	24.8730	24.9632	24.9632	1	z1:455.2495	1	1	453.23891	454.24619	9.0626e5	1	1
512.24658	24.2738	24.3087	24.4332	2	z2:512.2466	1	2	1022.47861	512.24658	9.0485e5	1	1
568.74640	24.7448	24.8227	24.8227	2	z2:568.7464	1	2	1135.47824	568.74640	9.0463e5	1	1
407.22620	24.0440	24.4808	24.5637	4	z4:407.2262	1	4	1626.88239	407.72787	9.0110e5	1	1
310.17532	24.0440	24.1215	24.1867	1	z1:310.1753	1	1	309.16805	310.17532	8.9093e5	1	1
355.18436	24.2253	24.3432	24.3780	1	z1:355.1844	1	1	355.18044	356.18771	8.8996e5	1	1
392.19003	24.7448	24.8730	24.9363	1	z1:392.1900	1	1	390.17940	391.18668	8.8948e5	1	1
341.16888	24.6987	24.7837	24.9363	2	z2:341.1689	1	2	680.32322	341.16888	8.8647e5	1	1
563.34009	24.6987	24.9363	24.9632	1	z1:563.3401	1	1	561.32946	562.33673	8.8641e5	1	1
408.74411	24.7837	24.8227	24.8227	4	z4:408.7441	1	4	1630.94733	408.74411	8.8445e5	1	1
420.56601	24.1522	24.2253	24.2253	6	z6:420.5660	1	6	2515.34569	420.23156	8.8374e5	1	1
327.68784	24.6205	24.7837	24.9125	2	z2:327.6878	1	2	653.36112	327.68784	8.8358e5	1	1
426.67673	24.1522	24.3432	24.3432	4	z4:426.6767	1	4	1702.67780	426.67673	8.8237e5	1	1
473.32266	24.7448	24.8730	24.9363	5	z5:473.3227	1	5	2358.56686	472.72065	8.8199e5	1	1
455.24771	24.3780	24.3780	24.4332	1	z1:455.2477	1	1	454.24043	455.24771	8.7863e5	1	1
507.26752	24.7448	24.7448	24.8227	1	z1:507.2675	1	1	505.25689	506.26416	8.7738e5	1	1
629.29279	24.6553	24.6987	24.6987	2	z2:629.2928	1	2	1256.57102	629.29279	8.7639e5	1	1
466.25153	24.6987	24.8227	24.9363	2	z2:466.2515	1	2	930.48850	466.25153	8.7176e5	1	2
522.22205	24.6987	24.6987	24.9632	1	z1:522.2220	1	1	521.21477	522.22205	8.7141e5	1	1
690.30444	24.7448	24.7448	24.7837	1	z1:690.3044	1	1	689.29717	690.30444	8.7125e5	1	1
545.25439	24.8227	24.9632	24.9632	1	z1:545.2544	1	1	544.24712	545.25439	8.6969e5	1	1
479.73694	24.4808	24.6205	24.6553	1	z1:479.7369	1	1	477.72631	478.73358	8.6659e5	1	1
510.26797	24.8227	24.8730	24.9632	1	z1:510.2680	1	1	508.25734	509.26462	8.6636e5	1	1
364.68054	24.2253	24.4332	24.6553	6	z6:364.6805	1	6	2182.03959	364.68054	8.6604e5	1	1
495.25583	24.5127	24.5637	24.6553	2	z2:495.2558	1	2	988.49710	495.25583	8.6449e5	1	1
540.27606	24.1522	24.4332	24.4332	2	z2:540.2761	1	2	1078.53757	540.27606	8.6411e5	1	1
896.43921	24.8730	24.9125	24.9632	1	z1:896.4392	1	1	895.43193	896.43921	8.6157e5	1	1
529.76532	24.6553	24.6987	24.7837	2	z2:529.7653	1	2	1057.51609	529.76532	8.6089e5	1	1
688.80615	24.6553	24.6553	24.6987	2	z2:688.8062	1	2	1375.59775	688.80615	8.5908e5	1	1
646.29187	24.6205	24.6553	24.6987	2	z2:646.2919	1	2	1290.56919	646.29187	8.5414e5	1	1
365.21002	24.3087	24.3780	24.3780	2	z2:365.2100	1	2	728.40549	365.21002	8.5383e5	1	1
409.69809	24.5637	24.7448	24.7837	2	z2:409.6981	1	2	817.38163	409.69809	8.5256e5	1	1
365.23376	24.4808	24.5637	24.6553	2	z2:365.2338	1	2	728.45298	365.23376	8.5185e5	1	1
516.25848	24.3087	24.3780	24.3780	2	z2:516.2585	1	2	1030.50241	516.25848	8.5005e5	1	1
496.73120	24.1215	24.1215	24.1522	2	z2:496.7312	1	2	991.44785	496.73120	8.4877e5	1	1
415.73929	24.0440	24.0783	24.1215	4	z4:415.7393	1	4	1660.93476	416.24097	8.4860e5	1	1
376.22000	24.9125	24.9632	24.9632	1	z1:376.2200	1	1	374.20937	375.21665	8.3981e5	1	1
507.26535	24.9363	24.9363	24.9632	1	z1:507.2654	1	1	506.25807	507.26535	8.3920e5	1	1
514.26099	24.6205	24.6553	24.7837	1	z1:514.2610	1	1	513.25371	514.26099	8.3621e5	1	1
592.28680	24.0440	24.0440	24.2253	1	z1:592.2868	1	1	591.27953	592.28680	8.3492e5	1	1
471.26724	24.6987	24.8730	24.9632	1	z1:471.2672	1	1	471.26332	472.27060	8.3443e5	1	1
415.20493	24.1522	24.3087	24.3087	2	z2:415.2049	1	2	828.39530	415.20493	8.3325e5	1	1
430.56769	24.8227	24.8227	24.8730	3	z3:430.5677	1	3	1287.67788	430.23324	8.3293e5	1	1
452.22400	24.1215	24.1867	24.1867	1	z1:452.2240	1	1	451.21672	452.22400	8.3058e5	1	1
496.24008	24.9363	24.9363	24.9632	1	z1:496.2401	1	1	495.23281	496.24008	8.2740e5	1	1
454.21085	24.6987	24.9125	24.9363	4	z4:454.2108	1	4	1812.81428	454.21085	8.2644e5	1	1
428.22440	24.5637	24.6553	24.7837	1	z1:428.2244	1	1	427.21712	428.22440	8.2517e5	1	1
485.74612	24.3780	24.4332	24.4808	2	z2:485.7461	1	2	969.47770	485.74612	8.2219e5	1	1
356.20078	24.2738	24.3780	24.4808	1	z1:356.2008	1	1	354.19014	355.19742	8.2143e5	1	1
342.71103	24.0440	24.0783	24.1522	1	z1:342.7110	1	1	341.70375	342.71103	8.1989e5	1	1
559.30762	24.1522	24.4808	24.4808	1	z1:559.3076	1	1	559.30370	560.31097	8.1913e5	1	1
789.44397	24.6205	24.6205	24.6987	1	z1:789.4440	1	1	788.43669	789.44397	8.1762e5	1	1
892.39642	24.3780	24.4332	24.4808	1	z1:892.3964	1	1	891.38915	892.39642	8.1591e5	1	1
494.27032	24.9363	24.9363	24.9632	1	z1:494.2703	1	1	492.25969	493.26697	8.1565e5	1	1
470.30811	24.6553	24.9125	24.9363	1	z1:470.3081	1	1	469.30083	470.30811	8.1504e5	1	1
877.42322	24.4332	24.5127	24.5127	1	z1:877.4232	1	1	876.41594	877.42322	8.1436e5	1	1
450.25378	24.1522	24.3432	24.3780	1	z1:450.2538	1	1	450.24986	451.25714	8.1215e5	1	1
459.21884	24.0440	24.2738	24.3780	2	z2:459.2188	1	2	916.42313	459.21884	8.1098e5	1	1
601.28186	24.8730	24.8730	24.9125	1	z1:601.2819	1	1	600.27458	601.28186	8.0638e5	1	1
504.73035	24.0440	24.1215	24.1522	2	z2:504.7303	1	2	1007.44614	504.73035	8.0627e5	1	1
531.32367	24.0440	24.0783	24.0783	1	z1:531.3237	1	1	529.31304	530.32031	8.0536e5	1	1
486.20758	24.6987	24.7837	24.7837	2	z2:486.2076	1	2	970.40061	486.20758	8.0359e5	1	1
867.91663	24.9125	24.9632	24.9632	2	z2:867.9166	1	2	1733.81870	867.91663	8.0321e5	1	1
751.32092	24.1215	24.2738	24.3087	1	z1:751.3209	1	1	750.31365	751.32092	8.0267e5	1	1
378.21030	24.8730	24.9363	24.9363	2	z2:378.2103	1	2	755.40940	378.71197	8.0053e5	1	1
427.73932	24.7837	24.8227	24.9125	2	z2:427.7393	1	2	853.46408	427.73932	7.9903e5	1	1
388.20032	24.1867	24.2253	24.2253	4	z4:388.2003	1	4	1548.77216	388.20032	7.9844e5	1	1
349.71320	24.4332	24.5127	24.5637	2	z2:349.7132	1	2	697.41184	349.71320	7.8961e5	1	1
385.18213	24.4808	24.7448	24.7448	2	z2:385.1821	1	2	768.34970	385.18213	7.8812e5	1	1
356.07632	24.3087	24.4332	24.4332	2	z2:356.0763	1	2	710.13810	356.07632	7.8770e5	1	1
404.71353	24.6987	24.7448	24.8227	4	z4:404.7135	1	4	1616.83173	405.21521	7.8157e5	1	1
881.40405	24.4808	24.6987	24.7448	1	z1:881.4041	1	1	880.39678	881.40405	7.8074e5	1	1
356.73859	24.8730	24.8730	24.9632	2	z2:356.7386	1	2	711.46262	356.73859	7.8039e5	1	1
365.71951	24.1215	24.2253	24.2253	6	z6:365.7195	1	6	2185.26335	365.21784	7.7491e5	1	1
456.29181	24.0440	24.1867	24.1867	2	z2:456.2918	1	2	910.56907	456.29181	7.7452e5	1	1
469.74597	24.6987	24.7448	24.7837	2	z2:469.7460	1	2	936.47404	469.24429	7.7389e5	1	1
616.30359	24.6987	24.7837	24.8730	1	z1:616.3036	1	1	615.29631	616.30359	7.7267e5	1	1
329.18115	24.6987	24.9125	24.9632	2	z2:329.1812	1	2	656.34775	329.18115	7.7133e5	1	1
359.68057	24.4808	24.6987	24.6987	2	z2:359.6806	1	2	716.34324	359.17890	7.7003e5	1	1
875.42822	24.8227	24.9363	24.9632	1	z1:875.4282	1	1	874.42095	875.42822	7.6864e5	1	1
413.22531	24.8227	24.8730	24.9363	3	z3:413.2253	1	3	1236.65410	413.22531	7.6781e5	1	1
429.65601	24.2253	24.3087	24.3432	4	z4:429.6560	1	4	1714.59492	429.65601	7.6679e5	1	1
570.77875	24.3780	24.4332	24.4332	2	z2:570.7787	1	2	1139.54294	570.77875	7.6356e5	1	1
591.26422	24.9125	24.9632	24.9632	2	z2:591.2642	1	2	1180.51389	591.26422	7.6354e5	1	1
335.16946	24.0440	24.1522	24.2253	2	z2:335.1695	1	2	668.32438	335.16946	7.6349e5	1	1
506.26318	24.2253	24.3780	24.3780	3	z3:506.2632	1	3	1515.76772	506.26318	7.6217e5	1	1
574.29077	24.5637	24.6987	24.9363	2	z2:574.2908	1	2	1147.57034	574.79245	7.5942e5	1	1
421.73999	24.3780	24.5127	24.5637	1	z1:421.7400	1	1	420.73271	421.73999	7.5685e5	1	1
456.25497	24.5127	24.6987	24.8227	3	z3:456.2550	1	3	1365.74309	456.25497	7.5379e5	1	1
431.24023	24.9125	24.9125	24.9632	4	z4:431.2402	1	4	1720.93183	431.24023	7.5018e5	1	1
406.21121	24.0440	24.1867	24.2253	2	z2:406.2112	1	2	810.40787	406.21121	7.5012e5	1	1
431.23517	24.0440	24.0440	24.0783	1	z1:431.2352	1	1	431.23125	432.23852	7.4834e5	1	1
351.16943	24.7448	24.8730	24.9363	1	z1:351.1694	1	1	350.16216	351.16943	7.4660e5	1	1
384.65427	24.0440	24.0783	24.1215	1;2	z1:768.3018;z2:384.6543	2	2	767.29426	384.65440	7.4562e5	2	2
565.74493	24.8227	24.8730	24.9363	2	z2:565.7449	1	2	1129.47532	565.74493	7.4501e5	1	1
390.68451	24.8730	24.9632	24.9632	4	z4:390.6845	1	4	1558.70893	390.68451	7.4314e5	1	1
406.67407	24.0783	24.3087	24.3087	4	z4:406.6741	1	4	1622.66718	406.67407	7.4155e5	1	1
517.27045	24.7448	24.7448	24.9632	1	z1:517.2704	1	1	517.26653	518.27380	7.4018e5	1	1
530.77112	24.5127	24.5127	24.5637	2;3	z2:530.7711;z3:354.1837	2	2	1059.52828	530.77142	7.4008e5	2	2
386.73636	24.3087	24.3432	24.4332	4	z4:386.7364	1	4	1543.91968	386.98720	7.3948e5	1	1
402.71368	24.4332	24.5127	24.5637	4	z4:402.7137	1	4	1604.81892	402.21201	7.3815e5	1	1
316.17960	24.4332	24.5637	24.6987	1	z1:316.1796	1	1	316.17567	317.18295	7.3698e5	1	1
445.71289	24.1215	24.2253	24.2738	4	z4:445.7129	1	4	1778.82246	445.71289	7.3602e5	1	1
328.18036	24.0783	24.1867	24.1867	2	z2:328.1804	1	2	654.34616	328.18036	7.3548e5	1	1
350.19183	24.7837	24.7837	24.9632	2	z2:350.1918	1	2	699.37247	350.69351	7.3444e5	1	1
603.28400	24.9363	24.9632	24.9632	2	z2:603.2840	1	2	1204.55344	603.28400	7.3153e5	1	1
703.40906	24.3432	24.4808	24.4808	1	z1:703.4091	1	1	702.40178	703.40906	7.3140e5	1	1
636.33295	24.8730	24.9363	24.9632	1;2	z1:636.3329;z2:318.6700	2	1	635.32562	636.33290	7.3041e5	2	2
633.27814	24.4808	24.5127	24.5127	2	z2:633.2781	1	2	1264.54172	633.27814	7.3018e5	1	1
425.21375	24.8227	24.9363	24.9632	1	z1:425.2137	1	1	424.20647	425.21375	7.2883e5	1	1
469.24054	24.0783	24.1522	24.2738	1	z1:469.2405	1	1	468.23326	469.24054	7.2726e5	1	1
431.21826	24.4808	24.5127	24.5127	4	z4:431.2183	1	4	1720.84394	431.21826	7.2628e5	1	1
677.12305	24.4808	24.4808	24.6205	1	z1:677.1230	1	1	676.11577	677.12305	7.2280e5	1	1
460.22256	24.0440	24.1522	24.2738	4	z4:460.2226	1	4	1834.85444	459.72089	7.1880e5	1	1
514.76813	24.3432	24.4332	24.4332	2	z2:514.7681	1	2	1027.52170	514.76813	7.1804e5	1	1
520.76642	24.9125	24.9632	24.9632	1	z1:520.7664	1	1	519.75914	520.76642	7.1710e5	1	1
547.24664	24.6987	24.7837	24.8227	1	z1:547.2466	1	1	546.23937	547.24664	7.1534e5	1	1
393.18381	24.0440	24.0440	24.1522	1;2	z1:785.3616;z2:393.1838	2	2	784.35357	393.18406	7.1432e5	2	2
415.72168	24.4332	24.4332	24.5127	4	z4:415.7217	1	4	1658.85761	415.72168	7.1362e5	1	1
340.17343	24.8227	24.8730	24.9632	2	z2:340.1734	1	2	678.33231	340.17343	7.1236e5	1	1
592.31128	24.1215	24.1867	24.1867	1	z1:592.3113	1	1	590.30065	591.30792	7.1213e5	1	1
656.74707	24.5637	24.6553	24.9125	5	z5:656.7471	1	5	3275.68890	656.14506	7.1206e5	1	1
488.30862	24.0783	24.1867	24.2253	5	z5:488.3086	1	5	2435.50338	488.10795	7.1027e5	1	1
673.36072	24.0783	24.3087	24.3087	1	z1:673.3607	1	1	672.35344	673.36072	7.0980e5	1	1
719.38452	24.6553	24.6987	24.6987	1	z1:719.3845	1	1	717.37389	718.38117	7.0949e5	1	1
566.29443	24.0440	24.3087	24.3087	1	z1:566.2944	1	1	565.28716	566.29443	7.0723e5	1	1
327.16626	24.4808	24.6987	24.8227	1;2	z1:653.3234;z2:327.1663	2	2	652.31709	327.16582	7.0722e5	2	2
526.29718	24.0440	24.0440	24.0783	1	z1:526.2972	1	1	525.28990	526.29718	7.0482e5	1	1
417.19238	24.8227	24.9125	24.9632	4	z4:417.1924	1	4	1666.74714	417.69406	7.0228e5	1	1
721.34595	24.7837	24.9363	24.9632	1	z1:721.3459	1	1	720.33867	721.34595	7.0175e5	1	1
473.24097	24.6987	24.6987	24.8227	2	z2:473.2410	1	2	944.46738	473.24097	7.0049e5	1	1
345.19958	24.6205	24.7448	24.8227	2	z2:345.1996	1	2	688.38462	345.19958	7.0034e5	1	1
385.21783	24.0440	24.0783	24.1522	2	z2:385.2178	1	2	768.42112	385.21783	6.9823e5	1	1
603.79095	24.7837	24.8730	24.9125	2	z2:603.7910	1	2	1205.56736	603.79095	6.9814e5	1	1
440.21259	24.3432	24.6205	24.6205	2	z2:440.2126	1	2	878.41062	440.21259	6.9471e5	1	1
707.37311	24.8730	24.9632	24.9632	1	z1:707.3731	1	1	706.36583	707.37311	6.9421e5	1	1
409.69653	24.0440	24.1522	24.1522	4	z4:409.6965	1	4	1632.75032	409.19486	6.8913e5	1	1
305.70502	24.8730	24.9363	24.9632	2	z2:305.7050	1	2	609.39548	305.70502	6.8881e5	1	1
301.68475	24.0440	24.1867	24.2253	2	z2:301.6848	1	2	601.35495	301.68475	6.8727e5	1	1
424.23810	24.5637	24.5637	24.6987	4	z4:424.2381	1	4	1690.91658	423.73642	6.8709e5	1	1
430.22189	24.6987	24.7837	24.7837	4	z4:430.2219	1	4	1716.85847	430.22189	6.8602e5	1	1
557.27905	24.0440	24.0440	24.1867	1	z1:557.2791	1	1	556.27178	557.27905	6.8583e5	1	1
575.28003	24.2253	24.2738	24.3087	2	z2:575.2800	1	2	1148.54551	575.28003	6.8159e5	1	1
498.21323	24.0440	24.0783	24.1867	1	z1:498.2132	1	1	497.20595	498.21323	6.8073e5	1	1
363.21817	24.9125	24.9125	24.9632	2	z2:363.2182	1	2	724.42179	363.21817	6.8039e5	1	1
431.69739	24.0440	24.1522	24.1867	4	z4:431.6974	1	4	1722.76044	431.69739	6.7858e5	1	1
474.22858	24.6205	24.9632	24.9632	2	z2:474.2286	1	2	946.44260	474.22858	6.7857e5	1	1
680.76599	24.6987	24.7448	24.7448	6	z6:680.7660	1	6	4075.54222	680.26431	6.7764e5	1	1
788.42664	24.2738	24.3087	24.3087	1	z1:788.4266	1	1	787.41936	788.42664	6.7637e5	1	1
374.20297	24.0440	24.0440	24.2253	4	z4:374.2030	1	4	1490.77607	373.70129	6.7619e5	1	1
605.31299	24.6205	24.6205	24.6987	1	z1:605.3130	1	1	604.30571	605.31299	6.7608e5	1	1
666.34534	24.7448	24.8227	24.9125	2	z2:666.3453	1	2	1330.67612	666.34534	6.7580e5	1	1
365.19156	24.0440	24.0783	24.1867	2	z2:365.1916	1	2	728.36856	365.19156	6.7475e5	1	1
477.75012	24.6553	24.6987	24.6987	2	z2:477.7501	1	2	953.48569	477.75012	6.7041e5	1	1
518.29883	24.0440	24.1215	24.1215	1	z1:518.2988	1	1	516.28820	517.29547	6.6935e5	1	1
468.22443	24.6987	24.7448	24.7837	2	z2:468.2244	1	2	934.43430	468.22443	6.6868e5	1	1
766.37427	24.5127	24.6205	24.6205	1	z1:766.3743	1	1	765.36699	766.37427	6.6741e5	1	1
611.31335	24.7448	24.8730	24.9125	1;2	z1:611.3134;z2:307.6663	2	1	612.31473	613.32201	6.6681e5	1	2
435.68146	24.2738	24.3432	24.3432	4	z4:435.6815	1	4	1738.69672	435.68146	6.6487e5	1	1
355.19702	24.1867	24.3087	24.3432	2	z2:355.1970	1	2	708.37949	355.19702	6.6375e5	1	1
753.38715	24.9125	24.9632	24.9632	1	z1:753.3871	1	1	752.37987	753.38715	6.6359e5	1	1
916.34735	24.2738	24.3432	24.3432	1	z1:916.3474	1	1	915.34007	916.34735	6.6223e5	1	1
326.66821	24.3780	24.5637	24.5637	2	z2:326.6682	1	2	651.32187	326.66821	6.6014e5	1	1
376.17038	24.6553	24.9363	24.9632	1	z1:376.1704	1	1	375.16310	376.17038	6.5934e5	1	1
622.29254	24.3780	24.4808	24.5127	2	z2:622.2925	1	2	1242.57053	622.29254	6.5900e5	1	1
365.72610	24.0783	24.1522	24.1867	2	z2:365.7261	1	2	728.43430	365.22443	6.5820e5	1	1
362.70215	24.5127	24.6553	24.6553	2	z2:362.7021	1	2	723.38974	362.70215	6.5765e5	1	1
431.71097	24.5127	24.5637	24.6205	1	z1:431.7110	1	1	430.70369	431.71097	6.5723e5	1	1
376.66568	24.4808	24.6205	24.6205	2	z2:376.6657	1	2	751.31681	376.66568	6.5433e5	1	1
310.15469	24.1867	24.3432	24.3432	1	z1:310.1547	1	1	309.14742	310.15469	6.5365e5	1	1
472.28745	24.7837	24.8227	24.8227	1	z1:472.2874	1	1	470.27681	471.28409	6.5270e5	1	1
711.32770	24.9125	24.9632	24.9632	1	z1:711.3277	1	1	710.32042	711.32770	6.5249e5	1	1
426.19940	24.7837	24.7837	24.9632	1	z1:426.1994	1	1	425.19213	426.19940	6.5235e5	1	1
419.24280	24.0440	24.1867	24.2738	2	z2:419.2428	1	2	837.47440	419.74448	6.5221e5	1	1
748.37274	24.7448	24.8227	24.8227	1	z1:748.3727	1	1	747.36547	748.37274	6.5192e5	1	1
583.27112	24.8730	24.8730	24.9632	1	z1:583.2711	1	1	582.26384	583.27112	6.4936e5	1	1
487.21375	24.8227	24.8730	24.9363	1	z1:487.2137	1	1	486.20647	487.21375	6.4675e5	1	1
358.20825	24.0440	24.1215	24.2253	1	z1:358.2083	1	1	357.20098	358.20825	6.4626e5	1	1
449.21774	24.0440	24.0440	24.1522	1	z1:449.2177	1	1	448.21047	449.21774	6.4487e5	1	1
421.74490	24.8227	24.8730	24.8730	4	z4:421.7449	1	4	1682.95051	421.74490	6.4296e5	1	1
344.69003	24.0440	24.0783	24.1867	2	z2:344.6900	1	2	687.36551	344.69003	6.3911e5	1	1
421.68109	24.9125	24.9363	24.9632	4	z4:421.6811	1	4	1680.68855	421.17941	6.3904e5	1	1
480.28134	24.3087	24.4332	24.4332	1	z1:480.2813	1	1	479.27407	480.28134	6.3666e5	1	1
442.26474	24.0440	24.3087	24.3432	4	z4:442.2647	1	4	1765.02985	442.26474	6.3635e5	1	1
477.24942	24.1215	24.1867	24.3780	1	z1:477.2494	1	1	475.23879	476.24607	6.3630e5	1	1
430.23367	24.0783	24.1867	24.2738	4	z4:430.2337	1	4	1718.91230	430.73535	6.3575e5	1	1
457.76663	24.3780	24.3780	24.5637	4	z4:457.7666	1	4	1827.03742	457.76663	6.3562e5	1	1
377.19794	24.9125	24.9632	24.9632	1	z1:377.1979	1	1	377.19402	378.20129	6.3458e5	1	1
476.24646	24.0440	24.0783	24.0783	1	z1:476.2465	1	1	475.23918	476.24646	6.3423e5	1	1
687.37738	24.7448	24.9632	24.9632	2	z2:687.3774	1	2	1372.74021	687.37738	6.3381e5	1	1
750.34143	24.5127	24.6205	24.6553	1	z1:750.3414	1	1	749.33415	750.34143	6.3308e5	1	1
462.23422	24.7837	24.9632	24.9632	1	z1:462.2342	1	1	461.22695	462.23422	6.3039e5	1	1
403.20728	24.4332	24.4332	24.5127	2	z2:403.2073	1	2	804.40000	403.20728	6.3021e5	1	1
423.74164	24.3780	24.4332	24.6553	5	z5:423.7416	1	5	2112.66845	423.54097	6.2918e5	1	1
537.24738	24.2738	24.3780	24.3780	1	z1:537.2474	1	1	536.24010	537.24738	6.2799e5	1	1
595.27448	24.0440	24.0783	24.1522	1	z1:595.2745	1	1	594.26720	595.27448	6.2639e5	1	1
830.35858	24.0440	24.1215	24.1867	1	z1:830.3586	1	1	829.35131	830.35858	6.2409e5	1	1
390.70349	24.0440	24.0440	24.0783	2	z2:390.7035	1	2	779.39243	390.70349	6.2005e5	1	1
402.21643	24.4332	24.5127	24.5637	4	z4:402.2164	1	4	1604.83662	402.21643	6.1967e5	1	1
601.25677	24.7448	24.8227	24.8227	1	z1:601.2568	1	1	600.24950	601.25677	6.1737e5	1	1
309.67334	24.7448	24.7448	24.8227	6	z6:309.6733	1	6	1854.00309	310.00779	6.1667e5	1	1
787.46558	24.8730	24.9363	24.9632	2	z2:787.4656	1	2	1572.91660	787.46558	6.1381e5	1	1
372.22247	24.2738	24.3087	24.3432	1	z1:372.2225	1	1	370.21184	371.21912	6.1292e5	1	1
454.73615	24.5637	24.5637	24.6553	4	z4:454.7361	1	4	1814.91547	454.73615	6.1149e5	1	1
714.44897	24.5127	24.5637	24.6205	5	z5:714.4490	1	5	3565.20178	714.04763	6.1148e5	1	1
602.32495	24.4808	24.8227	24.8227	1	z1:602.3250	1	1	602.32103	603.32831	6.0990e5	1	1
455.18347	24.8730	24.8730	24.9125	2	z2:455.1835	1	2	908.35239	455.18347	6.0736e5	1	1
348.16531	24.3087	24.4332	24.4808	1	z1:348.1653	1	1	347.15804	348.16531	6.0729e5	1	1
679.35217	24.3780	24.3780	24.6205	2	z2:679.3522	1	2	1356.68979	679.35217	6.0628e5	1	1
539.25732	24.0440	24.1215	24.1522	2	z2:539.2573	1	2	1075.49674	538.75565	6.0620e5	1	1
323.67947	24.8227	24.8227	24.9363	2	z2:323.6795	1	2	645.34439	323.67947	6.0581e5	1	1
567.36011	24.8227	24.9632	24.9632	5	z5:567.3601	1	5	2830.76080	567.15944	6.0542e5	1	1
672.34198	24.0440	24.0440	24.1215	3	z3:672.3420	1	3	2013.00076	672.00753	6.0524e5	1	1
451.26627	24.1215	24.1867	24.2738	5	z5:451.2663	1	5	2251.29495	451.26627	6.0432e5	1	1
1032.39307	24.1522	24.2253	24.2253	1	z1:1032.3931	1	1	1031.38579	1032.39307	6.0348e5	1	1
724.32349	24.6205	24.7448	24.7837	1	z1:724.3235	1	1	723.31621	724.32349	5.9984e5	1	1
802.44177	24.3087	24.4808	24.5127	1	z1:802.4418	1	1	801.43450	802.44177	5.9860e5	1	1
416.27148	24.8730	24.9125	24.9363	6	z6:416.2715	1	6	2488.57518	415.76981	5.9735e5	1	1
727.36023	24.6553	24.6987	24.7448	5	z5:727.3602	1	5	3630.76141	727.15956	5.9621e5	1	1
573.29626	24.8227	24.8227	24.9632	1	z1:573.2963	1	1	573.29234	574.29962	5.9573e5	1	1
596.38727	24.2253	24.3087	24.3780	1	z1:596.3873	1	1	595.37999	596.38727	5.9540e5	1	1
679.30530	24.5127	24.6205	24.6553	1	z1:679.3053	1	1	678.29802	679.30530	5.9436e5	1	1
547.27087	24.3780	24.3780	24.6205	2	z2:547.2709	1	2	1092.52720	547.27087	5.9130e5	1	1
360.69693	24.4808	24.5637	24.5637	2	z2:360.6969	1	2	718.37595	360.19525	5.9127e5	1	1
402.17072	24.3087	24.3087	24.3780	4	z4:402.1707	1	4	1604.65376	402.17072	5.9091e5	1	1
616.34113	24.9125	24.9363	24.9632	1	z1:616.3411	1	1	616.33720	617.34448	5.9048e5	1	1
394.71552	24.3087	24.3087	24.4808	1	z1:394.7155	1	1	393.70824	394.71552	5.8949e5	1	1
633.30823	24.0440	24.1215	24.3087	2	z2:633.3082	1	2	1264.60190	633.30823	5.8914e5	1	1
544.28876	24.8730	24.8730	24.9125	2	z2:544.2888	1	2	1087.56632	544.79043	5.8899e5	1	1
312.65247	24.0783	24.1867	24.3432	2	z2:312.6525	1	2	623.29038	312.65247	5.8882e5	1	1
495.29956	24.9125	24.9632	24.9632	4	z4:495.2996	1	4	1976.16578	495.04872	5.8840e5	1	1
553.29675	24.5637	24.7448	24.7448	1	z1:553.2968	1	1	552.28948	553.29675	5.8817e5	1	1
527.28162	24.6205	24.6205	24.7448	2	z2:527.2816	1	2	1052.54868	527.28162	5.8357e5	1	1
572.35089	24.9125	24.9363	24.9363	1	z1:572.3509	1	1	571.34361	572.35089	5.8193e5	1	1
506.77359	24.3780	24.5127	24.5127	2	z2:506.7736	1	2	1012.53598	507.27527	5.7602e5	1	1
731.80914	24.6987	24.6987	24.7448	2	z2:731.8091	1	2	1461.60373	731.80914	5.7598e5	1	1
369.22345	24.0440	24.0783	24.2738	1	z1:369.2234	1	1	368.21617	369.22345	5.7594e5	1	1
566.25623	24.7837	24.9125	24.9632	2	z2:566.2562	1	2	1129.49454	565.75455	5.7579e5	1	1
324.18945	24.6987	24.9363	24.9363	2	z2:324.1895	1	2	645.36100	323.68778	5.7348e5	1	1
476.75739	24.6205	24.6553	24.6553	2	z2:476.7574	1	2	951.50022	476.75739	5.7070e5	1	1
362.69431	24.7837	24.7837	24.9125	1	z1:362.6943	1	1	361.68703	362.69431	5.6958e5	1	1
340.66586	24.6987	24.9125	24.9363	5	z5:340.6659	1	5	1698.29293	340.66586	5.6956e5	1	1
405.19849	24.0783	24.3780	24.3780	2	z2:405.1985	1	2	808.38242	405.19849	5.6675e5	1	1
348.68753	24.0440	24.2738	24.2738	1	z1:348.6875	1	1	346.67690	347.68418	5.6562e5	1	1
572.72614	24.7837	24.7837	24.8227	2	z2:572.7261	1	2	1143.43772	572.72614	5.6436e5	1	1
426.67838	24.8730	24.9125	24.9632	4;6	z4:639.5138;z6:426.6784	2	6	2554.02659	426.67838	5.6414e5	1	2
341.71600	24.0440	24.1867	24.1867	2	z2:341.7160	1	2	681.41745	341.71600	5.6380e5	1	1
389.21378	24.0783	24.1522	24.1522	4	z4:389.2138	1	4	1552.82600	389.21378	5.6235e5	1	1
383.18338	24.7837	24.9125	24.9125	1	z1:383.1834	1	1	382.17610	383.18338	5.6190e5	1	1
498.23633	24.6553	24.6987	24.7837	2	z2:498.2363	1	2	994.45810	498.23633	5.6093e5	1	1
717.35120	24.1867	24.1867	24.3432	1	z1:717.3512	1	1	717.34727	718.35455	5.6048e5	1	1
345.17657	24.6987	24.7448	24.8227	2	z2:345.1766	1	2	688.33860	345.17657	5.6024e5	1	1
317.67078	24.7448	24.8227	24.8730	2	z2:317.6708	1	2	633.32700	317.67078	5.5909e5	1	1
469.20789	24.0783	24.3087	24.3087	1	z1:469.2079	1	1	468.20061	469.20789	5.5696e5	1	1
599.78052	24.7837	24.8227	24.8730	2	z2:599.7805	1	2	1197.54648	599.78052	5.5514e5	1	1
340.99039	24.8227	24.9125	24.9632	3	z3:340.9904	1	3	1019.94933	340.99039	5.5436e5	1	1
387.70804	24.0440	24.0783	24.1867	1	z1:387.7080	1	1	386.70076	387.70804	5.5309e5	1	1
343.67313	24.0440	24.0440	24.0783	2	z2:343.6731	1	2	685.33170	343.67313	5.5231e5	1	1
477.21988	24.8227	24.8730	24.9125	2	z2:477.2199	1	2	952.42521	477.21988	5.5189e5	1	1
479.72900	24.2738	24.2738	24.3087	2	z2:479.7290	1	2	957.44345	479.72900	5.5181e5	1	1
400.25470	24.1867	24.2738	24.3432	1	z1:400.2547	1	1	400.25078	401.25805	5.5081e5	1	1
470.20795	24.7448	24.8227	24.8227	1	z1:470.2079	1	1	468.19732	469.20459	5.5011e5	1	1
482.25998	24.9363	24.9632	24.9632	1	z1:482.2600	1	1	481.25270	482.25998	5.4707e5	1	1
592.33038	24.7837	24.8227	24.8730	1	z1:592.3304	1	1	591.32311	592.33038	5.4688e5	1	1
491.71851	24.4808	24.5637	24.5637	2	z2:491.7185	1	2	981.42246	491.71851	5.4568e5	1	1
651.83685	24.1867	24.1867	24.3087	1	z1:651.8369	1	1	650.82958	651.83685	5.4551e5	1	1
332.18137	24.0783	24.1215	24.3780	2	z2:332.1814	1	2	663.35153	332.68304	5.4464e5	1	1
519.24084	24.6553	24.6987	24.7448	1	z1:519.2408	1	1	518.23357	519.24084	5.4460e5	1	1
628.33954	24.6553	24.7448	24.9632	1	z1:628.3395	1	1	627.33226	628.33954	5.4135e5	1	1
300.68939	24.5637	24.6987	24.7837	4	z4:300.6894	1	4	1200.73517	301.19107	5.4125e5	1	1
471.73917	24.5127	24.5637	24.6553	2	z2:471.7392	1	2	941.46378	471.73917	5.4111e5	1	1
503.24478	24.6553	24.6987	24.7448	2	z2:503.2448	1	2	1004.47501	503.24478	5.4040e5	1	1
370.22537	24.9125	24.9632	24.9632	2	z2:370.2254	1	2	738.43619	370.22537	5.3888e5	1	1
335.14859	24.6987	24.6987	24.8730	2	z2:335.1486	1	2	668.28263	335.14859	5.3741e5	1	1
781.42224	24.6205	24.6553	24.6553	1	z1:781.4222	1	1	780.41496	781.42224	5.3703e5	1	1
341.18677	24.0440	24.0440	24.1867	2	z2:341.1868	1	2	680.35898	341.18677	5.3522e5	1	1
657.40259	24.1215	24.1867	24.1867	6	z6:657.4026	1	6	3936.36516	657.06814	5.3228e5	1	1
609.33362	24.4332	24.6205	24.6205	1	z1:609.3336	1	1	608.32634	609.33362	5.3153e5	1	1
863.47998	24.9125	24.9363	24.9632	1	z1:863.4800	1	1	862.47270	863.47998	5.3124e5	1	1
445.20670	24.5637	24.5637	24.6553	4	z4:445.2067	1	4	1774.79097	444.70502	5.3034e5	1	1
525.30176	24.6987	24.7448	24.7448	1	z1:525.3018	1	1	524.29448	525.30176	5.3013e5	1	1
399.72577	24.4808	24.5127	24.5127	2	z2:399.7258	1	2	797.43699	399.72577	5.2995e5	1	1
715.03741	24.7448	24.9632	24.9632	3	z3:715.0374	1	3	2140.08370	714.36851	5.2794e5	1	1
647.79059	24.7448	24.7837	24.9125	2	z2:647.7906	1	2	1292.56327	647.28891	5.2787e5	1	2
329.19241	24.9125	24.9125	24.9632	1	z1:329.1924	1	1	328.18514	329.19241	5.2673e5	1	1
425.23859	24.9125	24.9125	24.9632	1	z1:425.2386	1	1	424.23131	425.23859	5.2614e5	1	1
432.21979	24.0440	24.0783	24.0783	1	z1:432.2198	1	1	431.21251	432.21979	5.2610e5	1	1
395.69067	24.2738	24.3780	24.3780	1	z1:395.6907	1	1	394.68340	395.69067	5.2567e5	1	1
477.72446	24.6553	24.6987	24.6987	6	z6:477.7245	1	6	2857.29302	477.22278	5.2534e5	1	1
378.72076	24.8730	24.9125	24.9363	2	z2:378.7208	1	2	754.42362	378.21909	5.2422e5	1	1
501.24594	24.0440	24.0783	24.1522	1	z1:501.2459	1	1	501.24202	502.24930	5.2314e5	1	1
567.29626	24.5127	24.7448	24.8227	1	z1:567.2963	1	1	565.28563	566.29291	5.2305e5	1	1
414.22211	24.3087	24.3087	24.3432	1	z1:414.2221	1	1	413.21483	414.22211	5.2187e5	1	1
713.35706	24.9363	24.9632	24.9632	1	z1:713.3571	1	1	712.34978	713.35706	5.2131e5	1	1
691.32666	24.0440	24.0440	24.1867	1	z1:691.3267	1	1	690.31938	691.32666	5.2099e5	1	1
301.69666	24.0440	24.0783	24.1215	2	z2:301.6967	1	2	600.37540	301.19498	5.2005e5	1	1
386.23972	24.1215	24.1867	24.2738	2	z2:386.2397	1	2	770.46488	386.23972	5.1951e5	1	1
483.73996	24.1215	24.1867	24.2738	3	z3:483.7400	1	3	1448.19805	483.73996	5.1903e5	1	1
560.76233	24.7837	24.8227	24.8227	2	z2:560.7623	1	2	1119.51011	560.76233	5.1798e5	1	1
788.45172	24.7448	24.7837	24.7837	2	z2:788.4517	1	2	1574.88889	788.45172	5.1714e5	1	1
400.23050	24.7837	24.9125	24.9632	2	z2:400.2305	1	2	798.44645	400.23050	5.1664e5	1	1
401.67902	24.3087	24.3087	24.3780	5	z5:401.6790	1	5	2003.35870	401.67902	5.1605e5	1	1
661.35303	24.1867	24.3780	24.3780	1	z1:661.3530	1	1	660.34575	661.35303	5.1523e5	1	1
448.21393	24.9125	24.9125	24.9632	1	z1:448.2139	1	1	448.21001	449.21728	5.1485e5	1	1
688.36237	24.0440	24.3087	24.3087	1	z1:688.3624	1	1	687.35509	688.36237	5.1414e5	1	1
831.49438	24.2738	24.3087	24.3432	1	z1:831.4944	1	1	830.48711	831.49438	5.1236e5	1	1
418.70978	24.6205	24.6987	24.6987	1	z1:418.7098	1	1	418.70586	419.71313	5.0827e5	1	1
733.38251	24.3780	24.3780	24.4808	1	z1:733.3825	1	1	731.37188	732.37915	5.0827e5	1	1
370.17154	24.2253	24.2738	24.3432	1	z1:370.1715	1	1	369.16426	370.17154	5.0818e5	1	1
527.29309	24.0440	24.1522	24.2253	2	z2:527.2931	1	2	1052.57163	527.29309	5.0663e5	1	1
332.16306	24.6205	24.7837	24.8227	3	z3:332.1631	1	3	993.46734	332.16306	5.0614e5	1	1
1472.67236	24.3087	24.3432	24.4332	6	z6:1472.6724	1	6	8824.97375	1471.83623	5.0477e5	1	1
612.30823	24.8730	24.8730	24.9363	1	z1:612.3082	1	1	610.29760	611.30487	5.0412e5	1	1
347.16721	24.0440	24.1522	24.2253	3	z3:347.1672	1	3	1038.47979	347.16721	5.0303e5	1	1
359.21066	24.5127	24.5637	24.5637	2	z2:359.2107	1	2	716.40677	359.21066	4.9989e5	1	1
450.75958	24.0783	24.1522	24.1522	4	z4:450.7596	1	4	1799.00922	450.75958	4.9866e5	1	1
547.27087	24.8227	24.8730	24.9363	1	z1:547.2709	1	1	546.26360	547.27087	4.9794e5	1	1
371.66550	24.0440	24.1867	24.1867	2	z2:371.6655	1	2	741.31644	371.66550	4.9755e5	1	1
305.63437	24.0440	24.2253	24.2253	2	z2:305.6344	1	2	609.25418	305.63437	4.9723e5	1	1
329.18115	24.2253	24.3087	24.3780	4	z4:329.1812	1	4	1312.69550	329.18115	4.9672e5	1	1
551.35455	24.7837	24.8730	24.9363	1	z1:551.3546	1	1	550.34728	551.35455	4.9665e5	1	1
644.37170	24.6553	24.8227	24.8730	1	z1:644.3717	1	1	643.36443	644.37170	4.9631e5	1	1
679.63989	24.9363	24.9632	24.9632	3	z3:679.6399	1	3	2035.89785	679.63989	4.9613e5	1	1
496.32361	24.9125	24.9632	24.9632	1	z1:496.3236	1	1	495.31633	496.32361	4.9480e5	1	1
672.65497	24.7448	24.7448	24.9125	6	z6:672.6550	1	6	4027.87944	672.32052	4.9310e5	1	1
638.35132	24.0440	24.1215	24.1522	1	z1:638.3513	1	1	637.34404	638.35132	4.9103e5	1	1
387.22968	24.8227	24.8730	24.9125	1	z1:387.2297	1	1	387.22575	388.23303	4.9044e5	1	1
764.33423	24.3780	24.4808	24.4808	1	z1:764.3342	1	1	763.32695	764.33423	4.9003e5	1	1
500.24466	24.1215	24.4808	24.4808	2	z2:500.2447	1	2	999.47812	500.74634	4.8742e5	1	1
679.33875	24.9125	24.9125	24.9632	2	z2:679.3387	1	2	1356.66294	679.33875	4.8694e5	1	1
936.40619	24.8227	24.8730	24.9125	5	z5:936.4062	1	5	4674.98785	936.00485	4.8694e5	1	1
432.71420	24.0440	24.0440	24.0783	4	z4:432.7142	1	4	1724.82100	432.21253	4.8693e5	1	1
372.21570	24.3780	24.3780	24.4332	2	z2:372.2157	1	2	741.41349	371.71402	4.8627e5	1	1
468.22058	24.0783	24.1215	24.2253	1	z1:468.2206	1	1	466.20995	467.21723	4.8581e5	1	2
772.40576	24.0783	24.1522	24.1867	1	z1:772.4058	1	1	771.39849	772.40576	4.8562e5	1	1
399.68951	24.0440	24.0783	24.1522	2	z2:399.6895	1	2	797.36448	399.68951	4.8535e5	1	1
391.18246	24.0440	24.0783	24.1867	5	z5:391.1825	1	5	1949.87259	390.98179	4.8518e5	1	1
397.17737	24.5127	24.6987	24.7448	1	z1:397.1774	1	1	396.17009	397.17737	4.8283e5	1	1
846.50183	24.8730	24.8730	24.9632	2	z2:846.5018	1	2	1690.98911	846.50183	4.8217e5	1	1
509.22433	24.6205	24.6553	24.6987	1	z1:509.2243	1	1	508.21706	509.22433	4.8081e5	1	1
355.18436	24.0440	24.0440	24.1215	1	z1:355.1844	1	1	355.18044	356.18771	4.8017e5	1	1
667.23987	24.0783	24.1215	24.1522	5	z5:667.2399	1	5	3330.15960	667.03920	4.7942e5	1	1
321.66357	24.3432	24.3780	24.4332	1	z1:321.6636	1	1	320.65630	321.66357	4.7885e5	1	1
398.20221	24.1522	24.1522	24.2253	2	z2:398.2022	1	2	794.38987	398.20221	4.7823e5	1	1
363.18677	24.8227	24.8730	24.9125	1	z1:363.1868	1	1	362.17949	363.18677	4.7664e5	1	1
430.24042	24.7837	24.9363	24.9632	4	z4:430.2404	1	4	1716.93256	430.24042	4.7546e5	1	1
387.23398	24.5127	24.7837	24.7837	6	z6:387.2340	1	6	2318.36357	387.40120	4.7495e5	1	1
321.49799	24.1867	24.2253	24.2738	6	z6:321.4980	1	6	1922.94426	321.49799	4.7475e5	1	1
401.25046	24.1522	24.2738	24.3432	1	z1:401.2505	1	1	400.24318	401.25046	4.7446e5	1	1
593.27106	24.5637	24.6205	24.6205	2	z2:593.2711	1	2	1184.52756	593.27106	4.7429e5	1	1
482.76657	24.3432	24.4332	24.4332	2	z2:482.7666	1	2	963.51859	482.76657	4.7398e5	1	1
482.25998	24.0440	24.1522	24.1522	2	z2:482.2600	1	2	962.50541	482.25998	4.7360e5	1	1
527.26337	24.0440	24.1867	24.1867	1	z1:527.2634	1	1	526.25609	527.26337	4.7279e5	1	1
535.24390	24.9363	24.9632	24.9632	1	z1:535.2439	1	1	534.23662	535.24390	4.7243e5	1	1
521.27417	24.4332	24.4808	24.5127	1	z1:521.2742	1	1	520.26689	521.27417	4.7240e5	1	1
759.37238	24.0440	24.0440	24.1867	1	z1:759.3724	1	1	757.36174	758.36902	4.7117e5	1	1
411.72028	24.4808	24.5127	24.5127	6	z6:411.7203	1	6	2462.27129	411.38582	4.7082e5	1	1
441.20361	24.6205	24.7448	24.7448	4	z4:441.2036	1	4	1760.78535	441.20361	4.7063e5	1	1
846.44598	24.4332	24.4332	24.5127	1	z1:846.4460	1	1	845.43871	846.44598	4.7010e5	1	1
412.22418	24.3087	24.3432	24.3780	4	z4:412.2242	1	4	1644.86762	412.22418	4.6878e5	1	1
521.72186	24.0440	24.1215	24.1215	2	z2:521.7219	1	2	1041.42917	521.72186	4.6842e5	1	1
388.29135	24.9125	24.9125	24.9632	5	z5:388.2914	1	5	1933.41031	387.68934	4.6776e5	1	1
443.20630	24.1522	24.2738	24.2738	2	z2:443.2063	1	2	884.39804	443.20630	4.6487e5	1	1
476.22488	24.0783	24.1867	24.1867	1	z1:476.2249	1	1	475.21761	476.22488	4.6444e5	1	2
330.17630	24.6553	24.6553	24.6987	1	z1:330.1763	1	1	329.16902	330.17630	4.6420e5	1	1
425.21872	24.6553	24.7837	24.7837	2	z2:425.2187	1	2	848.42289	425.21872	4.6309e5	1	1
374.22211	24.0440	24.1215	24.1522	4	z4:374.2221	1	4	1494.86603	374.72378	4.6305e5	1	1
415.22412	24.0440	24.2738	24.2738	4	z4:415.2241	1	4	1656.86738	415.22412	4.6248e5	1	1
433.18735	24.7448	24.7837	24.8227	4	z4:433.1873	1	4	1730.72699	433.68902	4.6237e5	1	1
374.17834	24.1867	24.2738	24.2738	4	z4:374.1783	1	4	1492.68427	374.17834	4.6210e5	1	1
330.66876	24.4808	24.5127	24.5637	2	z2:330.6688	1	2	659.32297	330.66876	4.6128e5	1	1
627.27856	24.4808	24.4808	24.5127	2	z2:627.2786	1	2	1252.54258	627.27856	4.6123e5	1	1
688.36237	24.4332	24.4808	24.4808	1	z1:688.3624	1	1	687.35509	688.36237	4.6040e5	1	1
308.70990	24.7448	24.7837	24.8730	4	z4:308.7099	1	4	1230.81049	308.70990	4.6000e5	1	1
496.74167	24.6987	24.6987	24.7837	1	z1:496.7417	1	1	495.73439	496.74167	4.5957e5	1	1
548.25659	24.0440	24.0440	24.0783	1	z1:548.2566	1	1	546.24596	547.25324	4.5790e5	1	2
510.25491	24.1522	24.3780	24.3780	1	z1:510.2549	1	1	509.24764	510.25491	4.5685e5	1	1
422.20013	24.3087	24.5127	24.6205	1	z1:422.2001	1	1	422.19621	423.20349	4.5672e5	1	1
445.24042	24.0440	24.2253	24.3432	1	z1:445.2404	1	1	444.23314	445.24042	4.5540e5	1	1
468.74741	24.9363	24.9363	24.9632	2	z2:468.7474	1	2	934.47690	468.24573	4.5495e5	1	1
418.24075	24.7837	24.7837	24.8730	4	z4:418.2408	1	4	1670.94062	418.74243	4.5461e5	1	1
1090.46362	24.6205	24.6553	24.6987	1	z1:1090.4636	1	1	1089.45635	1090.46362	4.5277e5	1	1
962.46179	24.3780	24.4332	24.4332	1	z1:962.4618	1	1	961.45452	962.46179	4.5206e5	1	1
511.26895	24.6205	24.6553	24.6553	4	z4:511.2690	1	4	2041.04670	511.26895	4.5132e5	1	1
439.21271	24.2738	24.2738	24.3087	2	z2:439.2127	1	2	876.41086	439.21271	4.5003e5	1	1
759.39612	24.7837	24.8227	24.9125	1	z1:759.3961	1	1	757.38549	758.39276	4.4964e5	1	1
690.34216	24.2253	24.3087	24.3087	1	z1:690.3422	1	1	689.33489	690.34216	4.4804e5	1	1
583.25781	24.6205	24.6987	24.7837	2	z2:583.2578	1	2	1164.50107	583.25781	4.4778e5	1	1
438.24570	24.0440	24.0783	24.0783	1	z1:438.2457	1	1	436.23507	437.24234	4.4742e5	1	1
446.72614	24.0440	24.0440	24.0783	4	z4:446.7261	1	4	1780.86873	446.22446	4.4681e5	1	1
520.25043	24.3780	24.4808	24.5127	1	z1:520.2504	1	1	520.24651	521.25378	4.4619e5	1	1
560.33862	24.0440	24.1867	24.2253	1	z1:560.3386	1	1	558.32799	559.33527	4.4574e5	1	1
452.22400	24.4332	24.4332	24.5127	2	z2:452.2240	1	2	902.43345	452.22400	4.4562e5	1	1
302.15753	24.8227	24.9363	24.9632	1	z1:302.1575	1	1	302.15361	303.16089	4.4552e5	1	1
300.17880	24.8227	24.8730	24.9125	2	z2:300.1788	1	2	599.34641	300.68048	4.4490e5	1	1
551.30316	24.5127	24.6987	24.6987	1	z1:551.3032	1	1	550.29589	551.30316	4.4466e5	1	1
598.23505	24.6987	24.7448	24.7448	2	z2:598.2350	1	2	1194.45554	598.23505	4.4422e5	1	1
430.23367	24.8227	24.8227	24.8730	1	z1:430.2337	1	1	429.22640	430.23367	4.4375e5	1	1
377.70084	24.3087	24.3087	24.4808	1	z1:377.7008	1	1	376.69356	377.70084	4.4370e5	1	1
431.21826	24.0783	24.1522	24.1522	4	z4:431.2183	1	4	1720.84394	431.21826	4.4283e5	1	1
624.29749	24.8227	24.9363	24.9632	1	z1:624.2975	1	1	623.29021	624.29749	4.4212e5	1	1
385.19641	24.6553	24.6553	24.8227	1	z1:385.1964	1	1	385.19249	386.19977	4.4207e5	1	1
476.20917	24.6205	24.7448	24.7448	2	z2:476.2092	1	2	950.40378	476.20917	4.4203e5	1	1
693.11578	24.5127	24.5637	24.6987	4	z4:693.1158	1	4	2767.43067	692.86494	4.4169e5	1	1
415.19376	24.0440	24.1522	24.1522	1	z1:415.1938	1	1	414.18648	415.19376	4.4025e5	1	1
509.25473	24.0783	24.1215	24.1215	1	z1:509.2547	1	1	508.24745	509.25473	4.4012e5	1	1
424.23315	24.0783	24.1867	24.1867	4	z4:424.2332	1	4	1692.90351	424.23315	4.3550e5	1	1
426.71335	24.9363	24.9363	24.9632	4	z4:426.7133	1	4	1702.82429	426.71335	4.3410e5	1	1
441.28064	24.1522	24.1867	24.1867	4	z4:441.2806	1	4	1761.09345	441.28064	4.3383e5	1	1
360.18240	24.2738	24.3087	24.3087	2	z2:360.1824	1	2	718.35025	360.18240	4.3308e5	1	1
727.37134	24.3432	24.4332	24.4332	4	z4:727.3713	1	4	2904.45289	727.12050	4.3282e5	1	1
1388.41797	24.7448	24.7448	24.8730	4	z4:1388.4180	1	4	5547.63606	1387.91629	4.3250e5	1	1
435.23682	24.2738	24.3087	24.3432	1	z1:435.2368	1	1	435.23289	436.24017	4.3227e5	1	1
870.35638	24.2738	24.3432	24.3432	1	z1:870.3564	1	1	869.34911	870.35638	4.3215e5	1	1
727.96100	24.3432	24.3432	24.3780	3	z3:727.9610	1	3	2180.86117	727.96100	4.3207e5	1	1
310.15054	24.6987	24.8730	24.8730	2	z2:310.1505	1	2	618.28653	310.15054	4.3170e5	1	1
628.32166	24.4332	24.4808	24.5127	1	z1:628.3217	1	1	627.31438	628.32166	4.3117e5	1	1
402.69385	24.8227	24.8227	24.9632	1	z1:402.6938	1	1	402.68993	403.69720	4.3055e5	1	1
490.29611	24.1522	24.1867	24.1867	1	z1:490.2961	1	1	489.28884	490.29611	4.3052e5	1	1
366.18768	24.4808	24.5127	24.5637	1	z1:366.1877	1	1	365.18041	366.18768	4.3047e5	1	1
507.23297	24.1867	24.1867	24.3432	1	z1:507.2330	1	1	506.22569	507.23297	4.3011e5	1	1
426.75497	24.8227	24.8730	24.9125	4	z4:426.7550	1	4	1702.99079	426.75497	4.2967e5	1	1
527.77148	24.6553	24.6553	24.6987	2	z2:527.7715	1	2	1053.52842	527.77148	4.2858e5	1	1
586.31952	24.0440	24.1215	24.1215	1	z1:586.3195	1	1	585.31224	586.31952	4.2739e5	1	1
844.37946	24.3087	24.3780	24.4332	2	z2:844.3795	1	2	1686.74436	844.37946	4.2652e5	1	1
396.20569	24.8227	24.9125	24.9363	1	z1:396.2057	1	1	394.19506	395.20233	4.2618e5	1	1
418.16159	24.6987	24.6987	24.8227	1	z1:418.1616	1	1	417.15431	418.16159	4.2618e5	1	1
373.68250	24.9125	24.9363	24.9632	2	z2:373.6825	1	2	745.35044	373.68250	4.2617e5	1	1
478.21207	24.5637	24.6987	24.6987	1	z1:478.2121	1	1	477.20479	478.21207	4.2615e5	1	1
370.18903	24.0783	24.0783	24.1522	1	z1:370.1890	1	1	369.18175	370.18903	4.2554e5	1	1
482.18997	24.8730	24.9125	24.9363	2	z2:482.1900	1	2	962.36539	482.18997	4.2501e5	1	1
354.67401	24.0440	24.1867	24.1867	1	z1:354.6740	1	1	353.66673	354.67401	4.2497e5	1	1
720.33319	24.6553	24.6553	24.8730	1	z1:720.3332	1	1	719.32591	720.33319	4.2471e5	1	1
655.35028	24.0440	24.0440	24.1867	5	z5:655.3503	1	5	3270.71167	655.14961	4.2299e5	1	1
361.66821	24.1867	24.3087	24.3087	2	z2:361.6682	1	2	721.32187	361.66821	4.2188e5	1	1
535.27197	24.5127	24.6553	24.6987	1	z1:535.2720	1	1	535.26805	536.27533	4.2180e5	1	1
727.99066	24.6553	24.7448	24.7837	3	z3:727.9907	1	3	2180.95016	727.99066	4.2091e5	1	1
336.65588	24.0440	24.0440	24.1867	1	z1:336.6559	1	1	335.64861	336.65588	4.1989e5	1	1
732.36298	24.0440	24.0440	24.1522	1	z1:732.3630	1	1	731.35570	732.36298	4.1957e5	1	1
370.20789	24.2253	24.3432	24.3432	2	z2:370.2079	1	2	739.40457	370.70956	4.1882e5	1	1
588.34436	24.9125	24.9125	24.9632	1	z1:588.3444	1	1	586.33373	587.34101	4.1849e5	1	1
479.72900	24.0783	24.1215	24.1215	2	z2:479.7290	1	2	957.44345	479.72900	4.1798e5	1	1
561.27448	24.0440	24.0440	24.1215	1	z1:561.2745	1	1	560.26720	561.27448	4.1748e5	1	1
480.22168	24.0783	24.1215	24.2253	2	z2:480.2217	1	2	957.42545	479.72000	4.1622e5	1	1
429.73679	24.0440	24.0783	24.0783	4	z4:429.7368	1	4	1714.91804	429.73679	4.1587e5	1	1
459.72867	24.0440	24.0440	24.1215	4	z4:459.7287	1	4	1834.88557	459.72867	4.1526e5	1	1
372.18719	24.9363	24.9632	24.9632	2	z2:372.1872	1	2	742.35984	372.18719	4.1455e5	1	1
935.45953	24.2253	24.2738	24.2738	1	z1:935.4595	1	1	934.45226	935.45953	4.1452e5	1	1
631.34967	24.1522	24.1867	24.3087	1	z1:631.3497	1	1	631.34575	632.35303	4.1435e5	1	1
432.18582	24.8730	24.8730	24.9363	1	z1:432.1858	1	1	431.17855	432.18582	4.1419e5	1	1
442.27704	24.9125	24.9363	24.9632	1	z1:442.2770	1	1	442.27312	443.28039	4.1288e5	1	1
703.36328	24.3780	24.4808	24.4808	1	z1:703.3633	1	1	703.35936	704.36664	4.1100e5	1	1
401.73376	24.3087	24.3087	24.4332	4	z4:401.7338	1	4	1600.89924	401.23209	4.0948e5	1	1
435.20767	24.8730	24.9125	24.9363	3	z3:435.2077	1	3	1303.60454	435.54212	4.0880e5	1	1
622.29254	24.1215	24.1867	24.2738	2	z2:622.2925	1	2	1242.57053	622.29254	4.0872e5	1	1
363.71039	24.6205	24.6205	24.6553	1	z1:363.7104	1	1	362.70311	363.71039	4.0575e5	1	1
441.24387	24.5127	24.6205	24.6553	1	z1:441.2439	1	1	441.23994	442.24722	4.0547e5	1	1
450.21408	24.1867	24.2738	24.3432	1	z1:450.2141	1	1	448.20345	449.21073	4.0520e5	1	1
372.22247	24.5637	24.5637	24.6205	1	z1:372.2225	1	1	370.21184	371.21912	4.0506e5	1	1
745.42285	24.1867	24.2738	24.2738	2	z2:745.4229	1	2	1488.83115	745.42285	4.0446e5	1	1
1472.91797	24.5127	24.5127	24.6553	6	z6:1472.9180	1	6	8826.44738	1472.08184	4.0438e5	1	1
535.24860	24.4808	24.4808	24.6205	1	z1:535.2486	1	1	535.24467	536.25195	4.0417e5	1	1
452.70767	24.8730	24.8730	24.9125	4	z4:452.7077	1	4	1806.80158	452.70767	4.0399e5	1	1
759.47125	24.6987	24.7448	24.7837	5	z5:759.4713	1	5	3790.31317	759.06991	4.0382e5	1	1
305.14938	24.3780	24.4332	24.5637	1	z1:305.1494	1	1	304.14211	305.14938	4.0250e5	1	1
353.22980	24.2253	24.3432	24.3432	1	z1:353.2298	1	1	352.22252	353.22980	4.0249e5	1	1
420.24030	24.9125	24.9125	24.9632	4	z4:420.2403	1	4	1676.93208	420.24030	4.0218e5	1	1
419.71188	24.3087	24.3780	24.3780	4	z4:419.7119	1	4	1676.82514	420.21356	4.0189e5	1	1
512.75513	24.4808	24.5127	24.5127	2	z2:512.7551	1	2	1023.49570	512.75513	4.0160e5	1	1
372.22385	24.0440	24.0783	24.1215	1	z1:372.2238	1	1	370.21322	371.22049	4.0057e5	1	1
699.27557	24.0440	24.0440	24.0783	1	z1:699.2756	1	1	698.26830	699.27557	4.0011e5	1	1
309.16537	24.5637	24.6205	24.6205	6	z6:309.1654	1	6	1848.94859	309.16537	3.9942e5	1	1
547.28296	24.8227	24.8227	24.9363	1	z1:547.2830	1	1	545.27233	546.27960	3.9878e5	1	1
412.22418	24.8730	24.8730	24.9632	4	z4:412.2242	1	4	1646.87433	412.72586	3.9766e5	1	1
559.25519	24.7837	24.7837	24.8227	2	z2:559.2552	1	2	1116.49582	559.25519	3.9736e5	1	1
341.95001	24.7837	24.7837	24.9363	4	z4:341.9500	1	4	1363.77094	341.95001	3.9303e5	1	1
1135.52930	24.6205	24.6553	24.6553	1	z1:1135.5293	1	1	1134.52202	1135.52930	3.9272e5	1	1
386.73636	24.6553	24.6987	24.6987	4	z4:386.7364	1	4	1543.91968	386.98720	3.9244e5	1	1
388.98468	24.9363	24.9363	24.9632	5	z5:388.9847	1	5	1939.88702	388.98468	3.9151e5	1	1
749.34064	24.2738	24.3087	24.3432	1	z1:749.3406	1	1	748.33336	749.34064	3.9147e5	1	1
345.19110	24.3087	24.3087	24.3432	4	z4:345.1911	1	4	1376.73530	345.19110	3.9145e5	1	1
790.37506	24.3087	24.3087	24.3780	2	z2:790.3751	1	2	1578.73557	790.37506	3.9119e5	1	1
393.21033	24.3432	24.3432	24.3780	4	z4:393.2103	1	4	1568.81220	393.21033	3.9078e5	1	1
310.66507	24.0440	24.0783	24.1215	1	z1:310.6651	1	1	309.65779	310.66507	3.9071e5	1	1
610.32941	24.9125	24.9125	24.9632	1	z1:610.3294	1	1	609.32213	610.32941	3.8982e5	1	1
385.17642	24.5637	24.6205	24.6205	2	z2:385.1764	1	2	768.33829	385.17642	3.8913e5	1	1
356.92068	24.6987	24.6987	24.7448	3	z3:356.9207	1	3	1067.74023	356.92068	3.8830e5	1	1
354.63617	24.3780	24.4332	24.4808	2	z2:354.6362	1	2	707.25779	354.63617	3.8800e5	1	1
449.73080	24.4332	24.4332	24.4808	4	z4:449.7308	1	4	1792.88740	449.22913	3.8759e5	1	1
409.71219	24.4332	24.6205	24.6987	6	z6:409.7122	1	6	2453.23283	409.87941	3.8739e5	1	1
690.34216	24.7448	24.8227	24.8730	2	z2:690.3422	1	2	1378.66977	690.34216	3.8730e5	1	1
415.19214	24.5637	24.6205	24.6987	4	z4:415.1921	1	4	1656.73945	415.19214	3.8702e5	1	1
377.22009	24.7448	24.8730	24.8730	1	z1:377.2201	1	1	376.21282	377.22009	3.8701e5	1	1
661.38513	24.7448	24.7448	24.7837	1	z1:661.3851	1	1	660.37786	661.38513	3.8693e5	1	1
396.19821	24.6987	24.7837	24.8227	1	z1:396.1982	1	1	395.19094	396.19821	3.8678e5	1	1
441.74860	24.2253	24.2253	24.2738	2	z2:441.7486	1	2	881.48264	441.74860	3.8583e5	1	1
1496.83875	24.6987	24.7837	24.7837	3	z3:1496.8387	1	3	4484.48434	1495.83539	3.8553e5	1	1
472.24091	24.1215	24.2738	24.2738	2	z2:472.2409	1	2	942.46726	472.24091	3.8494e5	1	1
384.71555	24.8227	24.8730	24.9363	1	z1:384.7155	1	1	383.70827	384.71555	3.8489e5	1	1
650.27710	24.7837	24.8227	24.9363	2	z2:650.2771	1	2	1298.53965	650.27710	3.8479e5	1	1
360.70212	24.2738	24.3087	24.3087	1	z1:360.7021	1	1	358.69149	359.69876	3.8447e5	1	1
647.79993	24.7837	24.7837	24.8227	2	z2:647.7999	1	2	1293.58530	647.79993	3.8429e5	1	1
471.73917	24.3087	24.3432	24.3432	2	z2:471.7392	1	2	940.46042	471.23749	3.8378e5	1	1
445.24042	24.9363	24.9632	24.9632	1	z1:445.2404	1	1	444.23314	445.24042	3.8335e5	1	1
315.65448	24.0440	24.0783	24.2253	2	z2:315.6545	1	2	629.29441	315.65448	3.8163e5	1	1
386.18521	24.0440	24.0440	24.1215	2	z2:386.1852	1	2	769.35251	385.68353	3.8142e5	1	1
540.24048	24.0440	24.1215	24.1867	1	z1:540.2405	1	1	539.23320	540.24048	3.8139e5	1	1
399.74991	24.0783	24.0783	24.1215	2	z2:399.7499	1	2	797.48526	399.74991	3.8129e5	1	1
903.47778	24.9125	24.9632	24.9632	1	z1:903.4778	1	1	902.47051	903.47778	3.8000e5	1	1
308.70477	24.7448	24.7837	24.8227	2	z2:308.7048	1	2	615.39499	308.70477	3.7999e5	1	1
380.18420	24.4332	24.4808	24.5127	3	z3:380.1842	1	3	1137.53078	380.18420	3.7987e5	1	1
578.28430	24.6205	24.6205	24.6987	1	z1:578.2843	1	1	576.27367	577.28095	3.7964e5	1	1
741.36774	24.1215	24.2253	24.2253	1	z1:741.3677	1	1	739.35711	740.36438	3.7948e5	1	1
1498.30591	24.2253	24.2253	24.3087	5	z5:1498.3059	1	5	7483.48309	1497.70390	3.7824e5	1	1
437.70370	24.8730	24.8730	24.9632	1	z1:437.7037	1	1	436.69643	437.70370	3.7818e5	1	1
862.40723	24.1867	24.1867	24.2253	2	z2:862.4072	1	2	1722.79990	862.40723	3.7812e5	1	1
443.23099	24.0440	24.0783	24.1215	4	z4:443.2310	1	4	1768.89484	443.23099	3.7778e5	1	1
317.18143	24.2738	24.3087	24.3780	1	z1:317.1814	1	1	316.17415	317.18143	3.7722e5	1	1
423.20822	24.4808	24.5127	24.5127	4	z4:423.2082	1	4	1688.80378	423.20822	3.7396e5	1	1
458.22400	24.8227	24.9363	24.9632	4	z4:458.2240	1	4	1828.86689	458.22400	3.7388e5	1	1
342.21298	24.2738	24.3432	24.4332	1	z1:342.2130	1	1	342.20906	343.21634	3.7364e5	1	1
410.69473	24.3432	24.3432	24.3780	4	z4:410.6947	1	4	1638.74982	410.69473	3.7303e5	1	1
1498.40442	24.6987	24.7837	24.8730	5	z5:1498.4044	1	5	7481.96894	1497.40106	3.7214e5	1	1
439.71744	24.4808	24.5127	24.5127	1	z1:439.7174	1	1	438.71016	439.71744	3.7135e5	1	1
475.71286	24.4808	24.5127	24.5127	2	z2:475.7129	1	2	949.41117	475.71286	3.7112e5	1	1
428.21268	24.6987	24.6987	24.8227	1	z1:428.2127	1	1	427.20540	428.21268	3.7077e5	1	1
405.20309	24.9125	24.9125	24.9632	4	z4:405.2031	1	4	1614.77656	404.70142	3.6908e5	1	1
503.73355	24.4332	24.4808	24.5127	2	z2:503.7336	1	2	1006.45590	504.23523	3.6787e5	1	1
395.67877	24.7448	24.7837	24.7837	4	z4:395.6788	1	4	1578.68598	395.67877	3.6766e5	1	1
418.71786	24.1522	24.1867	24.2253	4	z4:418.7179	1	4	1670.84235	418.71786	3.6695e5	1	1
1023.47107	24.9363	24.9363	24.9632	2	z2:1023.4711	1	2	2044.92759	1023.47107	3.6694e5	1	1
625.27997	24.9125	24.9632	24.9632	1	z1:625.2800	1	1	624.27269	625.27997	3.6672e5	1	1
409.69809	24.9363	24.9632	24.9632	1	z1:409.6981	1	1	408.69081	409.69809	3.6666e5	1	1
370.20789	24.4808	24.4808	24.5127	2	z2:370.2079	1	2	739.40457	370.70956	3.6596e5	1	1
562.24542	24.1522	24.1867	24.2253	1	z1:562.2454	1	1	561.23815	562.24542	3.6579e5	1	1
300.17191	24.0440	24.0783	24.1867	3	z3:300.1719	1	3	897.49389	300.17191	3.6548e5	1	1
728.01660	24.5637	24.6553	24.7448	3	z3:728.0166	1	3	2181.02798	728.01660	3.6479e5	1	1
351.18188	24.3087	24.3432	24.3432	1	z1:351.1819	1	1	349.17125	350.17853	3.6463e5	1	1
573.37146	24.0440	24.0783	24.1522	1	z1:573.3715	1	1	572.36418	573.37146	3.6264e5	1	1
358.20312	24.5127	24.5127	24.6205	2	z2:358.2031	1	2	713.38834	357.70145	3.6204e5	1	1
1473.07812	24.0440	24.0783	24.1522	4	z4:1473.0781	1	4	5885.27333	1472.32561	3.6197e5	1	1
398.20221	24.9125	24.9125	24.9632	2	z2:398.2022	1	2	794.38987	398.20221	3.6152e5	1	1
373.20258	24.9363	24.9363	24.9632	4	z4:373.2026	1	4	1488.78120	373.20258	3.6150e5	1	1
495.74966	24.1867	24.1867	24.2253	2	z2:495.7497	1	2	988.48142	495.24799	3.6114e5	1	1
452.75861	24.9125	24.9363	24.9363	2	z2:452.7586	1	2	902.49930	452.25693	3.6064e5	1	1
356.17282	24.3780	24.3780	24.4332	1	z1:356.1728	1	1	355.16554	356.17282	3.6043e5	1	1
363.18677	24.5127	24.6987	24.6987	2	z2:363.1868	1	2	724.35898	363.18677	3.6009e5	1	1
354.18994	24.8730	24.9363	24.9363	1	z1:354.1899	1	1	354.18602	355.19330	3.5991e5	1	1
405.26938	24.9363	24.9632	24.9632	4	z4:405.2694	1	4	1617.04841	405.26938	3.5900e5	1	1
374.17834	24.4808	24.6205	24.6205	1	z1:374.1783	1	1	373.17107	374.17834	3.5814e5	1	1
324.14755	24.3087	24.3780	24.4808	1	z1:324.1476	1	1	323.14028	324.14755	3.5677e5	1	1
515.29144	24.7448	24.7448	24.9363	2	z2:515.2914	1	2	1028.56833	515.29144	3.5626e5	1	1
378.66925	24.7448	24.7448	24.8730	1	z1:378.6693	1	1	377.66197	378.66925	3.5544e5	1	1
498.25525	24.0440	24.0783	24.0783	1	z1:498.2552	1	1	497.24797	498.25525	3.5526e5	1	1
498.23843	24.8227	24.9125	24.9632	2	z2:498.2384	1	2	994.46231	498.23843	3.5496e5	1	1
648.31732	24.4808	24.4808	24.5127	1	z1:648.3173	1	1	647.31005	648.31732	3.5482e5	1	1
332.65768	24.7837	24.8730	24.9632	1	z1:332.6577	1	1	331.65041	332.65768	3.5478e5	1	1
673.27820	24.7448	24.7837	24.7837	1	z1:673.2782	1	1	672.27092	673.27820	3.5436e5	1	1
449.26093	24.0440	24.0440	24.0783	1	z1:449.2609	1	1	448.25365	449.26093	3.5309e5	1	1
627.78943	24.0440	24.0440	24.0783	2	z2:627.7894	1	2	1252.56095	627.28775	3.5302e5	1	1
449.73981	24.6553	24.6553	24.6987	1	z1:449.7398	1	1	448.73253	449.73981	3.5183e5	1	1
377.18826	24.6987	24.7448	24.7448	2	z2:377.1883	1	2	752.36197	377.18826	3.5159e5	1	1
313.17322	24.5127	24.6205	24.7448	1	z1:313.1732	1	1	312.16594	313.17322	3.5085e5	1	1
499.26111	24.4808	24.6205	24.6205	1	z1:499.2611	1	1	497.25048	498.25775	3.5078e5	1	1
351.66476	24.2253	24.3087	24.3087	2	z2:351.6648	1	2	701.31498	351.66476	3.5062e5	1	1
1498.25110	24.8227	24.8730	24.9125	4	z4:1498.2511	1	4	5985.96522	1497.49858	3.5056e5	1	1
763.34515	24.3087	24.3087	24.3432	1	z1:763.3452	1	1	762.33788	763.34515	3.5031e5	1	1
329.67023	24.6987	24.6987	24.8227	2	z2:329.6702	1	2	658.32926	330.17190	3.4966e5	1	1
426.71835	24.3432	24.3780	24.3780	6	z6:426.7184	1	6	2553.26311	426.55113	3.4959e5	1	1
365.18497	24.0440	24.0440	24.1522	1	z1:365.1850	1	1	364.17769	365.18497	3.4814e5	1	1
418.21814	24.6987	24.7448	24.7837	4	z4:418.2181	1	4	1670.85016	418.71982	3.4775e5	1	1
302.16248	24.0440	24.0440	24.0783	6	z6:302.1625	1	6	1808.93790	302.49693	3.4618e5	1	1
575.28003	24.8227	24.8227	24.9632	1	z1:575.2800	1	1	575.27611	576.28338	3.4567e5	1	1
396.19821	24.3780	24.3780	24.4332	1	z1:396.1982	1	1	395.19094	396.19821	3.4561e5	1	1
722.35352	24.7448	24.7448	24.7837	2	z2:722.3535	1	2	1442.69248	722.35352	3.4548e5	1	1
672.67474	24.5127	24.6205	24.6205	4	z4:672.6747	1	4	2683.65980	671.92223	3.4526e5	1	1
334.16089	24.0440	24.1215	24.1522	2	z2:334.1609	1	2	666.30722	334.16089	3.4524e5	1	1
363.73398	24.7448	24.7448	24.8227	2	z2:363.7340	1	2	725.45340	363.73398	3.4514e5	1	1
553.27216	24.6205	24.6553	24.6987	1	z1:553.2722	1	1	552.26488	553.27216	3.4508e5	1	1
560.25592	24.6553	24.6553	24.7448	2	z2:560.2559	1	2	1118.49729	560.25592	3.4504e5	1	1
519.75085	24.9363	24.9632	24.9632	2	z2:519.7509	1	2	1037.48716	519.75085	3.4478e5	1	1
432.18414	24.2253	24.2738	24.3087	2	z2:432.1841	1	2	862.35373	432.18414	3.4476e5	1	1
991.47565	24.7448	24.7448	24.7837	1	z1:991.4756	1	1	990.46837	991.47565	3.4451e5	1	1
441.24564	24.9363	24.9363	24.9632	4	z4:441.2456	1	4	1760.95344	441.24564	3.4388e5	1	1
502.75461	24.1867	24.2738	24.2738	1	z1:502.7546	1	1	501.74733	502.75461	3.4350e5	1	1
667.15198	24.5127	24.5127	24.5637	3	z3:667.1520	1	3	1997.43075	666.81753	3.4278e5	1	1
401.17758	24.6987	24.6987	24.8227	1	z1:401.1776	1	1	400.17031	401.17758	3.4271e5	1	1
596.28546	24.3432	24.3780	24.3780	1	z1:596.2855	1	1	595.27818	596.28546	3.4248e5	1	1
1499.73120	24.2738	24.3432	24.3432	3	z3:1499.7312	1	3	4493.16171	1498.72785	3.4197e5	1	1
572.34052	24.7837	24.8227	24.8227	4	z4:572.3405	1	4	2286.33631	572.59135	3.4078e5	1	1
312.17050	24.7837	24.9125	24.9125	1	z1:312.1705	1	1	311.16323	312.17050	3.4024e5	1	1
346.20746	24.4808	24.4808	24.5127	1	z1:346.2075	1	1	345.20018	346.20746	3.4004e5	1	1
852.46082	24.9363	24.9632	24.9632	1	z1:852.4608	1	1	851.45354	852.46082	3.3998e5	1	1
475.20950	24.7837	24.8227	24.8227	2	z2:475.2095	1	2	949.40781	475.71118	3.3964e5	1	1
574.30634	24.0440	24.0440	24.0783	2	z2:574.3063	1	2	1146.59812	574.30634	3.3957e5	1	1
651.27448	24.3087	24.3780	24.4332	1	z1:651.2745	1	1	650.26720	651.27448	3.3947e5	1	1
487.25031	24.1215	24.2253	24.2253	3	z3:487.2503	1	3	1458.72909	487.25031	3.3909e5	1	1
351.67349	24.5637	24.6205	24.6987	2	z2:351.6735	1	2	700.32908	351.17182	3.3875e5	1	1
370.18500	24.0440	24.0783	24.0783	2	z2:370.1850	1	2	738.35544	370.18500	3.3835e5	1	1
430.22864	24.4332	24.4332	24.5127	1	z1:430.2286	1	1	430.22472	431.23199	3.3809e5	1	1
838.41772	24.4808	24.4808	24.5127	2	z2:838.4177	1	2	1674.82090	838.41772	3.3706e5	1	1
604.26776	24.3780	24.4332	24.4332	1	z1:604.2678	1	1	603.26048	604.26776	3.3681e5	1	1
377.17719	24.0783	24.0783	24.2738	1	z1:377.1772	1	1	376.16991	377.17719	3.3615e5	1	1
697.82458	24.1867	24.2253	24.2738	2	z2:697.8246	1	2	1392.63126	697.32291	3.3599e5	1	1
544.74005	24.8730	24.9125	24.9125	2	z2:544.7401	1	2	1087.46555	544.74005	3.3590e5	1	1
483.87869	24.6987	24.6987	24.7837	5	z5:483.8787	1	5	2413.35373	483.67802	3.3507e5	1	1
1498.03198	24.9125	24.9363	24.9632	3	z3:1498.0320	1	3	4490.07076	1497.69753	3.3458e5	1	1
863.40808	24.8227	24.8227	24.8730	4	z4:863.4081	1	4	3447.59651	862.90640	3.3452e5	1	1
414.18069	24.6553	24.7448	24.8227	1	z1:414.1807	1	1	413.17342	414.18069	3.3418e5	1	1
581.18506	24.6987	24.7448	24.7448	6	z6:581.1851	1	6	3480.06334	581.01783	3.3387e5	1	1
318.65500	24.4808	24.5127	24.7448	6	z6:318.6550	1	6	1904.88298	318.48777	3.3386e5	1	1
1499.81897	24.3432	24.3432	24.4332	4	z4:1499.8190	1	4	5992.23671	1499.06645	3.3354e5	1	1
311.18503	24.8730	24.9363	24.9363	3	z3:311.1850	1	3	930.53325	311.18503	3.3332e5	1	1
1453.71423	24.3432	24.4332	24.4332	3	z3:1453.7142	1	3	4356.11416	1453.04533	3.3228e5	1	1
523.23804	24.7448	24.7448	24.7837	1	z1:523.2380	1	1	522.23076	523.23804	3.3180e5	1	1
421.73999	24.7448	24.7837	24.7837	1	z1:421.7400	1	1	420.73271	421.73999	3.3077e5	1	1
1117.25415	24.0440	24.0440	24.1215	6	z6:1117.2542	1	6	6693.46782	1116.58525	3.3048e5	1	1
634.32715	24.7448	24.7837	24.8227	1	z1:634.3271	1	1	633.31987	634.32715	3.2973e5	1	1
553.29675	24.8730	24.9125	24.9363	1	z1:553.2968	1	1	552.28948	553.29675	3.2965e5	1	1
656.75665	24.9363	24.9632	24.9632	5	z5:656.7567	1	5	3277.74353	656.55598	3.2916e5	1	1
781.40991	24.4332	24.4332	24.4808	1	z1:781.4099	1	1	780.40264	781.40991	3.2823e5	1	1
865.43909	24.7837	24.8227	24.8730	2	z2:865.4391	1	2	1728.86362	865.43909	3.2821e5	1	1
1495.31921	24.9125	24.9363	24.9632	3	z3:1495.3192	1	3	4480.92910	1494.65031	3.2789e5	1	1
615.27008	24.7837	24.8730	24.8730	1	z1:615.2701	1	1	614.26280	615.27008	3.2782e5	1	1
425.24023	24.7448	24.7448	24.7837	1	z1:425.2402	1	1	424.23296	425.24023	3.2777e5	1	1
375.69391	24.9125	24.9363	24.9632	2	z2:375.6939	1	2	748.36991	375.19223	3.2733e5	1	1
523.28552	24.0783	24.1867	24.1867	1	z1:523.2855	1	1	522.27825	523.28552	3.2580e5	1	1
396.66794	24.1867	24.2253	24.2253	4	z4:396.6679	1	4	1582.64265	396.66794	3.2548e5	1	1
308.19922	24.6987	24.8227	24.9125	2	z2:308.1992	1	2	615.38724	308.70090	3.2540e5	1	1
650.79742	24.8730	24.9125	24.9125	2	z2:650.7974	1	2	1299.58030	650.79742	3.2507e5	1	1
541.27386	24.0440	24.0783	24.1522	1	z1:541.2739	1	1	539.26323	540.27051	3.2393e5	1	1
616.27466	24.6987	24.6987	24.7448	1	z1:616.2747	1	1	615.26738	616.27466	3.2362e5	1	1
312.99634	24.4808	24.5127	24.5637	5	z5:312.9963	1	5	1559.94531	312.99634	3.2275e5	1	1
420.69150	24.1867	24.1867	24.2253	1	z1:420.6915	1	1	419.68422	420.69150	3.2198e5	1	1
510.27451	24.0440	24.0440	24.1215	4	z4:510.2745	1	4	2036.06556	510.02367	3.2156e5	1	1
514.26099	24.1522	24.2738	24.3087	2	z2:514.2610	1	2	1026.50742	514.26099	3.2095e5	1	1
366.68463	24.0440	24.0440	24.1215	1	z1:366.6846	1	1	365.67735	366.68463	3.2042e5	1	1
421.20544	24.1867	24.2253	24.2253	1	z1:421.2054	1	1	419.19481	420.20209	3.2040e5	1	1
487.25031	24.7837	24.8227	24.8227	2	z2:487.2503	1	2	972.48606	487.25031	3.1997e5	1	1
333.18674	24.3432	24.3432	24.3780	1	z1:333.1867	1	1	332.17946	333.18674	3.1975e5	1	1
388.18152	24.4808	24.5637	24.6205	1	z1:388.1815	1	1	387.17424	388.18152	3.1955e5	1	1
1319.63843	24.8730	24.9363	24.9363	1	z1:1319.6384	1	1	1318.63115	1319.63843	3.1920e5	1	1
529.24054	24.5637	24.6553	24.6553	2	z2:529.2405	1	2	1056.46653	529.24054	3.1917e5	1	1
727.91272	24.2738	24.2738	24.3780	5	z5:727.9127	1	5	3632.52051	727.51138	3.1577e5	1	1
313.68478	24.8227	24.8227	24.9125	1	z1:313.6848	1	1	312.67751	313.68478	3.1476e5	1	1
350.22897	24.7837	24.7837	24.8227	2	z2:350.2290	1	2	698.44339	350.22897	3.1432e5	1	1
818.38416	24.0783	24.1215	24.1522	1	z1:818.3842	1	1	817.37688	818.38416	3.1380e5	1	1
330.66876	24.0440	24.0783	24.1215	1	z1:330.6688	1	1	328.65813	329.66541	3.1372e5	1	1
604.30426	24.5127	24.5127	24.5637	1	z1:604.3043	1	1	604.30034	605.30762	3.1364e5	1	1
352.18362	24.3780	24.4808	24.4808	5	z5:352.1836	1	5	1755.88174	352.18362	3.1349e5	1	1
683.33362	24.2738	24.3432	24.3432	1	z1:683.3336	1	1	682.32634	683.33362	3.1349e5	1	1
1022.46973	24.5637	24.6553	24.6553	1	z1:1022.4697	1	1	1021.46245	1022.46973	3.1338e5	1	1
382.19620	24.9125	24.9125	24.9363	2	z2:382.1962	1	2	762.37784	382.19620	3.1301e5	1	1
515.32898	24.9125	24.9125	24.9363	5	z5:515.3290	1	5	2570.60516	515.12831	3.1208e5	1	1
1388.60376	24.4808	24.6205	24.6205	6	z6:1388.6038	1	6	8320.56213	1387.76763	3.1184e5	1	1
487.26248	24.4808	24.4808	24.6205	1	z1:487.2625	1	1	486.25521	487.26248	3.1067e5	1	1
766.32617	24.4332	24.4332	24.5127	1	z1:766.3262	1	1	765.31890	766.32617	3.0962e5	1	1
1498.18530	24.3780	24.4808	24.5637	3	z3:1498.1853	1	3	4489.52737	1497.51640	3.0947e5	1	1
775.39520	24.1867	24.2253	24.2253	1	z1:775.3952	1	1	774.38793	775.39520	3.0935e5	1	1
534.76233	24.3087	24.3780	24.3780	2	z2:534.7623	1	2	1066.50675	534.26065	3.0935e5	1	1
303.64743	24.4332	24.4332	24.5637	1	z1:303.6474	1	1	302.64015	303.64743	3.0901e5	1	1
416.39505	24.8730	24.9125	24.9125	3	z3:416.3951	1	3	1246.16332	416.39505	3.0874e5	1	1
466.75595	24.1215	24.1522	24.1867	2	z2:466.7560	1	2	931.49735	466.75595	3.0851e5	1	1
442.26474	24.9125	24.9632	24.9632	1	z1:442.2647	1	1	442.26082	443.26809	3.0850e5	1	1
455.72150	24.2738	24.3432	24.3432	1	z1:455.7215	1	1	454.71422	455.72150	3.0801e5	1	1
305.16046	24.3432	24.3432	24.3780	1	z1:305.1605	1	1	303.14983	304.15711	3.0749e5	1	1
570.28699	24.8730	24.9632	24.9632	1	z1:570.2870	1	1	569.27971	570.28699	3.0642e5	1	1
480.21970	24.8730	24.9632	24.9632	1	z1:480.2197	1	1	479.21242	480.21970	3.0603e5	1	1
364.16422	24.0440	24.0783	24.1522	1	z1:364.1642	1	1	363.15694	364.16422	3.0564e5	1	1
345.23108	24.0440	24.1215	24.1215	1	z1:345.2311	1	1	344.22380	345.23108	3.0501e5	1	1
1469.00647	24.3432	24.4332	24.4332	4	z4:1469.0065	1	4	5867.98335	1468.00311	3.0476e5	1	1
525.31317	24.1867	24.3087	24.3087	1	z1:525.3132	1	1	524.30589	525.31317	3.0460e5	1	1
549.26202	24.1522	24.1867	24.1867	1	z1:549.2620	1	1	548.25475	549.26202	3.0460e5	1	1
310.16809	24.9125	24.9363	24.9363	5	z5:310.1681	1	5	1545.80407	310.16809	3.0446e5	1	1
312.99634	24.0783	24.1867	24.1867	6	z6:312.9963	1	6	1869.92766	312.66189	3.0407e5	1	1
343.17175	24.0440	24.0783	24.0783	1	z1:343.1718	1	1	342.16448	343.17175	3.0394e5	1	1
792.41071	24.9125	24.9632	24.9632	2	z2:792.4107	1	2	1582.80686	792.41071	3.0379e5	1	1
1448.40942	24.3432	24.4808	24.4808	3	z3:1448.4094	1	3	4339.19638	1447.40607	3.0354e5	1	1
1216.47266	24.7837	24.8227	24.8227	1	z1:1216.4727	1	1	1215.46538	1216.47266	3.0349e5	1	1
449.19077	24.5127	24.5637	24.6205	3	z3:449.1908	1	3	1344.55047	449.19077	3.0119e5	1	1
437.73831	24.8227	24.8730	24.8730	1	z1:437.7383	1	1	436.73104	437.73831	3.0108e5	1	1
428.68011	24.5637	24.6553	24.6987	4	z4:428.6801	1	4	1710.69135	428.68011	3.0003e5	1	1
372.70322	24.8227	24.9363	24.9363	4	z4:372.7032	1	4	1484.77705	372.20154	2.9996e5	1	1
322.69492	24.3780	24.5127	24.5127	2	z2:322.6949	1	2	642.37192	322.19324	2.9992e5	1	1
561.26941	24.6205	24.6205	24.6553	2	z2:561.2694	1	2	1121.52762	561.77109	2.9939e5	1	1
1249.18823	24.3780	24.3780	24.4808	5	z5:1249.1882	1	5	6237.89472	1248.58622	2.9896e5	1	1
673.29138	24.4808	24.5637	24.6553	1	z1:673.2914	1	1	672.28411	673.29138	2.9891e5	1	1
399.68198	24.6553	24.7448	24.7448	2	z2:399.6820	1	2	797.34940	399.68198	2.9862e5	1	1
846.43207	24.6205	24.6987	24.7837	1	z1:846.4321	1	1	845.42479	846.43207	2.9840e5	1	1
751.32092	24.6205	24.6205	24.6553	2	z2:751.3209	1	2	1500.62729	751.32092	2.9762e5	1	1
439.72617	24.8730	24.9125	24.9125	1	z1:439.7262	1	1	438.71889	439.72617	2.9750e5	1	1
444.24460	24.0440	24.1215	24.1522	4	z4:444.2446	1	4	1772.94929	444.24460	2.9678e5	1	1
457.20279	24.5127	24.5127	24.5637	1	z1:457.2028	1	1	456.19551	457.20279	2.9652e5	1	1
510.23096	24.0440	24.1215	24.1215	1	z1:510.2310	1	1	509.22368	510.23096	2.9649e5	1	1
321.50235	24.8730	24.8730	24.9125	6	z6:321.5023	1	6	1922.97044	321.50235	2.9613e5	1	1
447.23138	24.1867	24.1867	24.2738	2	z2:447.2314	1	2	893.45157	447.73306	2.9519e5	1	1
380.20239	24.9363	24.9363	24.9632	2	z2:380.2024	1	2	759.39359	380.70407	2.9434e5	1	1
421.70889	24.6205	24.6205	24.6987	1	z1:421.7089	1	1	419.69826	420.70554	2.9413e5	1	1
540.75323	24.1215	24.1522	24.1867	2	z2:540.7532	1	2	1079.49192	540.75323	2.9376e5	1	1
465.21100	24.7448	24.7837	24.7837	1	z1:465.2110	1	1	464.20372	465.21100	2.9340e5	1	1
380.69589	24.6987	24.7837	24.7837	1	z1:380.6959	1	1	379.68862	380.69589	2.9318e5	1	1
356.16776	24.3780	24.4332	24.4332	2	z2:356.1678	1	2	710.32096	356.16776	2.9186e5	1	1
375.14423	24.0783	24.1867	24.2253	6	z6:375.1442	1	6	2241.81163	374.64255	2.9173e5	1	1
502.33105	24.3087	24.3432	24.5127	4	z4:502.3311	1	4	2004.29176	502.08022	2.9121e5	1	1
351.17691	24.3780	24.3780	24.4332	2	z2:351.1769	1	2	700.33927	351.17691	2.9117e5	1	1
462.19293	24.7448	24.7448	24.8227	4	z4:462.1929	1	4	1844.74262	462.19293	2.9093e5	1	1
731.42407	24.9125	24.9363	24.9363	1	z1:731.4241	1	1	731.42015	732.42743	2.9002e5	1	1
529.29572	24.9125	24.9632	24.9632	1	z1:529.2957	1	1	529.29179	530.29907	2.8811e5	1	1
490.21408	24.9125	24.9632	24.9632	1	z1:490.2141	1	1	489.20680	490.21408	2.8724e5	1	1
347.69696	24.0440	24.1522	24.1522	1	z1:347.6970	1	1	346.68968	347.69696	2.8700e5	1	1
362.17422	24.7837	24.8227	24.8730	2	z2:362.1742	1	2	723.33725	362.67590	2.8663e5	1	1
379.68613	24.2253	24.3087	24.3087	1	z1:379.6861	1	1	378.67885	379.68613	2.8651e5	1	1
404.16803	24.6205	24.7837	24.7837	1	z1:404.1680	1	1	404.16411	405.17138	2.8591e5	1	1
366.20490	24.1215	24.1867	24.1867	2	z2:366.2049	1	2	730.39524	366.20490	2.8560e5	1	1
418.72110	24.9125	24.9632	24.9632	2	z2:418.7211	1	2	836.43100	419.22278	2.8553e5	1	1
316.66556	24.1867	24.3087	24.3087	2	z2:316.6656	1	2	631.31656	316.66556	2.8503e5	1	1
581.21149	24.6205	24.6205	24.6553	5	z5:581.2115	1	5	2900.01770	581.01082	2.8492e5	1	1
524.28198	24.1215	24.2253	24.2738	1	z1:524.2820	1	1	524.27806	525.28534	2.8492e5	1	1
416.21375	24.4808	24.4808	24.6205	1	z1:416.2137	1	1	415.20647	416.21375	2.8419e5	1	1
315.71277	24.6987	24.7837	24.7837	2	z2:315.7128	1	2	629.41098	315.71277	2.8307e5	1	1
382.67093	24.3780	24.3780	24.4808	1	z1:382.6709	1	1	381.66365	382.67093	2.8063e5	1	1
512.28168	24.0440	24.1522	24.1522	1	z1:512.2817	1	1	512.27776	513.28503	2.8047e5	1	1
671.33527	24.8730	24.8730	24.9125	3	z3:671.3353	1	3	2009.98061	671.00081	2.8013e5	1	1
382.17642	24.2738	24.2738	24.3087	1	z1:382.1764	1	1	381.16915	382.17642	2.7923e5	1	1
396.17737	24.8227	24.9125	24.9363	2	z2:396.1774	1	2	790.34018	396.17737	2.7917e5	1	1
300.17880	24.0783	24.1215	24.1522	2	z2:300.1788	1	2	598.34305	300.17880	2.7884e5	1	1
840.43475	24.5127	24.5127	24.5637	2	z2:840.4348	1	2	1678.85495	840.43475	2.7852e5	1	1
410.70575	24.7448	24.7448	24.8227	1	z1:410.7057	1	1	408.69512	409.70239	2.7848e5	1	1
383.69119	24.5127	24.5127	24.5637	2	z2:383.6912	1	2	765.36783	383.69119	2.7842e5	1	1
792.37280	24.0440	24.1215	24.1215	1	z1:792.3728	1	1	791.36553	792.37280	2.7715e5	1	1
345.67383	24.8730	24.9632	24.9632	2	z2:345.6738	1	2	688.32975	345.17215	2.7691e5	1	1
573.28589	24.6987	24.6987	24.7448	1	z1:573.2859	1	1	573.28197	574.28924	2.7643e5	1	1
515.25830	24.1522	24.1867	24.2253	1	z1:515.2583	1	1	515.25438	516.26166	2.7638e5	1	1
355.67682	24.8227	24.8227	24.9125	1	z1:355.6768	1	1	354.66954	355.67682	2.7583e5	1	1
736.37073	24.4808	24.5127	24.5127	1	z1:736.3707	1	1	735.36345	736.37073	2.7579e5	1	1
542.25775	24.6987	24.6987	24.7837	2	z2:542.2578	1	2	1081.49760	541.75607	2.7461e5	1	1
331.68552	24.3087	24.3087	24.3780	2	z2:331.6855	1	2	661.35648	331.68552	2.7430e5	1	1
499.19577	24.0440	24.1867	24.2253	2	z2:499.1958	1	2	996.37699	499.19577	2.7419e5	1	1
543.22040	24.5127	24.6205	24.6205	1	z1:543.2204	1	1	542.21312	543.22040	2.7381e5	1	1
570.32306	24.7448	24.7837	24.7837	5	z5:570.3231	1	5	2845.57556	570.12239	2.7306e5	1	1
314.67374	24.0440	24.0440	24.0783	2	z2:314.6737	1	2	627.33292	314.67374	2.7245e5	1	1
748.38434	24.9125	24.9363	24.9363	1	z1:748.3843	1	1	748.38042	749.38769	2.7240e5	1	1
845.46985	24.9125	24.9125	24.9632	1	z1:845.4698	1	1	844.46257	845.46985	2.7183e5	1	1
426.26425	24.8730	24.9125	24.9125	5	z5:426.2643	1	5	2125.28152	426.06358	2.7070e5	1	1
386.23828	24.8227	24.8227	24.8730	2	z2:386.2383	1	2	770.46201	386.23828	2.7062e5	1	1
444.26053	24.7837	24.9125	24.9125	4	z4:444.2605	1	4	1773.01301	444.26053	2.7053e5	1	1
330.18991	24.3432	24.3432	24.4332	1	z1:330.1899	1	1	329.18263	330.18991	2.7033e5	1	1
739.37354	24.0440	24.0783	24.0783	1	z1:739.3735	1	1	738.36626	739.37354	2.7022e5	1	1
502.74820	24.4808	24.4808	24.5637	6	z6:502.7482	1	6	3006.43212	502.07930	2.6880e5	1	1
509.23303	24.8227	24.8730	24.8730	1	z1:509.2330	1	1	508.22576	509.23303	2.6841e5	1	1
728.30988	24.8730	24.8730	24.9125	2	z2:728.3099	1	2	1454.60520	728.30988	2.6802e5	1	1
352.68109	24.9363	24.9363	24.9632	2	z2:352.6811	1	2	703.34763	352.68109	2.6782e5	1	1
389.70020	24.1522	24.2253	24.2253	2	z2:389.7002	1	2	776.38248	389.19852	2.6775e5	1	1
363.67368	24.6205	24.6987	24.6987	6	z6:363.6737	1	6	2175.99839	363.67368	2.6632e5	1	1
532.76807	24.4332	24.4332	24.5127	2	z2:532.7681	1	2	1062.51823	532.26639	2.6564e5	1	1
434.73981	24.0440	24.0783	24.1215	1	z1:434.7398	1	1	433.73253	434.73981	2.6515e5	1	1
367.21317	24.4808	24.4808	24.5127	2	z2:367.2132	1	2	732.41178	367.21317	2.6498e5	1	1
302.68610	24.5637	24.5637	24.6553	4	z4:302.6861	1	4	1206.71528	302.68610	2.6433e5	1	1
609.35352	24.0440	24.0783	24.0783	1	z1:609.3535	1	1	607.34288	608.35016	2.6405e5	1	1
690.34216	24.0440	24.0440	24.1215	2	z2:690.3422	1	2	1378.66977	690.34216	2.6404e5	1	1
399.17978	24.2253	24.3087	24.3087	1	z1:399.1798	1	1	398.17250	399.17978	2.6377e5	1	1
1389.39587	24.4808	24.4808	24.5127	3	z3:1389.3959	1	3	4163.15908	1388.72697	2.6341e5	1	1
550.26532	24.8730	24.9363	24.9632	1	z1:550.2653	1	1	549.25804	550.26532	2.6337e5	1	1
563.25928	24.0440	24.0440	24.1215	1	z1:563.2593	1	1	562.25200	563.25928	2.6329e5	1	1
388.69208	24.8227	24.8227	24.8730	1	z1:388.6921	1	1	387.68480	388.69208	2.6327e5	1	1
433.18564	24.0440	24.0440	24.0783	1	z1:433.1856	1	1	432.17836	433.18564	2.6303e5	1	1
343.70444	24.1522	24.1867	24.2253	5	z5:343.7044	1	5	1713.48580	343.70444	2.6256e5	1	1
570.24329	24.9363	24.9363	24.9632	1	z1:570.2433	1	1	569.23601	570.24329	2.6254e5	1	1
388.71088	24.8227	24.8227	24.9125	1	z1:388.7109	1	1	386.70025	387.70752	2.6248e5	1	1
531.27509	24.9363	24.9632	24.9632	1	z1:531.2751	1	1	531.27116	532.27844	2.6228e5	1	1
664.64905	24.3780	24.5127	24.5127	3	z3:664.6490	1	3	1989.92196	664.31460	2.6159e5	1	1
556.27136	24.5637	24.6205	24.6205	2	z2:556.2714	1	2	1110.52817	556.27136	2.6138e5	1	1
355.73132	24.5637	24.5637	24.6205	2	z2:355.7313	1	2	708.44474	355.22965	2.6123e5	1	1
394.18271	24.8227	24.9125	24.9125	3	z3:394.1827	1	3	1179.52630	394.18271	2.6083e5	1	1
355.19702	24.7837	24.8227	24.8227	1	z1:355.1970	1	1	354.18975	355.19702	2.6052e5	1	1
1137.55615	24.4808	24.5637	24.6205	5	z5:1137.5562	1	5	5679.73431	1136.95414	2.6021e5	1	1
637.33179	24.6205	24.6205	24.6987	1	z1:637.3318	1	1	636.32451	637.33179	2.5985e5	1	1
385.69250	24.3780	24.4332	24.4332	2	z2:385.6925	1	2	768.36710	385.19083	2.5932e5	1	1
1457.76453	24.9363	24.9632	24.9632	1	z1:1457.7645	1	1	1456.75725	1457.76453	2.5925e5	1	1
1472.90723	24.8730	24.9363	24.9363	6	z6:1472.9072	1	6	8825.37957	1471.90387	2.5922e5	1	1
592.27588	24.1867	24.1867	24.2738	4	z4:592.2759	1	4	2364.07105	592.02504	2.5860e5	1	1
301.66595	24.6553	24.6553	24.6987	2	z2:301.6660	1	2	601.31736	301.66595	2.5821e5	1	1
397.66833	24.7837	24.7837	24.9125	4	z4:397.6683	1	4	1586.64423	397.66833	2.5812e5	1	1
325.66553	24.7448	24.8227	24.8227	2	z2:325.6655	1	2	649.31650	325.66553	2.5792e5	1	1
440.71204	24.3087	24.3780	24.3780	2	z2:440.7120	1	2	880.41287	441.21371	2.5686e5	1	1
363.69727	24.9363	24.9632	24.9632	2	z2:363.6973	1	2	725.37998	363.69727	2.5667e5	1	1
553.30902	24.0783	24.1215	24.1215	1	z1:553.3090	1	1	553.30510	554.31238	2.5622e5	1	1
913.42493	24.6553	24.6553	24.6987	1	z1:913.4249	1	1	912.41765	913.42493	2.5479e5	1	1
680.83649	24.4332	24.4332	24.5637	2	z2:680.8365	1	2	1359.65842	680.83649	2.5472e5	1	1
312.69424	24.9125	24.9125	24.9632	2	z2:312.6942	1	2	623.37394	312.69424	2.5420e5	1	1
697.29553	24.4332	24.4808	24.4808	3	z3:697.2955	1	3	2087.86141	696.96108	2.5393e5	1	1
394.18567	24.7448	24.7448	24.7837	1	z1:394.1857	1	1	393.17839	394.18567	2.5352e5	1	1
345.66898	24.1215	24.1867	24.1867	1	z1:345.6690	1	1	344.66170	345.66898	2.5300e5	1	1
337.67697	24.3087	24.3087	24.3432	2	z2:337.6770	1	2	674.34274	338.17865	2.5221e5	1	1
674.82544	24.3432	24.3432	24.3780	2	z2:674.8254	1	2	1346.63297	674.32376	2.5216e5	1	1
1366.65723	24.5127	24.6205	24.6205	5	z5:1366.6572	1	5	6824.23633	1365.85454	2.5214e5	1	1
458.74515	24.8227	24.8730	24.8730	4	z4:458.7451	1	4	1830.95148	458.74515	2.5167e5	1	1
557.24921	24.5637	24.6205	24.6205	1	z1:557.2492	1	1	556.24193	557.24921	2.5140e5	1	1
363.19855	24.8730	24.9125	24.9363	1	z1:363.1985	1	1	361.18792	362.19519	2.5126e5	1	1
444.21985	24.8730	24.8730	24.9363	1	z1:444.2198	1	1	442.20922	443.21649	2.5104e5	1	1
545.25439	24.3780	24.4332	24.4332	1	z1:545.2544	1	1	545.25047	546.25775	2.5066e5	1	1
494.26617	24.3087	24.3780	24.3780	1	z1:494.2662	1	1	493.25890	494.26617	2.4959e5	1	1
379.23508	24.8730	24.9125	24.9632	2	z2:379.2351	1	2	755.45225	378.73340	2.4953e5	1	1
409.25980	24.3432	24.3780	24.4332	4	z4:409.2598	1	4	1633.01008	409.25980	2.4854e5	1	1
371.19760	24.7448	24.7448	24.7837	2	z2:371.1976	1	2	741.38400	371.69928	2.4805e5	1	1
1498.32776	24.5637	24.6205	24.6205	5	z5:1498.3278	1	5	7482.58899	1497.52507	2.4801e5	1	1
573.28845	24.2253	24.2738	24.2738	4	z4:573.2885	1	4	2288.12135	573.03761	2.4743e5	1	1
416.71790	24.9125	24.9125	24.9632	4	z4:416.7179	1	4	1660.83577	416.21622	2.4729e5	1	1
442.69556	24.1867	24.1867	24.2253	1	z1:442.6956	1	1	441.68828	442.69556	2.4637e5	1	1
321.20740	24.4808	24.4808	24.5127	2	z2:321.2074	1	2	640.40024	321.20740	2.4541e5	1	1
383.23865	24.3780	24.4332	24.5127	1	z1:383.2386	1	1	382.23137	383.23865	2.4502e5	1	1
400.20630	24.0440	24.0783	24.0783	1	z1:400.2063	1	1	399.19902	400.20630	2.4463e5	1	1
596.26624	24.0783	24.1215	24.1215	1	z1:596.2662	1	1	595.25896	596.26624	2.4438e5	1	1
678.32965	24.6205	24.6553	24.6553	1	z1:678.3297	1	1	677.32237	678.32965	2.4419e5	1	1
678.36639	24.9125	24.9363	24.9363	2	z2:678.3664	1	2	1354.71824	678.36639	2.4364e5	1	1
410.70575	24.9363	24.9363	24.9632	4	z4:410.7057	1	4	1638.79389	410.70575	2.4344e5	1	1
340.70746	24.5127	24.5637	24.5637	2	z2:340.7075	1	2	679.40036	340.70746	2.4342e5	1	1
361.17624	24.5637	24.6553	24.6553	3	z3:361.1762	1	3	1080.50689	361.17624	2.4314e5	1	1
485.72791	24.4808	24.4808	24.5127	2	z2:485.7279	1	2	969.44126	485.72791	2.4246e5	1	1
1167.61035	24.3432	24.3432	24.3780	3	z3:1167.6104	1	3	3498.80587	1167.27590	2.4215e5	1	1
403.26541	24.4332	24.4332	24.5637	3	z3:403.2654	1	3	1206.77440	403.26541	2.4200e5	1	1
404.70428	24.5637	24.5637	24.6205	4	z4:404.7043	1	4	1616.79474	405.20596	2.4177e5	1	1
424.70731	24.0783	24.0783	24.1867	1	z1:424.7073	1	1	423.70003	424.70731	2.4164e5	1	1
388.20175	24.0440	24.0783	24.0783	1	z1:388.2018	1	1	388.19783	389.20511	2.4140e5	1	1
621.26447	24.6205	24.6553	24.6553	1	z1:621.2645	1	1	620.25719	621.26447	2.4114e5	1	1
1117.24707	24.1867	24.2253	24.2253	5	z5:1117.2471	1	5	5578.18890	1116.64506	2.4091e5	1	1
466.22870	24.0440	24.0783	24.1215	2	z2:466.2287	1	2	930.44284	466.22870	2.4023e5	1	1
962.46179	24.9363	24.9632	24.9632	1	z1:962.4618	1	1	961.45452	962.46179	2.3995e5	1	1
1120.54907	24.8227	24.8227	24.9125	1	z1:1120.5491	1	1	1119.54180	1120.54907	2.3932e5	1	1
445.25107	24.0440	24.0440	24.0783	1	z1:445.2511	1	1	445.24715	446.25442	2.3889e5	1	1
747.34900	24.4808	24.5127	24.5127	1	z1:747.3490	1	1	746.34172	747.34900	2.3814e5	1	1
534.25104	24.3087	24.3087	24.3432	2	z2:534.2510	1	2	1066.48752	534.25104	2.3796e5	1	1
457.73148	24.9363	24.9632	24.9632	4	z4:457.7315	1	4	1826.89680	457.73148	2.3790e5	1	1
676.31824	24.2253	24.3087	24.3087	3	z3:676.3182	1	3	2024.92953	675.98379	2.3778e5	1	1
554.26172	24.4808	24.5127	24.5127	1	z1:554.2617	1	1	553.25444	554.26172	2.3775e5	1	1
611.27618	24.0783	24.1215	24.1215	1	z1:611.2762	1	1	610.26891	611.27618	2.3628e5	1	1
715.04462	24.4808	24.4808	24.5127	4	z4:715.0446	1	4	2854.14265	714.54294	2.3626e5	1	1
656.37207	24.0440	24.1215	24.1522	1	z1:656.3721	1	1	655.36479	656.37207	2.3599e5	1	1
591.26147	24.4808	24.5637	24.6205	2	z2:591.2615	1	2	1180.50840	591.26147	2.3545e5	1	1
400.20480	24.8227	24.8730	24.8730	2	z2:400.2048	1	2	799.39841	400.70648	2.3482e5	1	1
379.71408	24.4332	24.4332	24.4808	1	z1:379.7141	1	1	378.70680	379.71408	2.3469e5	1	1
497.25031	24.6987	24.7448	24.7448	1	z1:497.2503	1	1	495.23967	496.24695	2.3452e5	1	1
664.62964	24.2253	24.2738	24.2738	1	z1:664.6296	1	1	663.62236	664.62964	2.3336e5	1	1
447.20099	24.8730	24.8730	24.9363	1	z1:447.2010	1	1	446.19371	447.20099	2.3336e5	1	1
312.65247	24.6205	24.6205	24.6987	2	z2:312.6525	1	2	623.29038	312.65247	2.3296e5	1	1
595.76318	24.6205	24.6553	24.6553	2	z2:595.7632	1	2	1189.51181	595.76318	2.3269e5	1	1
581.17444	24.6987	24.6987	24.7448	2	z2:581.1744	1	2	1160.33432	581.17444	2.3257e5	1	1
572.26813	24.4808	24.4808	24.5127	1	z1:572.2681	1	1	571.26085	572.26813	2.3239e5	1	1
379.50031	24.7837	24.8227	24.8227	1	z1:379.5003	1	1	378.49303	379.50031	2.3086e5	1	1
1364.99792	24.7448	24.7448	24.8227	1	z1:1364.9979	1	1	1363.99065	1364.99792	2.3086e5	1	1
581.78107	24.3432	24.3780	24.3780	6	z6:581.7811	1	6	3482.63603	581.44662	2.3065e5	1	1
344.67917	24.6987	24.7448	24.7448	4	z4:344.6792	1	4	1376.69428	345.18085	2.3046e5	1	1
375.18680	24.6987	24.7448	24.7448	2	z2:375.1868	1	2	747.35569	374.68512	2.2987e5	1	1
1137.48364	24.6553	24.7448	24.7448	2	z2:1137.4836	1	2	2271.94938	1136.98197	2.2968e5	1	1
1100.47791	24.0783	24.1215	24.1522	5	z5:1100.4779	1	5	5495.34643	1100.07656	2.2961e5	1	1
1462.69800	24.3432	24.3780	24.3780	5	z5:1462.6980	1	5	7304.44019	1461.89531	2.2924e5	1	1
719.31891	24.0440	24.0440	24.0783	1	z1:719.3189	1	1	719.31499	720.32226	2.2911e5	1	1
613.32855	24.4332	24.4332	24.5127	1	z1:613.3286	1	1	613.32463	614.33191	2.2895e5	1	1
1321.68750	24.2738	24.2738	24.3087	2	z2:1321.6875	1	2	2640.35709	1321.18582	2.2868e5	1	1
937.40845	24.3780	24.3780	24.4332	1	z1:937.4084	1	1	936.40117	937.40845	2.2867e5	1	1
1155.49487	24.7448	24.7837	24.7837	2	z2:1155.4949	1	2	2308.97519	1155.49487	2.2861e5	1	1
1498.34973	24.9363	24.9363	24.9632	5	z5:1498.3497	1	5	7481.69550	1497.34638	2.2842e5	1	1
400.21841	24.0440	24.0440	24.1215	1	z1:400.2184	1	1	400.21449	401.22177	2.2762e5	1	1
587.26746	24.9363	24.9632	24.9632	1	z1:587.2675	1	1	586.26018	587.26746	2.2688e5	1	1
325.15207	24.6553	24.6987	24.7837	2	z2:325.1521	1	2	648.28959	325.15207	2.2668e5	1	1
401.26413	24.9125	24.9363	24.9632	5	z5:401.2641	1	5	2002.28762	401.46480	2.2621e5	1	1
340.99158	24.6553	24.6553	24.6987	3	z3:340.9916	1	3	1019.95290	340.99158	2.2517e5	1	1
1443.74487	24.7448	24.8227	24.8227	2	z2:1443.7449	1	2	2884.47184	1443.24320	2.2457e5	1	1
1303.66443	24.2738	24.3087	24.3087	5	z5:1303.6644	1	5	6506.26228	1302.25973	2.2452e5	1	1
440.71204	24.7448	24.8227	24.8227	2	z2:440.7120	1	2	880.41287	441.21371	2.2435e5	1	1
386.19382	24.2253	24.3087	24.3087	1	z1:386.1938	1	1	384.18319	385.19046	2.2434e5	1	1
347.23322	24.1215	24.1215	24.1522	6	z6:347.2332	1	6	2076.35228	347.06599	2.2392e5	1	1
487.74646	24.9125	24.9125	24.9632	2	z2:487.7465	1	2	972.47501	487.24478	2.2361e5	1	1
1473.01404	24.6987	24.6987	24.7837	6	z6:1473.0140	1	6	8827.02380	1472.17791	2.2310e5	1	1
457.66858	24.3087	24.3087	24.3432	5	z5:457.6686	1	5	2281.29980	457.26724	2.2246e5	1	1
424.73212	24.4808	24.4808	24.5637	2	z2:424.7321	1	2	846.44633	424.23044	2.2245e5	1	1
325.15649	24.3087	24.3780	24.3780	1	z1:325.1565	1	1	323.14586	324.15314	2.2232e5	1	1
680.82642	24.0440	24.0440	24.1522	5	z5:680.8264	1	5	3397.08899	680.42507	2.2188e5	1	1
648.31110	24.6987	24.6987	24.7837	1	z1:648.3111	1	1	647.30382	648.31110	2.2163e5	1	1
959.51276	24.7448	24.7837	24.7837	1	z1:959.5128	1	1	957.50213	958.50940	2.2159e5	1	1
1498.73328	24.1867	24.2253	24.2253	3	z3:1498.7333	1	3	4490.16794	1497.72992	2.2134e5	1	1
448.20319	24.0440	24.1522	24.1522	1	z1:448.2032	1	1	447.19591	448.20319	2.2077e5	1	1
581.56903	24.0440	24.0440	24.1215	6	z6:581.5690	1	6	3481.36382	581.23458	2.2050e5	1	1
341.69690	24.6987	24.6987	24.8227	2	z2:341.6969	1	2	680.37589	341.19522	2.2041e5	1	1
830.39026	24.1522	24.2253	24.2253	1	z1:830.3903	1	1	829.38298	830.39026	2.2006e5	1	1
656.74707	24.2253	24.2738	24.2738	5	z5:656.7471	1	5	3275.68890	656.14506	2.1896e5	1	1
342.66910	24.7448	24.7448	24.8730	2	z2:342.6691	1	2	683.32364	342.66910	2.1890e5	1	1
433.21799	24.3432	24.3432	24.4808	2	z2:433.2180	1	2	865.42478	433.71966	2.1887e5	1	1
552.30963	24.5127	24.5637	24.5637	2	z2:552.3096	1	2	1101.60135	551.80795	2.1864e5	1	1
704.31927	24.5127	24.5127	24.6553	1	z1:704.3193	1	1	703.31200	704.31927	2.1814e5	1	1
1406.19983	24.4332	24.4808	24.4808	2	z2:1406.1998	1	2	2809.38175	1405.69815	2.1814e5	1	1
411.22986	24.8730	24.8730	24.9125	1	z1:411.2299	1	1	409.21923	410.22650	2.1788e5	1	1
515.78015	24.4808	24.5127	24.5127	3	z3:515.7802	1	3	1544.31862	515.78015	2.1772e5	1	1
337.67111	24.0783	24.1522	24.1522	2	z2:337.6711	1	2	674.33103	338.17279	2.1768e5	1	1
393.51984	24.2253	24.3087	24.3087	3	z3:393.5198	1	3	1177.53768	393.51984	2.1669e5	1	1
324.14865	24.0783	24.0783	24.1215	2	z2:324.1487	1	2	646.28275	324.14865	2.1646e5	1	1
453.20850	24.9363	24.9363	24.9632	3	z3:453.2085	1	3	1356.60366	453.20850	2.1607e5	1	1
409.73413	24.7837	24.8730	24.8730	6	z6:409.7341	1	6	2450.35442	409.39968	2.1572e5	1	1
1472.77917	24.8227	24.8730	24.8730	3	z3:1472.7792	1	3	4412.30563	1471.77582	2.1492e5	1	1
1337.04309	24.7448	24.7448	24.8227	6	z6:1337.0431	1	6	8012.20147	1336.37419	2.1491e5	1	1
377.16611	24.9363	24.9632	24.9632	1	z1:377.1661	1	1	376.15883	377.16611	2.1446e5	1	1
1471.65857	24.2738	24.2738	24.3432	4	z4:1471.6586	1	4	5878.59175	1470.65521	2.1408e5	1	1
788.41412	24.2253	24.2738	24.2738	1	z1:788.4141	1	1	787.40685	788.41412	2.1325e5	1	1
312.16632	24.3087	24.3780	24.3780	5	z5:312.1663	1	5	1555.79522	312.16632	2.1289e5	1	1
1457.02869	24.0783	24.1522	24.2253	4	z4:1457.0287	1	4	5821.07558	1456.27617	2.1281e5	1	1
373.19440	24.7448	24.7448	24.7837	2	z2:373.1944	1	2	744.37424	373.19440	2.1263e5	1	1
300.65292	24.0440	24.0440	24.0783	2	z2:300.6529	1	2	599.29129	300.65292	2.1218e5	1	1
326.18130	24.3432	24.3780	24.3780	1	z1:326.1813	1	1	325.17403	326.18130	2.1160e5	1	1
374.97821	24.9363	24.9632	24.9632	5	z5:374.9782	1	5	1868.85132	374.77754	2.1157e5	1	1
1400.69629	24.1522	24.2253	24.2253	4	z4:1400.6963	1	4	5595.74599	1399.94377	2.1146e5	1	1
1388.48645	24.3780	24.4332	24.4332	4	z4:1388.4865	1	4	5546.90663	1387.73393	2.1142e5	1	1
1256.63660	24.9125	24.9363	24.9363	3	z3:1256.6366	1	3	3764.88125	1255.96769	2.1113e5	1	1
647.34540	24.8730	24.8730	24.9363	1	z1:647.3454	1	1	645.33477	646.34204	2.1111e5	1	1
588.29852	24.9363	24.9632	24.9632	1	z1:588.2985	1	1	588.29460	589.30188	2.1059e5	1	1
467.23450	24.1867	24.2738	24.2738	1	z1:467.2345	1	1	465.22387	466.23114	2.1014e5	1	1
581.30414	24.8227	24.8227	24.9125	5	z5:581.3041	1	5	2900.48095	581.10347	2.1012e5	1	1
488.26376	24.7837	24.7837	24.8730	1	z1:488.2638	1	1	488.25984	489.26712	2.1004e5	1	1
1314.68042	24.8730	24.9125	24.9125	3	z3:1314.6804	1	3	3937.00601	1313.34261	2.0989e5	1	1
359.19266	24.0783	24.0783	24.1215	6	z6:359.1927	1	6	2150.11564	359.35988	2.0936e5	1	1
1111.50537	24.2738	24.2738	24.3432	6	z6:1111.5054	1	6	6659.97850	1111.00369	2.0911e5	1	1
358.73654	24.7837	24.8227	24.8227	1	z1:358.7365	1	1	357.72927	358.73654	2.0856e5	1	1
370.17691	24.8730	24.9363	24.9363	1	z1:370.1769	1	1	369.16963	370.17691	2.0823e5	1	1
448.73785	24.9363	24.9632	24.9632	4	z4:448.7379	1	4	1788.91560	448.23618	2.0819e5	1	1
403.26541	24.7448	24.8227	24.8227	1	z1:403.2654	1	1	401.25478	402.26206	2.0817e5	1	1
424.72055	24.1522	24.2253	24.2253	2	z2:424.7206	1	2	846.42319	424.21887	2.0796e5	1	1
370.68066	24.4332	24.4332	24.4808	1	z1:370.6807	1	1	370.67674	371.68402	2.0765e5	1	1
715.36261	24.8730	24.8730	24.9125	3	z3:715.3626	1	3	2142.06265	715.02816	2.0728e5	1	1
1498.44836	24.8227	24.8227	24.9125	3	z3:1498.4484	1	3	4490.31655	1497.77946	2.0686e5	1	1
1447.70154	24.2253	24.3087	24.3087	1	z1:1447.7015	1	1	1445.69091	1446.69818	2.0670e5	1	1
611.26477	24.0440	24.1522	24.1522	1	z1:611.2648	1	1	610.25749	611.26477	2.0663e5	1	1
1386.67017	24.9363	24.9363	24.9632	4	z4:1386.6702	1	4	5539.64149	1385.91765	2.0614e5	1	1
367.69620	24.4332	24.5637	24.5637	1	z1:367.6962	1	1	366.68892	367.69620	2.0505e5	1	1
1352.64905	24.7448	24.7448	24.7837	3	z3:1352.6490	1	3	4052.91860	1351.98014	2.0485e5	1	1
1256.18225	24.8730	24.8730	24.9363	5	z5:1256.1823	1	5	6272.86481	1255.58024	2.0443e5	1	1
1268.98853	24.0783	24.0783	24.1215	3	z3:1268.9885	1	3	3801.93704	1268.31962	2.0334e5	1	1
326.67377	24.4808	24.5127	24.5127	6	z6:326.6738	1	6	1953.99894	326.67377	2.0319e5	1	1
1415.74194	24.2253	24.2253	24.3087	1	z1:1415.7419	1	1	1414.73467	1415.74194	2.0279e5	1	1
1273.65576	24.7837	24.8227	24.8227	3	z3:1273.6558	1	3	3815.93875	1272.98686	2.0267e5	1	1
476.73181	24.5637	24.6205	24.6205	2	z2:476.7318	1	2	952.45242	477.23349	2.0228e5	1	1
1346.57947	24.2738	24.3432	24.3432	4	z4:1346.5795	1	4	5380.28206	1346.07779	2.0228e5	1	1
1352.63965	24.1522	24.2253	24.2253	4	z4:1352.6396	1	4	5403.51942	1351.88713	2.0207e5	1	1
1465.77820	24.6205	24.6553	24.6553	1	z1:1465.7782	1	1	1464.77092	1465.77820	2.0207e5	1	1
437.17999	24.1215	24.1522	24.2253	4	z4:437.1800	1	4	1744.69086	437.17999	2.0194e5	1	1
1254.64441	24.6553	24.6553	24.6987	1	z1:1254.6444	1	1	1252.63378	1253.64105	2.0192e5	1	1
1252.63184	24.0440	24.0440	24.1215	1	z1:1252.6318	1	1	1251.62456	1252.63184	2.0183e5	1	1
475.30539	24.8227	24.9125	24.9125	5	z5:475.3054	1	5	2370.48721	475.10472	2.0174e5	1	1
368.20023	24.9125	24.9125	24.9632	1	z1:368.2002	1	1	366.18959	367.19687	2.0149e5	1	1
304.15488	24.3087	24.3087	24.3780	2	z2:304.1549	1	2	605.29185	303.65320	2.0142e5	1	1
1252.61511	24.7448	24.7448	24.8227	1	z1:1252.6151	1	1	1251.60784	1252.61511	2.0117e5	1	1
450.67102	24.1522	24.1867	24.1867	2	z2:450.6710	1	2	899.32749	450.67102	2.0076e5	1	1
1433.72388	24.1867	24.1867	24.2253	5	z5:1433.7239	1	5	7159.56958	1432.92119	2.0058e5	1	1
453.22672	24.0440	24.0440	24.0783	1	z1:453.2267	1	1	451.21608	452.22336	2.0043e5	1	1
441.19659	24.9125	24.9632	24.9632	2	z2:441.1966	1	2	880.37864	441.19659	2.0033e5	1	1
581.08179	24.0440	24.1215	24.1215	2;3	z2:581.0818;z3:387.7268	2	2	1160.15272	581.08364	1.9952e5	2	2
1429.27295	24.3432	24.4332	24.4332	5	z5:1429.2729	1	5	7137.31494	1428.47027	1.9949e5	1	1
653.28870	24.8730	24.9363	24.9363	1	z1:653.2887	1	1	652.28142	653.28870	1.9934e5	1	1
442.19797	24.9125	24.9125	24.9632	4	z4:442.1980	1	4	1764.76276	442.19797	1.9910e5	1	1
442.71313	24.6987	24.7448	24.7448	4	z4:442.7131	1	4	1766.82343	442.71313	1.9842e5	1	1
364.81741	24.9125	24.9632	24.9632	3	z3:364.8174	1	3	1091.43041	364.81741	1.9818e5	1	1
1312.68347	24.2253	24.2253	24.2738	1	z1:1312.6835	1	1	1311.67620	1312.68347	1.9814e5	1	1
1497.10132	24.3432	24.3432	24.3780	4	z4:1497.1013	1	4	5982.36946	1496.59964	1.9773e5	1	1
1481.75732	24.6205	24.6553	24.6553	1	z1:1481.7573	1	1	1480.75005	1481.75732	1.9709e5	1	1
309.16641	24.0783	24.1215	24.1215	2	z2:309.1664	1	2	617.32163	309.66809	1.9631e5	1	1
581.53461	24.9125	24.9125	24.9363	2	z2:581.5346	1	2	1161.05466	581.53461	1.9623e5	1	1
845.40948	24.4808	24.4808	24.5127	1	z1:845.4095	1	1	844.40221	845.40948	1.9617e5	1	1
456.24393	24.2253	24.3087	24.3087	1	z1:456.2439	1	1	455.23665	456.24393	1.9606e5	1	1
382.67517	24.9125	24.9363	24.9363	1	z1:382.6752	1	1	381.66789	382.67517	1.9553e5	1	1
663.33997	24.0440	24.1215	24.1215	1	z1:663.3400	1	1	662.33269	663.33997	1.9506e5	1	1
442.71667	24.0440	24.0783	24.0783	1	z1:442.7167	1	1	441.70940	442.71667	1.9502e5	1	1
539.24548	24.6205	24.6205	24.6553	4	z4:539.2455	1	4	2151.94947	538.99464	1.9487e5	1	1
573.28845	24.0783	24.1215	24.1215	2	z2:573.2885	1	2	1144.56235	573.28845	1.9449e5	1	1
519.23859	24.8730	24.8730	24.9125	2	z2:519.2386	1	2	1036.46262	519.23859	1.9410e5	1	1
341.71600	24.3087	24.3087	24.4808	4	z4:341.7160	1	4	1362.83491	341.71600	1.9362e5	1	1
342.21298	24.1215	24.1215	24.1522	1	z1:342.2130	1	1	342.20906	343.21634	1.9355e5	1	1
410.67273	24.3087	24.3087	24.3432	1	z1:410.6727	1	1	410.66881	411.67608	1.9354e5	1	1
437.16101	24.0440	24.0440	24.0783	1	z1:437.1610	1	1	436.15373	437.16101	1.9354e5	1	1
315.17722	24.1522	24.1522	24.2253	2	z2:315.1772	1	2	628.33988	315.17722	1.9347e5	1	1
823.44073	24.3432	24.3780	24.3780	6	z6:823.4407	1	6	4931.59069	822.93906	1.9335e5	1	1
805.35260	24.8730	24.9363	24.9363	1	z1:805.3526	1	1	804.34532	805.35260	1.9278e5	1	1
569.27722	24.6987	24.7837	24.7837	1	z1:569.2772	1	1	568.26995	569.27722	1.9262e5	1	1
566.24860	24.6987	24.6987	24.7448	2	z2:566.2486	1	2	1130.48264	566.24860	1.9230e5	1	1
326.18243	24.0440	24.0783	24.0783	2	z2:326.1824	1	2	649.34696	325.68076	1.9223e5	1	1
1028.52490	24.3432	24.3780	24.3780	2	z2:1028.5249	1	2	2054.03190	1028.02322	1.9213e5	1	1
1188.59436	24.6205	24.6987	24.6987	2	z2:1188.5944	1	2	2374.17081	1188.09268	1.9199e5	1	1
487.21375	24.6205	24.6205	24.6553	1	z1:487.2137	1	1	486.20647	487.21375	1.9168e5	1	1
581.31213	24.2738	24.3087	24.3087	6	z6:581.3121	1	6	3479.82243	580.97768	1.9137e5	1	1
311.51819	24.7837	24.7837	24.8227	3	z3:311.5182	1	3	930.52938	311.18374	1.9075e5	1	1
563.75458	24.1215	24.1215	24.1522	2	z2:563.7546	1	2	1124.49125	563.25290	1.9029e5	1	1
460.20578	24.8227	24.8227	24.8730	4	z4:460.2058	1	4	1834.78730	459.70410	1.9019e5	1	1
323.18060	24.6987	24.6987	24.7448	2	z2:323.1806	1	2	644.34665	323.18060	1.9004e5	1	1
1355.68994	24.5127	24.6205	24.6205	1	z1:1355.6899	1	1	1354.68266	1355.68994	1.8970e5	1	1
371.63708	24.0783	24.1522	24.1522	5	z5:371.6371	1	5	1851.14233	371.23574	1.8949e5	1	1
348.18005	24.8227	24.8227	24.8730	1	z1:348.1801	1	1	346.16942	347.17670	1.8939e5	1	1
656.74390	24.0440	24.1215	24.1215	2	z2:656.7439	1	2	1311.47324	656.74390	1.8880e5	1	1
386.71338	24.8730	24.8730	24.9363	2	z2:386.7134	1	2	771.41220	386.71338	1.8868e5	1	1
803.40027	24.1867	24.2738	24.2738	1	z1:803.4003	1	1	802.39299	803.40027	1.8751e5	1	1
404.22485	24.0440	24.1215	24.1215	3	z3:404.2249	1	3	1209.65273	404.22485	1.8684e5	1	1
1495.72339	24.6987	24.7448	24.7448	5	z5:1495.7234	1	5	7465.55372	1494.11802	1.8676e5	1	1
364.18915	24.1867	24.2738	24.2738	5	z5:364.1891	1	5	1815.90936	364.18915	1.8674e5	1	1
354.84064	24.8227	24.8730	24.8730	6	z6:354.8406	1	6	2123.00016	354.84064	1.8546e5	1	1
440.72079	24.3432	24.3780	24.3780	2	z2:440.7208	1	2	880.43039	441.22247	1.8524e5	1	1
674.36206	24.9363	24.9363	24.9632	2	z2:674.3621	1	2	1347.71292	674.86374	1.8507e5	1	1
457.25082	24.6987	24.7837	24.7837	1	z1:457.2508	1	1	457.24690	458.25418	1.8486e5	1	1
1376.58984	24.6553	24.6553	24.7448	1	z1:1376.5898	1	1	1375.58257	1376.58984	1.8380e5	1	1
345.17657	24.9363	24.9632	24.9632	1	z1:345.1766	1	1	344.16930	345.17657	1.8359e5	1	1
310.15570	24.4808	24.4808	24.5637	2	z2:310.1557	1	2	618.29685	310.15570	1.8314e5	1	1
395.71893	24.6987	24.6987	24.7837	1	z1:395.7189	1	1	394.71166	395.71893	1.8250e5	1	1
352.66357	24.6987	24.7837	24.7837	2	z2:352.6636	1	2	703.31260	352.66357	1.8207e5	1	1
391.20001	24.6987	24.7448	24.7448	1	z1:391.2000	1	1	389.18938	390.19666	1.8165e5	1	1
490.25101	24.6987	24.6987	24.7837	3	z3:490.2510	1	3	1468.73455	490.58546	1.8126e5	1	1
410.53912	24.3087	24.3087	24.3432	5	z5:410.5391	1	5	2047.65924	410.53912	1.8115e5	1	1
300.67065	24.9125	24.9125	24.9632	1	z1:300.6707	1	1	300.66673	301.67401	1.8114e5	1	1
503.22772	24.7837	24.7837	24.8227	1	z1:503.2277	1	1	502.22045	503.22772	1.8058e5	1	1
1371.34619	24.8227	24.8730	24.8730	6	z6:1371.3462	1	6	8218.02007	1370.67729	1.8018e5	1	1
460.72845	24.6553	24.6553	24.6987	1	z1:460.7285	1	1	460.72453	461.73181	1.7979e5	1	1
1319.14050	24.5127	24.5127	24.5637	1	z1:1319.1405	1	1	1318.13323	1319.14050	1.7933e5	1	1
458.23511	24.2253	24.3087	24.3432	1	z1:458.2351	1	1	457.22783	458.23511	1.7916e5	1	1
675.10376	24.2253	24.3087	24.3087	4	z4:675.1038	1	4	2696.38593	675.10376	1.7861e5	1	1
371.17596	24.7448	24.7448	24.7837	4	z4:371.1760	1	4	1478.66804	370.67429	1.7848e5	1	1
743.32031	24.3087	24.3087	24.3432	1	z1:743.3203	1	1	742.31304	743.32031	1.7814e5	1	1
320.19293	24.0440	24.0440	24.1215	1	z1:320.1929	1	1	319.18566	320.19293	1.7808e5	1	1
1250.63257	24.0440	24.1215	24.1522	6	z6:1250.6326	1	6	7493.73833	1249.96367	1.7771e5	1	1
397.18185	24.2253	24.2253	24.2738	1	z1:397.1819	1	1	396.17458	397.18185	1.7758e5	1	1
1302.64233	24.7448	24.7448	24.7837	5	z5:1302.6423	1	5	6504.16187	1301.83965	1.7745e5	1	1
571.28400	24.0440	24.0440	24.1215	1	z1:571.2840	1	1	569.27337	570.28064	1.7735e5	1	1
303.16620	24.1215	24.1215	24.1522	2	z2:303.1662	1	2	603.31449	302.66452	1.7702e5	1	1
301.16080	24.6205	24.6205	24.7448	1	z1:301.1608	1	1	301.15688	302.16415	1.7641e5	1	1
817.35895	24.1867	24.2253	24.2253	2	z2:817.3589	1	2	1632.70334	817.35895	1.7613e5	1	1
583.27112	24.5637	24.5637	24.6205	1	z1:583.2711	1	1	582.26384	583.27112	1.7550e5	1	1
458.22583	24.2253	24.2253	24.2738	2	z2:458.2258	1	2	914.43711	458.22583	1.7536e5	1	1
318.83237	24.9125	24.9632	24.9632	6	z6:318.8324	1	6	1904.94383	318.49792	1.7530e5	1	1
1498.67847	24.8227	24.9125	24.9125	3	z3:1498.6785	1	3	4490.00351	1497.67511	1.7515e5	1	1
343.17056	24.1867	24.1867	24.2253	1	z1:343.1706	1	1	341.15993	342.16721	1.7508e5	1	1
1227.58582	24.5637	24.6553	24.6553	1	z1:1227.5858	1	1	1226.57854	1227.58582	1.7504e5	1	1
381.16922	24.7448	24.7448	24.7837	2	z2:381.1692	1	2	760.32389	381.16922	1.7500e5	1	1
1156.65332	24.3087	24.3087	24.3780	2	z2:1156.6533	1	2	2310.28873	1156.15164	1.7374e5	1	1
664.62640	24.8730	24.8730	24.9125	1	z1:664.6264	1	1	663.61913	664.62640	1.7372e5	1	1
661.31445	24.4332	24.5127	24.5127	1	z1:661.3145	1	1	661.31053	662.31781	1.7362e5	1	1
388.18152	24.1215	24.1215	24.1867	1	z1:388.1815	1	1	387.17424	388.18152	1.7343e5	1	1
353.19217	24.0440	24.0440	24.0783	1	z1:353.1922	1	1	351.18154	352.18881	1.7334e5	1	1
364.19702	24.1867	24.2253	24.2253	2	z2:364.1970	1	2	726.37949	364.19702	1.7313e5	1	1
517.23938	24.6205	24.6205	24.6553	1	z1:517.2394	1	1	516.23210	517.23938	1.7312e5	1	1
651.34668	24.9125	24.9363	24.9363	1	z1:651.3467	1	1	650.33940	651.34668	1.7302e5	1	1
1261.66736	24.3432	24.3432	24.3780	2	z2:1261.6674	1	2	2520.31681	1261.16568	1.7249e5	1	1
363.67368	24.9125	24.9632	24.9632	2	z2:363.6737	1	2	725.33280	363.67368	1.7249e5	1	1
428.23611	24.2253	24.2738	24.2738	1	z1:428.2361	1	1	426.22548	427.23276	1.7187e5	1	1
1358.69360	24.8227	24.9125	24.9125	5	z5:1358.6936	1	5	6784.41822	1357.89092	1.7140e5	1	1
805.36554	24.5127	24.5637	24.5637	3	z3:805.3655	1	3	2412.07143	805.03109	1.7137e5	1	1
1480.68030	24.0783	24.1522	24.1522	1	z1:1480.6803	1	1	1479.67302	1480.68030	1.7133e5	1	1
422.70209	24.9125	24.9125	24.9363	1	z1:422.7021	1	1	421.69481	422.70209	1.7105e5	1	1
747.39148	24.5637	24.5637	24.6553	2	z2:747.3915	1	2	1492.76841	747.39148	1.7070e5	1	1
1235.03003	24.7837	24.8730	24.8730	1	z1:1235.0300	1	1	1234.02275	1235.03003	1.7052e5	1	1
812.34070	24.1522	24.1867	24.1867	1	z1:812.3407	1	1	811.33342	812.34070	1.7041e5	1	1
326.69162	24.4808	24.4808	24.5127	5	z5:326.6916	1	5	1628.42172	326.69162	1.6989e5	1	1
508.23370	24.9125	24.9632	24.9632	2	z2:508.2337	1	2	1014.45285	508.23370	1.6976e5	1	1
579.36029	24.4332	24.4332	24.5127	5	z5:579.3603	1	5	2889.75836	578.95895	1.6938e5	1	1
630.30798	24.0783	24.1215	24.1215	2	z2:630.3080	1	2	1258.60141	630.30798	1.6914e5	1	1
1487.37659	24.1522	24.2253	24.2253	1	z1:1487.3766	1	1	1486.36931	1487.37659	1.6857e5	1	1
1373.68042	24.2253	24.3087	24.3087	4	z4:1373.6804	1	4	5487.68251	1372.92790	1.6845e5	1	1
682.31226	24.8227	24.8730	24.8730	1	z1:682.3123	1	1	681.30498	682.31226	1.6820e5	1	1
558.24957	24.3432	24.3432	24.3780	1	z1:558.2496	1	1	557.24230	558.24957	1.6805e5	1	1
1389.18066	24.1867	24.1867	24.2253	4	z4:1389.1807	1	4	5548.68013	1388.17731	1.6801e5	1	1
426.18445	24.1522	24.1522	24.2253	4	z4:426.1844	1	4	1700.70869	426.18445	1.6719e5	1	1
511.24930	24.0440	24.0440	24.1215	1	z1:511.2493	1	1	510.24202	511.24930	1.6703e5	1	1
983.46210	24.0440	24.0783	24.1215	1	z1:983.4621	1	1	982.45482	983.46210	1.6679e5	1	1
309.68158	24.0783	24.0783	24.1522	2	z2:309.6816	1	2	617.34861	309.68158	1.6662e5	1	1
564.24042	24.2253	24.3087	24.3087	1	z1:564.2404	1	1	563.23314	564.24042	1.6655e5	1	1
544.75684	24.5637	24.6205	24.6205	2	z2:544.7568	1	2	1086.49576	544.25516	1.6622e5	1	1
1132.58569	24.0440	24.1215	24.1215	1	z1:1132.5857	1	1	1131.57842	1132.58569	1.6599e5	1	1
1249.62207	24.1867	24.1867	24.2253	6	z6:1249.6221	1	6	7486.67199	1248.78594	1.6578e5	1	1
1241.65723	24.7837	24.8227	24.8227	4	z4:1241.6572	1	4	4959.58974	1240.90471	1.6570e5	1	1
854.40137	24.1867	24.2253	24.2253	1	z1:854.4014	1	1	853.39409	854.40137	1.6563e5	1	1
534.25104	24.1522	24.1867	24.1867	1	z1:534.2510	1	1	533.24376	534.25104	1.6551e5	1	1
322.19391	24.0783	24.1215	24.1215	1	z1:322.1939	1	1	322.18999	323.19726	1.6475e5	1	1
309.16537	24.8227	24.8227	24.9632	6	z6:309.1654	1	6	1850.95530	309.49983	1.6449e5	1	1
407.24481	24.9125	24.9125	24.9632	4	z4:407.2448	1	4	1624.95014	407.24481	1.6360e5	1	1
338.66721	24.6987	24.7837	24.7837	2	z2:338.6672	1	2	675.31986	338.66721	1.6343e5	1	1
388.71667	24.0440	24.0783	24.0783	1	z1:388.7167	1	1	386.70604	387.71332	1.6340e5	1	1
426.71835	24.9125	24.9125	24.9632	1	z1:426.7184	1	1	424.70772	425.71500	1.6321e5	1	1
318.65500	24.0440	24.0440	24.0783	2	z2:318.6550	1	2	635.29544	318.65500	1.6204e5	1	1
1353.68347	24.1867	24.2253	24.2253	1	z1:1353.6835	1	1	1352.67620	1353.68347	1.6198e5	1	1
791.31622	24.8227	24.8227	24.8730	2	z2:791.3162	1	2	1580.61789	791.31622	1.6065e5	1	1
407.26346	24.2253	24.2253	24.2738	4	z4:407.2635	1	4	1625.02473	407.26346	1.6035e5	1	1
431.69910	24.2738	24.3087	24.3087	4	z4:431.6991	1	4	1722.76728	431.69910	1.6024e5	1	1
369.22345	24.8227	24.8730	24.8730	5	z5:369.2234	1	5	1841.08087	369.22345	1.6008e5	1	1
315.65448	24.7448	24.7448	24.7837	1	z1:315.6545	1	1	314.64720	315.65448	1.5967e5	1	1
586.36511	24.9363	24.9363	24.9632	1	z1:586.3651	1	1	585.35784	586.36511	1.5850e5	1	1
486.23187	24.1215	24.1215	24.1522	1	z1:486.2319	1	1	485.22460	486.23187	1.5738e5	1	1
901.43420	24.7448	24.8227	24.8227	1	z1:901.4342	1	1	900.42693	901.43420	1.5688e5	1	1
669.30908	24.1867	24.2253	24.2253	1	z1:669.3091	1	1	668.30181	669.30908	1.5649e5	1	1
551.25671	24.3432	24.3780	24.3780	1	z1:551.2567	1	1	550.24944	551.25671	1.5592e5	1	1
435.71753	24.0783	24.1522	24.1522	1	z1:435.7175	1	1	434.71025	435.71753	1.5538e5	1	1
414.22052	24.1215	24.1215	24.1522	1	z1:414.2205	1	1	412.20989	413.21717	1.5523e5	1	1
405.20773	24.0440	24.0440	24.1215	4	z4:405.2077	1	4	1616.80183	405.20773	1.5464e5	1	1
437.93045	24.8730	24.9125	24.9125	3	z3:437.9305	1	3	1310.76952	437.93045	1.5428e5	1	1
1139.59570	24.5127	24.5637	24.5637	1	z1:1139.5957	1	1	1138.58843	1139.59570	1.5400e5	1	1
303.66342	24.1215	24.1215	24.1522	2	z2:303.6634	1	2	604.30894	303.16174	1.5341e5	1	1
1409.74304	24.3780	24.3780	24.4332	1	z1:1409.7430	1	1	1407.73241	1408.73969	1.5289e5	1	1
1051.02185	24.0783	24.0783	24.1215	2	z2:1051.0219	1	2	2099.02579	1050.52017	1.5268e5	1	1
387.19800	24.7448	24.8227	24.8227	5	z5:387.1980	1	5	1931.95696	387.39867	1.5265e5	1	1
699.40137	24.7448	24.8227	24.8227	4	z4:699.4014	1	4	2791.56965	698.89969	1.5255e5	1	1
301.67783	24.2738	24.2738	24.3087	2	z2:301.6778	1	2	602.34445	302.17950	1.5200e5	1	1
383.85596	24.2738	24.3087	24.3087	6	z6:383.8560	1	6	2296.08873	383.68873	1.4990e5	1	1
1019.90509	24.7448	24.7448	24.7837	5	z5:1019.9051	1	5	5091.47900	1019.30308	1.4981e5	1	1
398.22772	24.2253	24.2253	24.3087	1	z1:398.2277	1	1	398.22380	399.23108	1.4837e5	1	1
728.30249	24.9363	24.9632	24.9632	5	z5:728.3025	1	5	3634.46936	727.90115	1.4810e5	1	1
430.19324	24.7837	24.8227	24.8227	1	z1:430.1932	1	1	429.18596	430.19324	1.4780e5	1	1
639.29694	24.3432	24.4332	24.4332	1	z1:639.2969	1	1	639.29301	640.30029	1.4746e5	1	1
353.19217	24.4808	24.5127	24.5127	3	z3:353.1922	1	3	1056.55468	353.19217	1.4738e5	1	1
486.29062	24.7837	24.8227	24.8227	4	z4:486.2906	1	4	1942.13672	486.54146	1.4710e5	1	1
1177.09717	24.3432	24.3432	24.4332	6	z6:1177.0972	1	6	7052.52593	1176.42826	1.4682e5	1	1
806.40283	24.1215	24.1215	24.1522	1	z1:806.4028	1	1	805.39556	806.40283	1.4595e5	1	1
349.16159	24.0783	24.1522	24.1522	1	z1:349.1616	1	1	348.15431	349.16159	1.4550e5	1	1
401.21402	24.0440	24.0440	24.0783	1	z1:401.2140	1	1	401.21010	402.21737	1.4542e5	1	1
1429.75293	24.0440	24.0440	24.0783	3	z3:1429.7529	1	3	4284.23025	1429.08403	1.4491e5	1	1
1244.62988	24.4332	24.4808	24.4808	2	z2:1244.6299	1	2	2486.24186	1244.12821	1.4486e5	1	1
1278.63367	24.0440	24.1215	24.1215	4	z4:1278.6337	1	4	5107.49550	1277.88115	1.4409e5	1	1
1344.67712	24.0783	24.0783	24.1522	3	z3:1344.6771	1	3	4029.00283	1344.00822	1.4404e5	1	1
368.20023	24.6987	24.7837	24.7837	1	z1:368.2002	1	1	366.18959	367.19687	1.4399e5	1	1
375.68430	24.5637	24.6205	24.6205	2	z2:375.6843	1	2	748.35068	375.18262	1.4397e5	1	1
1472.86462	24.7837	24.7837	24.8730	4	z4:1472.8646	1	4	5884.41933	1472.11211	1.4354e5	1	1
605.28491	24.3432	24.3432	24.3780	1	z1:605.2849	1	1	604.27764	605.28491	1.4319e5	1	1
462.20795	24.5637	24.6205	24.6205	1	z1:462.2079	1	1	462.20403	463.21130	1.4276e5	1	1
793.34283	24.6553	24.6553	24.7448	2	z2:793.3428	1	2	1584.67112	793.34283	1.4258e5	1	1
1417.69629	24.1522	24.1867	24.1867	1	z1:1417.6963	1	1	1416.68901	1417.69629	1.4257e5	1	1
1256.15698	24.3432	24.3432	24.3780	6	z6:1256.1570	1	6	7527.88817	1255.65531	1.4251e5	1	1
1446.06909	24.1215	24.1215	24.1522	4	z4:1446.0691	1	4	5777.23720	1445.31658	1.4191e5	1	1
1228.59399	24.1522	24.2738	24.2738	4	z4:1228.5940	1	4	4907.33681	1227.84148	1.4153e5	1	1
458.19989	24.6553	24.6987	24.6987	1	z1:458.1999	1	1	457.19261	458.19989	1.4130e5	1	1
1100.08484	24.1867	24.1867	24.2253	1	z1:1100.0848	1	1	1099.07756	1100.08484	1.4031e5	1	1
391.18100	24.5127	24.5637	24.5637	1	z1:391.1810	1	1	391.17708	392.18435	1.3994e5	1	1
828.33270	24.8227	24.8227	24.8730	1	z1:828.3327	1	1	827.32543	828.33270	1.3891e5	1	1
331.14981	24.1867	24.1867	24.2253	1	z1:331.1498	1	1	330.14253	331.14981	1.3874e5	1	1
1399.63721	24.6205	24.6987	24.6987	1	z1:1399.6372	1	1	1398.62993	1399.63721	1.3851e5	1	1
1191.54932	24.1867	24.1867	24.2253	5	z5:1191.5493	1	5	5949.70014	1190.94730	1.3813e5	1	1
337.16409	24.0783	24.1867	24.1867	1	z1:337.1641	1	1	337.16017	338.16745	1.3621e5	1	1
1270.17651	24.0440	24.0440	24.0783	5	z5:1270.1765	1	5	6342.83612	1269.57450	1.3549e5	1	1
483.74197	24.5637	24.6205	24.6205	2	z2:483.7420	1	2	965.46939	483.74197	1.3540e5	1	1
592.25409	24.6553	24.6987	24.6987	1	z1:592.2541	1	1	590.24346	591.25073	1.3492e5	1	1
560.23090	24.6987	24.6987	24.7837	1	z1:560.2309	1	1	559.22362	560.23090	1.3490e5	1	1
380.71411	24.0783	24.1215	24.1215	2	z2:380.7141	1	2	760.41702	381.21579	1.3297e5	1	1
462.21921	24.0783	24.1215	24.1215	2	z2:462.2192	1	2	922.42386	462.21921	1.3271e5	1	1
1343.70874	24.8730	24.9125	24.9125	3	z3:1343.7087	1	3	4026.09768	1343.03984	1.3247e5	1	1
1345.19885	24.3432	24.3432	24.3780	6	z6:1345.1989	1	6	8060.13268	1344.36272	1.3236e5	1	1
355.20334	24.9125	24.9125	24.9363	2	z2:355.2033	1	2	707.38877	354.70166	1.3194e5	1	1
650.28961	24.1867	24.2253	24.2253	1	z1:650.2896	1	1	649.28234	650.28961	1.3193e5	1	1
323.16302	24.0440	24.0440	24.0783	1	z1:323.1630	1	1	321.15239	322.15967	1.3189e5	1	1
1197.59436	24.1522	24.2253	24.2253	5	z5:1197.5944	1	5	5978.92200	1196.79168	1.3159e5	1	1
1222.59570	24.1522	24.2253	24.2253	3	z3:1222.5957	1	3	3662.75857	1221.92680	1.3128e5	1	1
386.21390	24.7448	24.7448	24.7837	2	z2:386.2139	1	2	770.41324	386.21390	1.3078e5	1	1
1308.02380	24.1522	24.1867	24.1867	5	z5:1308.0238	1	5	6531.06922	1307.22112	1.3077e5	1	1
544.35596	24.3087	24.3087	24.3432	2	z2:544.3560	1	2	1086.69736	544.35596	1.3033e5	1	1
312.16632	24.0440	24.0440	24.1215	5	z5:312.1663	1	5	1555.79522	312.16632	1.3006e5	1	1
413.20309	24.1215	24.1522	24.1522	1	z1:413.2031	1	1	412.19582	413.20309	1.2946e5	1	1
1436.65137	24.3432	24.3432	24.3780	3	z3:1436.6514	1	3	4304.92556	1435.98246	1.2946e5	1	1
592.26227	24.8227	24.8730	24.8730	6	z6:592.2623	1	6	3545.52324	591.92782	1.2839e5	1	1
357.19092	24.1522	24.1867	24.1867	3	z3:357.1909	1	3	1068.55092	357.19092	1.2780e5	1	1
335.17410	24.3780	24.4332	24.4332	2	z2:335.1741	1	2	668.33365	335.17410	1.2715e5	1	1
327.65759	24.5127	24.5637	24.5637	2	z2:327.6576	1	2	653.30063	327.65759	1.2707e5	1	1
607.26752	24.3780	24.4332	24.4332	1	z1:607.2675	1	1	606.26024	607.26752	1.2688e5	1	1
1277.97754	24.7837	24.8730	24.8730	1	z1:1277.9775	1	1	1276.97026	1277.97754	1.2646e5	1	1
409.19565	24.8227	24.8227	24.8730	1	z1:409.1956	1	1	409.19173	410.19900	1.2635e5	1	1
338.17572	24.2253	24.2738	24.2738	3	z3:338.1757	1	3	1011.50533	338.17572	1.2610e5	1	1
384.18723	24.3432	24.4332	24.4332	1	z1:384.1872	1	1	383.17995	384.18723	1.2588e5	1	1
520.22351	24.3432	24.3432	24.4332	1	z1:520.2235	1	1	519.21623	520.22351	1.2587e5	1	1
320.67084	24.2738	24.2738	24.3087	2	z2:320.6708	1	2	639.32712	320.67084	1.2443e5	1	1
362.15988	24.5127	24.5637	24.5637	1	z1:362.1599	1	1	361.15261	362.15988	1.2424e5	1	1
1234.65295	24.6987	24.6987	24.7837	1	z1:1234.6530	1	1	1233.64568	1234.65295	1.2396e5	1	1
312.96707	24.1522	24.1522	24.2253	4	z4:312.9671	1	4	1247.83918	312.96707	1.2300e5	1	1
460.71722	24.6205	24.6553	24.6553	1	z1:460.7172	1	1	459.70995	460.71722	1.2240e5	1	1
1145.92310	24.1522	24.2253	24.2253	3	z3:1145.9231	1	3	3431.73739	1144.91974	1.2192e5	1	1
733.46503	24.0783	24.0783	24.1215	4	z4:733.4650	1	4	2927.82429	732.96335	1.2168e5	1	1
509.24606	24.2738	24.2738	24.3087	1	z1:509.2461	1	1	508.23879	509.24606	1.2161e5	1	1
498.27835	24.0440	24.0440	24.0783	1	z1:498.2784	1	1	496.26772	497.27500	1.2070e5	1	1
576.27710	24.7837	24.7837	24.8730	5	z5:576.2771	1	5	2875.34576	576.07643	1.2053e5	1	1
1235.64526	24.8227	24.9125	24.9125	6	z6:1235.6453	1	6	7403.81450	1234.97636	1.2030e5	1	1
1419.69507	24.2738	24.3087	24.3087	1	z1:1419.6951	1	1	1418.68779	1419.69507	1.2024e5	1	1
1244.67139	24.1867	24.1867	24.2253	4	z4:1244.6714	1	4	4971.64638	1243.91887	1.1923e5	1	1
1084.57593	24.7837	24.8730	24.8730	1	z1:1084.5759	1	1	1083.56865	1084.57593	1.1883e5	1	1
473.13013	24.7837	24.8730	24.8730	5	z5:473.1301	1	5	2358.60754	472.72879	1.1805e5	1	1
374.68069	24.1215	24.1215	24.1522	5	z5:374.6807	1	5	1867.36374	374.48002	1.1751e5	1	1
475.25058	24.0783	24.1215	24.1215	1	z1:475.2506	1	1	474.24330	475.25058	1.1705e5	1	1
393.51248	24.6205	24.6205	24.6553	3	z3:393.5125	1	3	1177.51562	393.51248	1.1615e5	1	1
1182.60962	24.1522	24.1867	24.1867	3	z3:1182.6096	1	3	3542.80032	1181.94072	1.1564e5	1	1
1169.58765	24.4332	24.4332	24.5127	1	z1:1169.5876	1	1	1168.58037	1169.58765	1.1523e5	1	1
1423.72571	24.2253	24.2738	24.2738	3	z3:1423.7257	1	3	4266.14858	1423.05680	1.1510e5	1	1
777.32819	24.2738	24.2738	24.3087	3	z3:777.3282	1	3	2327.95937	776.99373	1.1468e5	1	1
1180.96716	24.5127	24.5127	24.5637	5	z5:1180.9672	1	5	5896.78937	1180.36515	1.1436e5	1	1
452.72040	24.1867	24.1867	24.2253	1	z1:452.7204	1	1	451.71312	452.72040	1.1422e5	1	1
727.97583	24.1522	24.1867	24.1867	5	z5:727.9758	1	5	3633.83941	727.77516	1.1314e5	1	1
483.20575	24.9363	24.9363	24.9632	1	z1:483.2057	1	1	482.19847	483.20575	1.1282e5	1	1
1100.55371	24.1867	24.1867	24.2738	1	z1:1100.5537	1	1	1099.54643	1100.55371	1.1226e5	1	1
419.18765	24.8227	24.9125	24.9125	1	z1:419.1877	1	1	417.17702	418.18430	1.1141e5	1	1
861.35559	24.6987	24.7448	24.7448	1	z1:861.3556	1	1	860.34831	861.35559	1.1114e5	1	1
356.65970	24.5127	24.5127	24.5637	5	z5:356.6597	1	5	1778.26211	356.65970	1.1067e5	1	1
385.67819	24.1867	24.1867	24.2253	1	z1:385.6782	1	1	384.67092	385.67819	1.0916e5	1	1
382.17221	24.8227	24.8730	24.8730	6	z6:382.1722	1	6	2283.97954	381.67053	1.0880e5	1	1
331.66727	24.4808	24.5127	24.5127	1	z1:331.6673	1	1	329.65664	330.66391	1.0818e5	1	1
325.64331	24.8227	24.9125	24.9125	2	z2:325.6433	1	2	649.27207	325.64331	1.0796e5	1	1
1321.72388	24.0783	24.1215	24.1215	5	z5:1321.7239	1	5	6599.56958	1320.92119	1.0768e5	1	1
302.14560	24.0440	24.0440	24.0783	1	z1:302.1456	1	1	301.13832	302.14560	1.0762e5	1	1
1265.31580	24.5637	24.6205	24.6205	3	z3:1265.3158	1	3	3790.91885	1264.64689	1.0742e5	1	1
375.68979	24.1215	24.1215	24.1867	5	z5:375.6898	1	5	1872.40921	375.48912	1.0703e5	1	1
326.16351	24.3780	24.3780	24.4808	1	z1:326.1635	1	1	324.15288	325.16016	1.0533e5	1	1
1438.12354	24.5127	24.6205	24.6205	3	z3:1438.1235	1	3	4309.34207	1437.45463	1.0516e5	1	1
327.66656	24.2253	24.2738	24.2738	2	z2:327.6666	1	2	653.31858	327.66656	1.0280e5	1	1
1108.05505	24.1215	24.1867	24.1867	6	z6:1108.0551	1	6	6638.27324	1107.38615	1.0088e5	1	1
500.31863	24.0783	24.1215	24.1215	1	z1:500.3186	1	1	498.30800	499.31528	9.8137e4	1	1
1329.97791	24.1215	24.1215	24.1522	1	z1:1329.9779	1	1	1328.97063	1329.97791	9.6316e4	1	1
1355.36926	24.0783	24.0783	24.1522	6	z6:1355.3693	1	6	8121.15514	1354.53313	9.5370e4	1	1
1274.63525	24.0783	24.1215	24.1215	3	z3:1274.6353	1	3	3818.87722	1273.96635	9.3230e4	1	1
1174.56824	24.0440	24.0783	24.0783	4	z4:1174.5682	1	4	4692.23713	1174.06656	9.2674e4	1	1
1240.92188	24.1867	24.2253	24.2253	1	z1:1240.9219	1	1	1239.91460	1240.92188	9.2116e4	1	1
455.22385	24.0440	24.0440	24.0783	1	z1:455.2238	1	1	453.21322	454.22049	9.1991e4	1	1
478.27136	24.1522	24.1522	24.2253	1	z1:478.2714	1	1	476.26073	477.26801	9.0349e4	1	1
504.22516	24.1215	24.1522	24.1522	1	z1:504.2252	1	1	503.21788	504.22516	8.7695e4	1	1
313.17426	24.0783	24.0783	24.1215	2	z2:313.1743	1	2	624.33396	313.17426	8.7125e4	1	1
314.16394	24.0783	24.0783	24.1215	2	z2:314.1639	1	2	626.31333	314.16394	8.4308e4	1	1
355.68188	24.1215	24.1522	24.1522	3	z3:355.6819	1	3	1064.02382	355.68188	8.4096e4	1	1
1137.09961	24.0440	24.0783	24.0783	4	z4:1137.0996	1	4	4542.36262	1136.59793	8.3237e4	1	1
373.18488	24.1522	24.1867	24.1867	1	z1:373.1849	1	1	373.18095	374.18823	8.3135e4	1	1
