file_name	base_sequence	modified_sequence	monoisotopic_mass	ms2_retention_time	precursor_charge	peak_intensity	peak_rt_start	peak_rt_apex	peak_rt_end	peak_mz	apex_charge	apex_scan_index	apex_pearson	num_charge_states	mass_error	split_rt	num_ids_by_full_seq	detection_type	decoy
20100614_Velos1_TaGe_SA_K562_3	ADDGRPFPQVIK	ADDGRPFPQVIK	1341.7041	82.92144	3	78594.51822916667	82.7603530883789	82.87202453613281	82.93585205078125	448.24127197265625	3	71	0.9013420950800258	2	-1.5297318624033467	0	1	MSMS	False
20100614_Velos1_TaGe_SA_K562_3	ADEWLMK	ADEWLMK	891.41604	82.29547	2	12345041.75	81.95885467529297	82.33735656738281	82.62435913085938	446.71429443359375	2	61	0.9986867089911629	1	-2.2481832056862063	0	1	MSMS	False
20100614_Velos1_TaGe_SA_K562_3	ADWWTNTAHYNR	ADWWTNTAHYNR	1533.67492	82.04129	2	183475.724609375	81.91218566894531	82.05219268798828	82.19935607910156	767.8402099609375	2	55	0.9924363193241909	2	-5.902823189543618	0	1	MSMS	False
20100614_Velos1_TaGe_SA_K562_3	ADWWTNTAHYNR	ADWWTNTAHYNR	1533.67492	81.98999	3	22589.15149444502	82.14552307128906	82.14552307128906	82.14552307128906	512.2288818359375	3	57	1	1	-6.588027679567145	0	1	MSMS	False
20100614_Velos1_TaGe_SA_K562_3	AELDNELMEGK	AELDNELMEGK	1247.57037	81.96911	2	1692048.671875	81.95885467529297	81.95885467529297	82.09685516357422	624.78955078125	2	53	0.997911632636174	1	-4.666166653172431	0	1	MSMS	False
20100614_Velos1_TaGe_SA_K562_3	AELMEISEDK	AELMEISEDK	1163.53801	79.80551	2	3689533.71875	79.74652099609375	79.89068603515625	80.03868865966797	582.7735595703125	2	15	0.9945119331078337	1	-4.67865517608143	0	1	MSMS	False
20100614_Velos1_TaGe_SA_K562_3	AFLIEEQK	AFLIEEQK	976.52295	81.69999	2	1269386.7262130056	81.34385681152344	81.50985717773438	81.7266845703125	489.2668151855469	2	44	1	1	-3.9656647743179563	0	1	MSMS	False
20100614_Velos1_TaGe_SA_K562_3	AHQLVMEGYNWCHDR	AHQLVMEGYNWC[Common Fixed:Carbamidomethyl on C]HDR	1914.82537	79.12191	3	1930193.1312669914	79.08135223388672	79.1786880493164	79.84535217285156	639.615234375	3	3	1	3	-2.220820139947596	0	1	MSMS	False
20100614_Velos1_TaGe_SA_K562_3	AHTMTDDVTFWK	AHTM[Common Variable:Oxidation on M]TDDVTFWK	1466.65002	81.69999	3	1114123.478734597	81.39552307128906	81.62085723876953	81.7266845703125	734.3265991210938	2	46	1.0000000000000002	2	-7.755559550860949	0	1	MSMS	False
20100614_Velos1_TaGe_SA_K562_3	AINQGGLTSVAVR	AINQGGLTSVAVR	1284.715	81.20247	2	277943.6403854912	81.1230239868164	81.2440185546875	81.2933578491211	643.359375	2	39	0.9999999999999999	1	-8.408817331282888	0	1	MSMS	False
20100614_Velos1_TaGe_SA_K562_3	ALDAAFYK	ALDAAFYK	897.45962	80.27317	2	690971.58203125	80.20352172851562	80.32585144042969	80.44769287109375	449.7364501953125	2	23	0.997604257586647	1	-1.417939152308104	0	1	MSMS	False
20100614_Velos1_TaGe_SA_K562_3	ALGDFDYK	ALGDFDYK	927.4338	80.75644	2	255413.775390625	80.55402374267578	80.88568878173828	81.77185821533203	464.722412109375	2	33	0.9896318550747019	1	-3.804816050331817	0	1	MSMS	False
20100614_Velos1_TaGe_SA_K562_3	ALSQLAEVEEK	ALSQLAEVEEK	1215.63468	79.95396	2	0	NaN	NaN	NaN	NaN	-1	-1	NaN	0	NaN	0	1	MSMS	False
20100614_Velos1_TaGe_SA_K562_3	ALYESELADAR	ALYESELADAR	1236.59863	80.39811	2	401751.98828125	80.266357421875	80.32585144042969	80.38685607910156	619.3035888671875	2	23	0.9575824769388919	1	-4.856223545246596	0	1	MSMS	False
20100614_Velos1_TaGe_SA_K562_3	ANTFVAELK	ANTFVAELK	991.53385	82.25723	2	1868103.5625	82.19935607910156	82.28885650634766	82.38902282714844	496.7727355957031	2	60	0.9985771631208987	1	-2.956774851140081	0	1	MSMS	False
20100614_Velos1_TaGe_SA_K562_3	ASFNHFDKDHGGALGPEEFK	ASFNHFDKDHGGALGPEEFK	2202.01303	79.86238	3	3944174.46875	79.74652099609375	80.32585144042969	80.82652282714844	551.7596435546875	4	23	0.9994094612282435	4	-2.9247608389845454	81.50985717773438	1	MSMS	False
20100614_Velos1_TaGe_SA_K562_3	AYHMVCLDPDMEK	AYHMVC[Common Fixed:Carbamidomethyl on C]LDPDM[Common Variable:Oxidation on M]EK	1623.67314	79.34349	3	150375.19058747205	79.24468994140625	79.30785369873047	79.36185455322266	542.2293701171875	3	5	0.9905825102233922	2	-4.224402624897701	0	1	MSMS	False
20100614_Velos1_TaGe_SA_K562_3	CIFYDTEHLK	C[Common Fixed:Carbamidomethyl on C]IFYDTEHLK	1324.61217	82.41687	3	518029.0525647595	82.38902282714844	82.38902282714844	82.43335723876953	663.3114013671875	2	62	1	2	-2.959507297274714	0	1	MSMS	False
20100614_Velos1_TaGe_SA_K562_3	DCYLLEEK	DC[Common Fixed:Carbamidomethyl on C]YLLEEK	1068.47976	81.35434	2	151328.9208984375	81.1230239868164	81.2440185546875	81.50985717773438	535.2427368164062	2	39	0.9912716883593182	1	-8.27278276687521	0	1	MSMS	False
20100614_Velos1_TaGe_SA_K562_3	DEESGGGSNPFQHLEK	DEESGGGSNPFQHLEK	1729.75436	79.06501	2	646556.0502595853	79.00918579101562	79.24468994140625	79.36185455322266	577.5891723632812	3	4	1	2	-4.978322839505466	0	1	MSMS	False
20100614_Velos1_TaGe_SA_K562_3	DEFSHQVQEWNR	DEFSHQVQEWNR	1573.69097	79.73909	3	64471.42907543079	79.5363540649414	79.60685729980469	79.74652099609375	525.5704345703125	3	10	0.8064574443221466	2	-0.950434188084644	0	1	MSMS	False
20100614_Velos1_TaGe_SA_K562_3	DGHTWDIGDVQK	DGHTWDIGDVQK	1369.62624	80.78994	3	122612.71233411554	80.71051788330078	80.76435852050781	80.96118927001953	685.8181762695312	2	31	1	2	-3.2420484988616165	0	1	MSMS	False
20100614_Velos1_TaGe_SA_K562_3	DIQHWESLKPEER	DIQHWESLKPEER	1665.81108	80.18975	3	70908.28718797465	80.38685607910156	80.38685607910156	80.55402374267578	556.2771606445312	3	24	1	2	-0.8202802246554696	0	1	MSMS	False
20100614_Velos1_TaGe_SA_K562_3	DISLSDYK	DISLSDYK	939.45493	80.09623	2	19310882.125	79.36185455322266	80.266357421875	81.50985717773438	470.7335205078125	2	22	0.9999999204207703	1	-2.599292477974351	0	1	MSMS	False
20100614_Velos1_TaGe_SA_K562_3	DLELEQYK	DLELEQYK	1036.50769	82.78874	2	241763.228515625	82.62435913085938	82.7603530883789	82.93585205078125	519.259765625	2	69	0.9944655664788938	1	-2.6161733136583867	0	1	MSMS	False
20100614_Velos1_TaGe_SA_K562_3	DLFPYEESKEK	DLFPYEESKEK	1383.65581	82.08743	2	1506585.421875	82.14552307128906	82.14552307128906	82.24385833740234	692.8330688476562	2	57	0.9988670535254759	2	-3.0536773777160273	0	1	MSMS	False
20100614_Velos1_TaGe_SA_K562_3	DNAMLEYLK	DNAM[Common Variable:Oxidation on M]LEYLK	1111.52196	81.75851	2	320112.1901598264	81.6788558959961	81.6788558959961	81.77185821533203	556.7681884765625	2	47	1	1	-0.12233733385153014	0	1	MSMS	False
20100614_Velos1_TaGe_SA_K562_3	DNSTMGYMMAK	DNSTMGYMMAK	1247.49847	80.22794	2	7883879.5625	80.20352172851562	80.50435638427734	81.7266845703125	624.754150390625	2	26	0.9993210978841565	1	-3.7852972337602155	0	1	MSMS	False
20100614_Velos1_TaGe_SA_K562_3	DSIPSEVDYETR	DSIPSEVDYETR	1409.63105	81.15199	2	301216.55078125	81.1230239868164	81.18818664550781	81.18818664550781	705.8204956054688	2	38	0.9948935446422321	1	-3.2715814684470628	0	1	MSMS	False
20100614_Velos1_TaGe_SA_K562_3	DSSLLESDMK	DSSLLESDMK	1123.50671	80.47133	2	213115.0906246776	80.38685607910156	80.50435638427734	80.50435638427734	562.7569580078125	2	26	1	1	-6.539273924924066	0	1	MSMS	False
20100614_Velos1_TaGe_SA_K562_3	DVQNFPAATDEKDKFVEK	DVQNFPAATDEKDKFVEK	2080.0113	81.79099	4	371571.5672196096	81.6788558959961	81.82218933105469	81.95885467529297	521.2592163085938	4	50	1	2	-3.1082166388534667	0	1	MSMS	False
20100614_Velos1_TaGe_SA_K562_3	EAGDVCYADVYR	EAGDVC[Common Fixed:Carbamidomethyl on C]YADVYR	1416.59798	79.14619	2	14551137.4375	79.1326904296875	79.36185455322266	80.66535186767578	709.3045654296875	2	6	0.999345007756754	1	-2.401580710340389	0	1	MSMS	False
20100614_Velos1_TaGe_SA_K562_3	EALLSSAVDHGSDEVK	EALLSSAVDHGSDEVK	1655.80024	80.84031	2	20392.320056500714	81.50985717773438	81.50985717773438	81.50985717773438	828.9060668945312	2	44	1	1	-1.6059574285355973	0	1	MSMS	False
20100614_Velos1_TaGe_SA_K562_3	EAQEAEAFALYHK	EAQEAEAFALYHK	1505.71506	82.28319	3	224572.45833333334	82.14552307128906	82.24385833740234	82.38902282714844	502.9110412597656	3	59	0.9916928762766077	2	-2.4806179211509165	0	1	MSMS	False
20100614_Velos1_TaGe_SA_K562_3	EAQNSHVYWWR	EAQNSHVYWWR	1474.6742	82.11454	2	999231.0989583334	82.05219268798828	82.09685516357422	82.33735656738281	492.5623474121094	3	56	0.9973921492710212	2	-6.115033332051759	0	1	MSMS	False
20100614_Velos1_TaGe_SA_K562_3	ECYLEGDQTSLYHAAK	EC[Common Fixed:Carbamidomethyl on C]YLEGDQTSLYHAAK	1883.83598	81.08195	3	683872.7083333334	81.06218719482422	81.1230239868164	81.18818664550781	628.9519653320312	3	37	0.9993031518884483	2	-0.9832965324426218	0	1	MSMS	False
20100614_Velos1_TaGe_SA_K562_3	EDEFSPLK	EDEFSPLK	963.45493	79.94724	2	1099031.03125	79.79920196533203	79.93352508544922	80.03868865966797	482.7341003417969	2	16	0.9966069103115542	1	-1.330887542601417	0	1	MSMS	False
20100614_Velos1_TaGe_SA_K562_3	EEECHFYAGGQVYPGEASR	EEEC[Common Fixed:Carbamidomethyl on C]HFYAGGQVYPGEASR	2184.91708	80.98251	3	936059.1953125	80.88568878173828	81.01019287109375	82.14552307128906	729.64306640625	3	35	0.9991059427728658	2	-5.7493564883203625	0	1	MSMS	False
20100614_Velos1_TaGe_SA_K562_3	EELEEVIK	EELEEVIK	987.51244	80.47541	2	3587303.7564616124	80.44769287109375	80.61468505859375	81.6788558959961	494.7626647949219	2	28	1	1	-1.6843776813048015	0	1	MSMS	False
20100614_Velos1_TaGe_SA_K562_3	EELLDHLEK	EELLDHLEK	1124.57135	81.57397	2	745759.0078125	81.50985717773438	81.62085723876953	81.77185821533203	563.2919311523438	2	46	0.9999006263461458	2	-1.8145839037064795	0	1	MSMS	False
20100614_Velos1_TaGe_SA_K562_3	EEMHLEDSANFIK	EEM[Common Variable:Oxidation on M]HLEDSANFIK	1577.70317	80.21863	3	314567.8996854144	80.14669036865234	80.266357421875	80.38685607910156	789.8526000976562	2	22	1.0000000000000002	2	-7.937322231114628	0	1	MSMS	False
20100614_Velos1_TaGe_SA_K562_3	EESESVLTLK	EESESVLTLK	1133.58158	82.1772	2	190024.080078125	82.05219268798828	82.19935607910156	82.24385833740234	567.7936401367188	2	58	0.9971558693535393	1	-7.809460277750077	0	1	MSMS	False
20100614_Velos1_TaGe_SA_K562_3	EEVVLLTHGDSVDK	EEVVLLTHGDSVDK	1539.77805	81.8427	2	675824.0216971914	81.77185821533203	81.82218933105469	81.91218566894531	514.2626953125	3	50	0.9991056290765404	2	-7.659196815334889	0	1	MSMS	False
20100614_Velos1_TaGe_SA_K562_3	EEYQLVQVEQK	EEYQLVQVEQK	1391.69326	81.82866	2	172023.8515625	81.77185821533203	81.77185821533203	81.77185821533203	696.8533325195312	2	49	0.9510186755618231	1	-0.8248187503456283	0	1	MSMS	False
20100614_Velos1_TaGe_SA_K562_3	EGVDESFIK	EGVDESFIK	1022.49204	81.50252	2	432944.0927997681	81.4566879272461	81.50985717773438	81.50985717773438	512.250732421875	2	44	1	1	-5.0152859946131665	0	1	MSMS	False
20100614_Velos1_TaGe_SA_K562_3	EGVVECSFVK|EYQELMNVK	EGVVEC[Common Fixed:Carbamidomethyl on C]SFVK|EYQELMNVK	1152.54851	79.90102	2	691906.8984375	79.24468994140625	79.30785369873047	80.03868865966797	577.2799072265625	2	5	0.998898098206964	1	-2.8185196585950054	80.14669036865234	2	MSMS	False
20100614_Velos1_TaGe_SA_K562_3	EHGTDFFDKDGVMK	EHGTDFFDKDGVMK	1624.71916	81.3074	3	470775.3880208333	81.2933578491211	81.34385681152344	81.56285858154297	542.5777587890625	3	41	0.9976829524893156	2	-4.747302573426375	0	1	MSMS	False
20100614_Velos1_TaGe_SA_K562_3	EHYMELVYR	EHYMELVYR	1238.57539	82.84989	3	157976.3290269771	82.68968963623047	82.93585205078125	82.93585205078125	413.8639831542969	3	72	0.8655832024109601	1	-4.279477347324904	0	1	MSMS	False
20100614_Velos1_TaGe_SA_K562_3	EIAQDFKTDLR	EIAQDFKTDLR	1334.68303	80.13498	2	0	NaN	NaN	NaN	NaN	-1	-1	NaN	0	NaN	0	1	MSMS	False
20100614_Velos1_TaGe_SA_K562_3	EIDELIK	EIDELIK	858.46985	82.59339	2	2751556.875	82.57618713378906	82.62435913085938	82.87202453613281	430.2415466308594	2	67	0.9997419884031855	1	-1.5255888592428548	0	1	MSMS	False
20100614_Velos1_TaGe_SA_K562_3	ELHSWEPEPDVR	ELHSWEPEPDVR	1492.69466	79.79297	3	1275643.9270053161	79.74652099609375	79.84535217285156	79.93352508544922	498.57208251953125	3	14	1.0000000000000002	2	-0.12112784464175146	0	1	MSMS	False
20100614_Velos1_TaGe_SA_K562_3	ELLTLDEKDPR	ELLTLDEKDPR	1327.69835	81.64797	2	978228.0765685647	81.6788558959961	81.6788558959961	81.6788558959961	664.8565673828125	2	47	1	1	0.1746118514348196	0	1	MSMS	False
20100614_Velos1_TaGe_SA_K562_3	ELLTLDEKDPR	ELLTLDEKDPR	1327.69835	81.68926	3	1725268.2708333333	81.62085723876953	81.7266845703125	81.86952209472656	443.5707092285156	3	48	0.998730433469456	2	-6.041430654696542	0	1	MSMS	False
20100614_Velos1_TaGe_SA_K562_3	ELPEQLQEHAIEDK	ELPEQLQEHAIEDK	1677.82098	82.25401	3	2145821.3958333335	82.14552307128906	82.28885650634766	82.43335723876953	560.2787475585938	3	60	0.9984025702661321	1	-3.9502188202339386	0	1	MSMS	False
20100614_Velos1_TaGe_SA_K562_3	ELPEQLQEHAIEDK	ELPEQLQEHAIEDK	1677.82098	82.26056	2	0	NaN	NaN	NaN	NaN	-1	-1	NaN	0	NaN	0	1	MSMS	False
20100614_Velos1_TaGe_SA_K562_3	EPSFDWK	EPSFDWK	907.40758	82.7981	2	163494.671875	82.57618713378906	82.93585205078125	82.93585205078125	454.7100524902344	2	72	0.9990045129325386	1	-2.234886873280595	0	1	MSMS	False
20100614_Velos1_TaGe_SA_K562_3	EQDYLCHVYVR	EQDYLC[Common Fixed:Carbamidomethyl on C]HVYVR	1480.6769	82.34797	3	635483.5677083334	82.28885650634766	82.33735656738281	82.43335723876953	494.5631408691406	3	61	0.9983222060967424	2	-6.264888468708977	0	1	MSMS	False
20100614_Velos1_TaGe_SA_K562_3	ESYYQLMK	ESYYQLMK	1060.48993	80.41222	2	4000190.5625	80.38685607910156	80.50435638427734	81.2440185546875	531.2513427734375	2	26	0.9999977025303366	1	-1.694864639402471	0	1	MSMS	False
20100614_Velos1_TaGe_SA_K562_3	ETGEAGWWR	ETGEAGWWR	1090.48321	82.07306	2	406248.98549582076	82.00302124023438	82.14552307128906	82.28885650634766	546.2488403320312	2	57	1	1	-0.07544333987509821	0	1	MSMS	False
20100614_Velos1_TaGe_SA_K562_3	ETTIDGEELVK	ETTIDGEELVK	1232.61361	81.78658	2	642368.5234375	81.7266845703125	81.82218933105469	81.86952209472656	617.3113403320312	2	50	0.9905040684683406	1	-4.44767902220082	0	1	MSMS	False
20100614_Velos1_TaGe_SA_K562_3	ETYLDLDSK	ETYLDLDSK	1082.51317	82.4616	2	379364.625	82.38902282714844	82.38902282714844	82.52835845947266	542.2627563476562	2	62	0.9868174233572377	1	-2.0417658710921955	0	1	MSMS	False
20100614_Velos1_TaGe_SA_K562_3	EVGVYEALK	EVGVYEALK	1006.53351	81.58648	2	418022.52734375	81.50985717773438	81.62085723876953	81.62085723876953	504.2729797363281	2	46	0.9999817833203102	1	-2.0898073248553817	0	1	MSMS	False
20100614_Velos1_TaGe_SA_K562_3	EYDVPYHIR	EYDVPYHIR	1190.57202	79.88459	2	299995.861328125	79.84535217285156	79.84535217285156	79.93352508544922	596.2915649414062	2	14	0.9867697886771464	2	-2.8919300032216784	0	1	MSMS	False
20100614_Velos1_TaGe_SA_K562_3	EYGMIYLGK	EYGM[Common Variable:Oxidation on M]IYLGK	1088.52123	81.9937	2	527858.8046875	81.18818664550781	81.95885467529297	82.05219268798828	545.2662353515625	2	53	0.9791278939923631	1	-3.042871872262804	0	1	MSMS	False
20100614_Velos1_TaGe_SA_K562_3	EYWMDPEGEMKPGR	EYWM[Common Variable:Oxidation on M]DPEGEMKPGR	1739.72834	81.47094	3	157719.75667247523	81.6788558959961	81.6788558959961	81.6788558959961	580.9124755859375	3	47	1	1	-7.324501493233484	0	1	MSMS	False
20100614_Velos1_TaGe_SA_K562_3	EYWMDPEGEMKPGR	EYWM[Common Variable:Oxidation on M]DPEGEMKPGR	1739.72834	81.54083	2	0	NaN	NaN	NaN	NaN	-1	-1	NaN	0	NaN	0	1	MSMS	False
20100614_Velos1_TaGe_SA_K562_3	FADFMVK	FADFM[Common Variable:Oxidation on M]VK	872.41023	80.10434	2	95289.50341796875	80.20352172851562	80.20352172851562	80.20352172851562	437.20953369140625	2	21	0.9999234536228785	1	-6.551448789648583	0	1	MSMS	False
20100614_Velos1_TaGe_SA_K562_3	FASFIDK	FASFIDK	826.4225	82.22	2	1571616.0625	82.14552307128906	82.24385833740234	82.33735656738281	414.2172546386719	2	59	0.9999529127152551	1	-3.077912828145744	0	1	MSMS	False
20100614_Velos1_TaGe_SA_K562_3	FDEVLYK	FDEVLYK	912.45928	79.76071	2	729009.0352392439	79.6796875	79.84535217285156	80.03868865966797	457.2333984375	2	14	1	1	-7.711093428727963	0	1	MSMS	False
20100614_Velos1_TaGe_SA_K562_3	FDHYLNPYYK	FDHYLNPYYK	1358.62954	81.47851	2	0	NaN	NaN	NaN	NaN	-1	-1	NaN	0	NaN	0	1	MSMS	False
20100614_Velos1_TaGe_SA_K562_3	FDQLLAEEK	FDQLLAEEK	1091.54989	80.52652	2	716063.046875	80.50435638427734	80.61468505859375	81.39552307128906	546.77978515625	2	28	0.9991046757374118	1	-4.463947367603321	0	1	MSMS	False
20100614_Velos1_TaGe_SA_K562_3	FEAGQFEPSETTAK	FEAGQFEPSETTAK	1540.70455	79.98882	2	395567.46934282285	79.97835540771484	79.97835540771484	80.14669036865234	771.3568725585938	2	17	0.9989097282797971	1	-3.4775107078560006	0	1	MSMS	False
20100614_Velos1_TaGe_SA_K562_3	FEDHEGLPTVVK	FEDHEGLPTVVK	1369.68778	82.046	3	183242.14583333334	81.95885467529297	82.05219268798828	82.14552307128906	457.5697021484375	3	55	0.9985987394092923	2	-0.36720436002674745	0	1	MSMS	False
20100614_Velos1_TaGe_SA_K562_3	FENNELFAK	FENNELFAK	1110.53457	80.9899	2	263423.6191548596	80.55402374267578	80.96118927001953	80.96118927001953	556.2721557617188	2	34	1.0000000000000002	1	-4.332517375277727	0	1	MSMS	False
20100614_Velos1_TaGe_SA_K562_3	FFEEVNDPAK	FFEEVNDPAK	1194.5557	82.45021	2	707072.921875	82.38902282714844	82.48052978515625	82.68968963623047	598.2823486328125	2	64	0.9906405480167092	1	-4.650823844343359	0	1	MSMS	False
20100614_Velos1_TaGe_SA_K562_3	FFYSDQNVDSR	FFYSDQNVDSR	1376.59969	79.43883	2	622528.5450852152	79.42035675048828	79.47769165039062	79.84535217285156	689.305419921875	2	8	1	1	-2.4720984849836225	0	1	MSMS	False
20100614_Velos1_TaGe_SA_K562_3	FGDPVVQSDMK	FGDPVVQSDMK	1221.56997	79.10705	2	0	NaN	NaN	NaN	NaN	-1	-1	NaN	0	NaN	0	1	MSMS	False
20100614_Velos1_TaGe_SA_K562_3	FGHDWDPTCMK	FGHDWDPTC[Common Fixed:Carbamidomethyl on C]MK	1392.55909	82.72287	2	1140307.359375	82.57618713378906	82.93585205078125	82.93585205078125	465.19207763671875	3	72	0.9929921396312119	2	-3.409209469853101	0	1	MSMS	False
20100614_Velos1_TaGe_SA_K562_3	FGNICVVR	FGNIC[Common Fixed:Carbamidomethyl on C]VVR	963.49602	81.66335	2	139705.0205078125	81.56285858154297	81.6788558959961	81.77185821533203	482.7541198730469	2	47	0.9956734683695679	1	-2.4215851606345113	0	1	MSMS	False
20100614_Velos1_TaGe_SA_K562_3	FGSFTYATTEK	FGSFTYATTEK	1250.58192	81.7164	2	305336.38671875	81.6788558959961	81.6788558959961	81.6788558959961	626.2967529296875	2	47	0.9265827929082776	1	-2.372554996757228	0	1	MSMS	False
20100614_Velos1_TaGe_SA_K562_3	FGYLEGQEYR	FGYLEGQEYR	1260.5775	82.56088	2	305643.4765625	82.52835845947266	82.52835845947266	82.52835845947266	631.29443359375	2	65	0.9986090662262818	1	-2.527211740603804	0	1	MSMS	False
20100614_Velos1_TaGe_SA_K562_3	FHWEQDQIAHMK	FHWEQDQIAHMK	1568.71943	79.89699	3	0	NaN	NaN	NaN	NaN	-1	-1	NaN	0	NaN	0	1	MSMS	False
20100614_Velos1_TaGe_SA_K562_3	FLEEHPGGEEVLR	FLEEHPGGEEVLR	1510.74161	82.30952	3	704112.8203125	82.09685516357422	82.38902282714844	82.68968963623047	504.5854187011719	3	62	0.9934401918132792	2	-4.775015563068893	0	1	MSMS	False
20100614_Velos1_TaGe_SA_K562_3	FLGGDMEHTHLVK	FLGGDMEHTHLVK	1482.72893	80.18474	4	153300.9765625	80.03868865966797	80.14669036865234	80.20352172851562	495.24945068359375	3	20	0.9940685537180374	2	-1.6647581104070162	0	1	MSMS	False
20100614_Velos1_TaGe_SA_K562_3	FLHPEVTETMEK	FLHPEVTETMEK	1459.70172	80.56517	3	62659.283796763804	80.71051788330078	80.71051788330078	80.76435852050781	487.5704040527344	3	30	0.9905933732032849	1	-8.47279950592357	0	1	MSMS	False
20100614_Velos1_TaGe_SA_K562_3	FLTGYEVK	FLTGYEVK	955.50148	81.60742	2	156895.3974609375	81.2933578491211	81.62085723876953	81.7266845703125	478.7559509277344	2	46	0.9951333508617707	1	-4.323466133427296	0	1	MSMS	False
20100614_Velos1_TaGe_SA_K562_3	FNLTYVSHDGDDK	FNLTYVSHDGDDK	1509.67359	79.94396	3	3227350.0946983797	79.89068603515625	80.32585144042969	82.57618713378906	755.8372192382812	2	23	0.9995028093181276	2	-9.07776176681487	0	1	MSMS	False
20100614_Velos1_TaGe_SA_K562_3	FNLTYVSHDGDDK	FNLTYVSHDGDDK	1509.67359	82.54893	2	1072223.0833333333	82.43335723876953	82.48052978515625	82.57618713378906	504.2301940917969	3	64	0.9928081250626517	2	-3.2243015025470645	82.24385833740234	1	MSMS	False
20100614_Velos1_TaGe_SA_K562_3	FSELVMK	FSELVMK	852.44153	79.27995	2	120758.58310307596	79.1326904296875	79.24468994140625	79.47769165039062	427.2265625	2	4	1	1	-3.4699550101670793	0	1	MSMS	False
20100614_Velos1_TaGe_SA_K562_3	FVSEDDRNSFTLK	FVSEDDRNSFTLK	1556.74709	80.48547	3	0	NaN	NaN	NaN	NaN	-1	-1	NaN	0	NaN	0	1	MSMS	False
20100614_Velos1_TaGe_SA_K562_3	FYQASTSELYGK	FYQASTSELYGK	1392.65615	80.16096	2	723341.5234375	80.03868865966797	80.14669036865234	80.66535186767578	697.3330688476562	2	20	0.9983888611857349	1	-3.2780801243480306	0	1	MSMS	False
20100614_Velos1_TaGe_SA_K562_3	GDNIYEWR	GDNIYEWR	1051.47231	81.03258	2	1679480.875	80.96118927001953	81.1230239868164	81.91218566894531	526.7422485351562	2	37	0.9994120902503382	1	-2.2500482637034525	0	1	MSMS	False
20100614_Velos1_TaGe_SA_K562_3	GGAAVDPDSGLEHSAHVLEK	GGAAVDPDSGLEHSAHVLEK	1987.95993	80.68256	4	946862.1029520972	80.61468505859375	80.76435852050781	81.01019287109375	663.9895629882812	3	31	1	3	-7.971798531304989	0	1	MSMS	False
20100614_Velos1_TaGe_SA_K562_3	GSEFMFEK	GSEFMFEK	973.42152	82.53856	2	2663469.59375	82.48052978515625	82.57618713378906	82.62435913085938	487.71685791015625	2	66	0.9977449015440913	1	-2.4214725038416463	0	1	MSMS	False
20100614_Velos1_TaGe_SA_K562_3	GYAFNHSADFETVR	GYAFNHSADFETVR	1612.72702	82.31301	3	951077.2833255559	82.05219268798828	82.33735656738281	82.43335723876953	807.3724365234375	2	61	1	2	2.0462936852886724	0	1	MSMS	False
20100614_Velos1_TaGe_SA_K562_3	GYAFVQYSNER	GYAFVQYSNER	1332.60986	81.37951	2	285657.24912117695	81.34385681152344	81.34385681152344	81.50985717773438	667.3114624023438	2	41	1	1	-1.116702731260742	0	1	MSMS	False
20100614_Velos1_TaGe_SA_K562_3	GYCYVEFK	GYC[Common Fixed:Carbamidomethyl on C]YVEFK	1064.46372	82.10728	2	926020.78125	82.00302124023438	82.09685516357422	82.14552307128906	533.2367553710938	2	56	0.9999365628350145	1	-4.473794156681003	0	1	MSMS	False
20100614_Velos1_TaGe_SA_K562_3	GYGFGMVK	GYGFGMVK	857.41056	81.54551	2	252664.369140625	81.50985717773438	81.62085723876953	81.6788558959961	429.71270751953125	2	46	0.999994105645694	1	0.35234614385100865	0	1	MSMS	False
20100614_Velos1_TaGe_SA_K562_3	HDDYLVMLK	HDDYLVM[Common Variable:Oxidation on M]LK	1148.5536	81.07303	2	42058.521407594926	81.34385681152344	81.34385681152344	81.34385681152344	575.283447265625	2	41	1	1	-1.095641081120347	0	1	MSMS	False
20100614_Velos1_TaGe_SA_K562_3	HDVGAYMLMYK	HDVGAYM[Common Variable:Oxidation on M]LMYK	1342.60498	79.72464	2	155034.248046875	79.6796875	79.84535217285156	79.97835540771484	672.3082885742188	2	14	0.9701202333446451	1	-2.2015301333360204	0	1	MSMS	False
20100614_Velos1_TaGe_SA_K562_3	HEKEDGAISTIVLR	HEKEDGAISTIVLR	1566.83657	79.69536	3	108929.02115885417	79.5363540649414	79.6796875	79.79920196533203	523.2837524414062	3	11	0.9914442398868117	2	-4.519323455331344	0	1	MSMS	False
20100614_Velos1_TaGe_SA_K562_3	HEVININLK	HEVININLK	1078.61349	80.05925	2	326527.1875	80.03868865966797	80.03868865966797	80.14669036865234	540.3121337890625	2	18	0.999906702493139	1	-3.500193227508283	0	1	MSMS	False
20100614_Velos1_TaGe_SA_K562_3	HFSGLEEAVYR	HFSGLEEAVYR	1306.6306	81.30373	2	6746723.3125	81.2933578491211	81.56285858154297	82.38902282714844	654.3231201171875	2	45	0.9999990210834158	2	0.8321407880701144	82.52835845947266	1	MSMS	False
20100614_Velos1_TaGe_SA_K562_3	HLTYNDFINK	HLTYNDFINK	1263.62479	81.84634	2	0	NaN	NaN	NaN	NaN	-1	-1	NaN	0	NaN	0	1	MSMS	False
20100614_Velos1_TaGe_SA_K562_3	HYLFDVQR	HYLFDVQR	1076.54033	82.47406	2	330354.01953125	82.33735656738281	82.38902282714844	82.48052978515625	539.2745361328125	2	62	0.9960800898437229	1	-5.397538736991177	0	1	MSMS	False
20100614_Velos1_TaGe_SA_K562_3	HYPSIHGDFSNDFR	HYPSIHGDFSNDFR	1690.74882	81.40628	3	239097.20182291666	81.2933578491211	81.39552307128906	81.95885467529297	564.587158203125	3	42	0.9622292598778348	3	-5.426466163357662	0	1	MSMS	False
20100614_Velos1_TaGe_SA_K562_3	IAQLEEQLDNETK	IAQLEEQLDNETK	1529.75732	82.88274	2	0	NaN	NaN	NaN	NaN	-1	-1	NaN	0	NaN	0	1	MSMS	False
20100614_Velos1_TaGe_SA_K562_3	IDQYQGADAVGLEEK	IDQYQGADAVGLEEK	1634.77878	81.85439	2	0	NaN	NaN	NaN	NaN	-1	-1	NaN	0	NaN	0	1	MSMS	False
20100614_Velos1_TaGe_SA_K562_3	IELEETIK	IELEETIK	973.53318	81.17922	2	166279.927734375	81.1230239868164	81.2933578491211	81.50985717773438	487.7738342285156	2	40	0.9999501322634279	1	-0.06622961399259762	0	1	MSMS	False
20100614_Velos1_TaGe_SA_K562_3	IFGTDSQYNAYNEK	IFGTDSQYNAYNEK	1648.73692	80.87061	2	213782.16541019396	80.76435852050781	80.88568878173828	81.06218719482422	825.3742065429688	2	33	0.9888998503847759	1	-1.8558739015776935	0	1	MSMS	False
20100614_Velos1_TaGe_SA_K562_3	IGEGTYGVVYK	IGEGTYGVVYK	1184.60774	79.13909	2	29372.401557077552	79.79920196533203	79.79920196533203	79.79920196533203	593.310302734375	2	13	1	1	-1.4244926409056602	0	1	MSMS	False
20100614_Velos1_TaGe_SA_K562_3	IGVVGGSDFEK	IGVVGGSDFEK	1106.56079	79.39938	2	116591.52163272735	79.1326904296875	79.42035675048828	79.47769165039062	554.2849731445312	2	7	0.9999999999999999	1	-4.876952756782736	0	1	MSMS	False
20100614_Velos1_TaGe_SA_K562_3	IIIDKEYYYTK	IIIDKEYYYTK	1447.75988	81.94489	3	371968.59559728927	81.86952209472656	81.91218566894531	82.00302124023438	724.88623046875	2	52	1	2	-1.3621017444790793	0	1	MSMS	False
20100614_Velos1_TaGe_SA_K562_3	IIMGLDK	IIMGLDK	788.44661	80.17326	2	137889.9833984375	80.03868865966797	80.14669036865234	80.20352172851562	395.2295837402344	2	20	0.9965251785251755	1	-2.530866724341469	0	1	MSMS	False
20100614_Velos1_TaGe_SA_K562_3	IITIEETHEELK	IITIEETHEELK	1453.76642	80.90303	2	0	NaN	NaN	NaN	NaN	-1	-1	NaN	0	NaN	0	1	MSMS	False
20100614_Velos1_TaGe_SA_K562_3	IITVEKHPDADSLYVEK	IITVEKHPDADSLYVEK	1956.02041	82.42042	3	583993.09375	82.33735656738281	82.38902282714844	82.57618713378906	653.3441772460938	3	62	0.9982713163060156	3	-6.498740180459332	0	1	MSMS	False
20100614_Velos1_TaGe_SA_K562_3	ILDEIEEHNIK	ILDEIEEHNIK	1351.69835	81.92262	2	1200869.1216691546	81.56285858154297	81.91218566894531	82.33735656738281	676.8555297851562	2	52	0.9999999999999998	2	-1.3637387701623997	0	1	MSMS	False
20100614_Velos1_TaGe_SA_K562_3	ILNPEEIEK	ILNPEEIEK	1083.58119	80.74594	2	2150794.088888287	80.50435638427734	80.88568878173828	81.2933578491211	542.7974243164062	2	33	1	1	-0.8253197396997368	0	1	MSMS	False
20100614_Velos1_TaGe_SA_K562_3	ILTSWEENDR	ILTSWEENDR	1261.59388	79.83095	2	481581.09765625	79.84535217285156	79.84535217285156	79.89068603515625	631.798095703125	2	14	0.9999272081461095	1	-9.703223598363902	0	1	MSMS	False
20100614_Velos1_TaGe_SA_K562_3	IMEVDYSVSK	IMEVDYSVSK	1169.56383	81.35797	2	24289.48282497843	81.50985717773438	81.50985717773438	81.56285858154297	585.7881469726562	2	44	1	1	-1.7861260685712197	0	1	MSMS	False
20100614_Velos1_TaGe_SA_K562_3	IQVHYYEDGNVQLVSHK	IQVHYYEDGNVQLVSHK	2028.00649	82.03296	4	685861.2447916666	82.00302124023438	82.09685516357422	82.87202453613281	677.3414306640625	3	56	0.9988677750915944	3	-3.4048995372924007	0	1	MSMS	False
20100614_Velos1_TaGe_SA_K562_3	IRPGEQEQYESTIGFK	IRPGEQEQYESTIGFK	1880.92684	81.7164	3	848260.7395833334	81.6788558959961	81.7266845703125	82.09685516357422	628.3148193359375	3	48	0.998148214469988	2	-3.779134060480462	0	1	MSMS	False
20100614_Velos1_TaGe_SA_K562_3	ISEMALEHELK	ISEMALEHELK	1298.65404	80.64072	2	348129.0753568067	80.55402374267578	80.61468505859375	80.76435852050781	650.3325805664062	2	28	0.9981237771692103	2	-2.6425828893092413	0	1	MSMS	False
20100614_Velos1_TaGe_SA_K562_3	IWDLEGK	IWDLEGK	859.44397	81.81091	2	376021.71875	81.6788558959961	81.86952209472656	82.05219268798828	430.7274475097656	2	51	0.999718521350561	1	-4.221234139021719	0	1	MSMS	False
20100614_Velos1_TaGe_SA_K562_3	IWGEDLR	IWGEDLR	887.45012	82.0661	2	3439720.96875	82.00302124023438	82.14552307128906	82.28885650634766	444.7305908203125	2	57	0.9999924382598689	1	-3.9340725232093328	0	1	MSMS	False
20100614_Velos1_TaGe_SA_K562_3	IWNNEDVNLDK	IWNNEDVNLDK	1358.64664	82.87863	2	211341.5234375	82.7603530883789	82.81135559082031	82.81135559082031	680.3281860351562	2	70	0.9964169819839486	1	-3.548283492810818	0	1	MSMS	False
20100614_Velos1_TaGe_SA_K562_3	IYFMAGSSR	IYFMAGSSR	1030.4906	82.35894	2	576191.00390625	82.28885650634766	82.38902282714844	82.48052978515625	516.2510375976562	2	62	0.9996607209571909	1	-2.9866729940614465	0	1	MSMS	False
20100614_Velos1_TaGe_SA_K562_3	IYYVDHFTR	IYYVDHFTR	1212.59276	81.63909	3	187550.63148687663	81.50985717773438	81.62085723876953	81.77185821533203	405.2042541503906	3	46	1	1	-1.4814799710557343	0	1	MSMS	False
20100614_Velos1_TaGe_SA_K562_3	KDVDEAYMNK	KDVDEAYMNK	1211.54924	81.40255	2	12829.773948536846	81.39552307128906	81.39552307128906	81.39552307128906	606.7807006835938	2	42	1	1	-1.9739738934550433	0	1	MSMS	False
20100614_Velos1_TaGe_SA_K562_3	KGSLESPATDVFGSTEEGEKR	KGSLESPATDVFGSTEEGEKR	2223.06552	79.96509	4	608096.1041666666	79.89068603515625	79.93352508544922	80.08969116210938	742.360595703125	3	16	0.9990549365999281	2	-3.795823409714526	0	1	MSMS	False
20100614_Velos1_TaGe_SA_K562_3	KITIADCGQLE	KITIADC[Common Fixed:Carbamidomethyl on C]GQLE	1246.62274	81.12993	2	2501210.500889254	81.1230239868164	81.2440185546875	81.91218566894531	624.3178100585938	2	39	1	1	-1.3418787550454572	82.14552307128906	1	MSMS	False
20100614_Velos1_TaGe_SA_K562_3	KLLPDDPYEK	KLLPDDPYEK	1216.63395	80.57744	2	532002.5703125	80.50435638427734	80.61468505859375	80.66535186767578	609.323974609375	2	28	0.9932526351596259	2	-0.45512046392784206	0	1	MSMS	False
20100614_Velos1_TaGe_SA_K562_3	KLPEEEAECYFHSR	KLPEEEAEC[Common Fixed:Carbamidomethyl on C]YFHSR	1793.80428	79.58397	4	341010.21105342184	79.47769165039062	79.47769165039062	79.6796875	598.9407958984375	3	8	1	3	-2.0747555158715087	0	1	MSMS	False
20100614_Velos1_TaGe_SA_K562_3	KLPEEEAECYFHSR	KLPEEEAEC[Common Fixed:Carbamidomethyl on C]YFHSR	1793.80428	79.48445	3	364133.6282094287	79.42035675048828	79.74652099609375	79.84535217285156	598.9407958984375	3	12	1	3	-2.0747555158715087	0	1	MSMS	False
20100614_Velos1_TaGe_SA_K562_3	KQEQEAAK	KQEQEAAK	930.47706	82.61713	2	328493.4215695666	82.57618713378906	82.62435913085938	82.68968963623047	466.24383544921875	2	67	1.0000000000000002	1	-4.236574430438903	0	1	MSMS	False
20100614_Velos1_TaGe_SA_K562_3	KQMVIDVLHPGK	KQMVIDVLHPGK	1363.76459	81.85046	3	250032.50260416666	81.77185821533203	81.82218933105469	81.91218566894531	455.5941467285156	3	50	0.9905779270332038	3	-2.895439242917372	0	1	MSMS	False
20100614_Velos1_TaGe_SA_K562_3	KSADTLWDIQK	KSADTLWDIQK	1303.67722	81.97237	2	631486.546875	81.91218566894531	81.91218566894531	82.05219268798828	652.8397216796875	2	52	0.9949514859188582	2	-9.45753610936166	0	1	MSMS	False
20100614_Velos1_TaGe_SA_K562_3	KSADTLWDIQK	KSADTLWDIQK	1303.67722	81.99748	3	459213.5546875	81.95885467529297	82.00302124023438	82.14552307128906	652.8397216796875	2	54	0.9954979514709303	2	-9.45753610936166	0	1	MSMS	False
20100614_Velos1_TaGe_SA_K562_3	KTLTTVQGIADDYDK	KTLTTVQGIADDYDK	1666.84138	79.73187	3	233305.88876778504	79.60685729980469	79.79920196533203	79.89068603515625	556.6193237304688	3	13	1	2	-3.1792133615217666	0	1	MSMS	False
20100614_Velos1_TaGe_SA_K562_3	KVEELEGEITTLNHK	KVEELEGEITTLNHK	1738.91013	80.70082	3	387279.5989583333	80.61468505859375	80.66535186767578	80.88568878173828	580.642822265625	3	29	0.9989556932140451	1	-2.0085015905737484	0	1	MSMS	False
20100614_Velos1_TaGe_SA_K562_3	KVYENYPTYDLTER	KVYENYPTYDLTER	1789.85228	81.63119	2	0	NaN	NaN	NaN	NaN	-1	-1	NaN	0	NaN	0	1	MSMS	False
20100614_Velos1_TaGe_SA_K562_3	KYVGFDSWDK	KYVGFDSWDK	1243.58734	81.96911	2	650052.2037371441	81.95885467529297	82.00302124023438	82.14552307128906	622.8001098632812	2	54	1	2	-1.3454681804725381	0	1	MSMS	False
20100614_Velos1_TaGe_SA_K562_3	LAEVEAALEK	LAEVEAALEK	1071.58119	81.04523	2	102722.47816198136	81.06218719482422	81.1230239868164	81.4566879272461	536.7945556640625	2	37	1	1	-6.188617059594272	0	1	MSMS	False
20100614_Velos1_TaGe_SA_K562_3	LDADYPLR	LDADYPLR	961.4869	80.11311	2	315450.19358804665	80.08969116210938	80.14669036865234	80.14669036865234	481.7499084472656	2	20	1	1	-1.7015720407448065	0	1	MSMS	False
20100614_Velos1_TaGe_SA_K562_3	LDEFGEQLSK	LDEFGEQLSK	1164.56627	80.97169	2	1218922.265625	80.82652282714844	81.01019287109375	81.2440185546875	583.2894287109375	2	35	0.9995046445280564	1	-1.687763018501025	0	1	MSMS	False
20100614_Velos1_TaGe_SA_K562_3	LDHKFDLMYAK	LDHKFDLMYAK	1379.69076	81.8758	3	2238498.578125	81.82218933105469	81.91218566894531	82.19935607910156	690.8463134765625	2	52	0.9974695739373242	3	-9.19480002390033	0	1	MSMS	False
20100614_Velos1_TaGe_SA_K562_3	LDNIYSSDKFYK	LDNIYSSDKFYK	1491.72456	81.44905	3	174875.10395316247	81.39552307128906	81.50985717773438	81.7266845703125	498.24420166015625	3	44	0.960399944428707	2	-9.199677594702363	0	1	MSMS	False
20100614_Velos1_TaGe_SA_K562_3	LEDLIVK	LEDLIVK	828.49567	82.56544	2	727034.3397493884	82.68968963623047	82.68968963623047	82.81135559082031	415.2510986328125	2	68	1	1	-9.687036907474598	0	1	MSMS	False
20100614_Velos1_TaGe_SA_K562_3	LEPDLYEACK	LEPDLYEAC[Common Fixed:Carbamidomethyl on C]K	1236.56964	80.63644	2	435975.62965222634	80.266357421875	80.50435638427734	80.71051788330078	619.2919311523438	2	26	0.9992913281035203	1	-0.2673760213812736	0	1	MSMS	False
20100614_Velos1_TaGe_SA_K562_3	LFVDTDADTR	LFVDTDADTR	1151.54587	79.86955	2	268472.5264848536	79.79920196533203	79.84535217285156	80.08969116210938	576.7771606445312	2	14	1.0000000000000002	1	-5.298655359244096	0	1	MSMS	False
20100614_Velos1_TaGe_SA_K562_3	LGGTCVNVGCVPK	LGGTC[Common Fixed:Carbamidomethyl on C]VNVGC[Common Fixed:Carbamidomethyl on C]VPK	1359.66389	79.03808	2	141294.30078125	79.00918579101562	79.08135223388672	79.1326904296875	680.8380126953125	2	1	0.987470677038328	1	-1.7780446703677164	0	1	MSMS	False
20100614_Velos1_TaGe_SA_K562_3	LHNQVNGTEWSWK	LHNQVNGTEWSWK	1597.76374	79.2514	3	1307535.5703125	79.1786880493164	79.30785369873047	79.6796875	799.8848266601562	2	5	0.9980247449419429	2	-5.407316006349178	0	1	MSMS	False
20100614_Velos1_TaGe_SA_K562_3	LHTLEEEKEELAQYQK	LHTLEEEKEELAQYQK	1986.98984	81.10427	4	431063.4429302696	81.01019287109375	81.06218719482422	81.2440185546875	663.66650390625	3	36	1	3	-7.58665723211495	0	1	MSMS	False
20100614_Velos1_TaGe_SA_K562_3	LIEDTEDWRPR	LIEDTEDWRPR	1428.69974	81.83936	3	660692.24609375	81.82218933105469	81.86952209472656	82.00302124023438	715.35205078125	2	51	0.9978268005873384	2	-7.133319180199551	0	1	MSMS	False
20100614_Velos1_TaGe_SA_K562_3	LKEYEAAVEQLK	LKEYEAAVEQLK	1419.76095	79.18556	3	0	NaN	NaN	NaN	NaN	-1	-1	NaN	0	NaN	79.6796875	1	MSMS	False
20100614_Velos1_TaGe_SA_K562_3	LLAHEIFEK	LLAHEIFEK	1098.60735	80.75119	3	144521.4738388743	80.55402374267578	80.71051788330078	80.88568878173828	550.308349609375	2	30	1	2	-4.736646817504949	0	1	MSMS	False
20100614_Velos1_TaGe_SA_K562_3	LLASADDFGK	LLASADDFGK	1035.52368	81.3277	2	242672.673828125	81.2440185546875	81.2933578491211	81.34385681152344	518.7683715820312	2	40	0.9565311201396116	1	-1.4386630881815963	0	1	MSMS	False
20100614_Velos1_TaGe_SA_K562_3	LLHDLQIGEK	LLHDLQIGEK	1164.65027	79.87333	3	383528.1354166667	79.74652099609375	79.84535217285156	79.93352508544922	389.22271728515625	3	14	0.9833150848364225	2	-3.3370618733920927	0	1	MSMS	False
20100614_Velos1_TaGe_SA_K562_3	LLPDDPYEK	LLPDDPYEK	1088.53899	79.42711	2	11155777.75	79.42035675048828	79.60685729980469	81.2933578491211	545.27587890625	2	10	0.9999999972626264	1	-1.6399240399104447	0	1	MSMS	False
20100614_Velos1_TaGe_SA_K562_3	LLPLEEHYR	LLPLEEHYR	1168.62406	80.10902	3	197487.3515625	80.03868865966797	80.14669036865234	80.266357421875	585.3170776367188	2	20	0.9983801524157382	2	-3.8144519467345686	0	1	MSMS	False
20100614_Velos1_TaGe_SA_K562_3	LLSNDEVTIK	LLSNDEVTIK	1130.6183	81.40628	2	521442.953125	81.34385681152344	81.34385681152344	81.39552307128906	566.314208984375	2	41	0.9982328601994499	1	-3.922601472272775	0	1	MSMS	False
20100614_Velos1_TaGe_SA_K562_3	LLVATSVAAR	LLVATSVAAR	999.60768	81.66984	2	44001.3837890625	81.56285858154297	81.56285858154297	81.56285858154297	500.80859375	2	45	0.9997635411578143	1	-5.047413959585995	0	1	MSMS	False
20100614_Velos1_TaGe_SA_K562_3	LLVTDMSDAEQYR	LLVTDM[Common Variable:Oxidation on M]SDAEQYR	1555.71882	81.16496	2	527280.29296875	80.96118927001953	81.2440185546875	81.2933578491211	778.865234375	2	39	0.9981695810225294	1	-1.866779343770867	0	1	MSMS	False
20100614_Velos1_TaGe_SA_K562_3	LMELYER	LMELYER	952.4688	80.85865	2	1326095.5703125	80.76435852050781	81.01019287109375	81.50985717773438	477.2398986816406	2	35	0.9990035799224756	1	-3.733004668056734	81.62085723876953	1	MSMS	False
20100614_Velos1_TaGe_SA_K562_3	LMQLMESEQK	LMQLMESEQK	1235.589	81.65785	2	53284.85222597417	81.7266845703125	81.7266845703125	81.7266845703125	618.79736328125	2	48	0.9930232664550116	1	-7.143452440908841	0	1	MSMS	False
20100614_Velos1_TaGe_SA_K562_3	LMVALAK	LMVALAK	744.45678	80.65394	2	182741.59224466886	80.61468505859375	80.61468505859375	80.71051788330078	373.2348937988281	2	28	1.0000000000000002	1	-2.0757902180503742	0	1	MSMS	False
20100614_Velos1_TaGe_SA_K562_3	LNGWYMEK	LNGWYMEK	1039.4797	80.9983	2	149222.9541015625	80.96118927001953	80.96118927001953	81.06218719482422	520.7470092773438	2	34	0.9850823930127981	1	-0.22547729470985964	0	1	MSMS	False
20100614_Velos1_TaGe_SA_K562_3	LPDGYEFK	LPDGYEFK	967.4651	80.05219	2	726970.1015625	79.89068603515625	79.97835540771484	81.1230239868164	484.7397766113281	2	17	0.9978443443309531	1	-0.10306428789801002	0	1	MSMS	False
20100614_Velos1_TaGe_SA_K562_3	LQAEIEGLK	LQAEIEGLK	999.56006	80.28435	2	21117.34942238369	80.61468505859375	80.82652282714844	80.96118927001953	500.783203125	2	32	1.0000000000000002	1	-8.210295795621963	0	1	MSMS	False
20100614_Velos1_TaGe_SA_K562_3	LQIEIGK	LQIEIGK	799.48035	82.15225	2	332305.892578125	82.19935607910156	82.19935607910156	82.19935607910156	400.74554443359375	2	58	0.998303402030373	1	-4.770682069294953	0	1	MSMS	False
20100614_Velos1_TaGe_SA_K562_3	LQLEIDQK	LQLEIDQK	985.54441	81.1337	2	316208.951756251	80.96118927001953	81.1230239868164	81.39552307128906	493.7787780761719	2	37	1	1	-1.4274155483290274	0	1	MSMS	False
20100614_Velos1_TaGe_SA_K562_3	LQLLEEK	LQLLEEK	871.50148	79.05793	2	87437.810546875	79.00918579101562	79.00918579101562	79.1326904296875	436.7574462890625	2	0	0.9829014742844501	1	-1.308495348705155	0	1	MSMS	False
20100614_Velos1_TaGe_SA_K562_3	LQTMKEELDFQK	LQTMKEELDFQK	1508.75448	81.70344	2	661872.65234375	81.62085723876953	81.7266845703125	81.82218933105469	755.3821411132812	2	48	0.9941969823803822	2	-3.1487609535855996	0	1	MSMS	False
20100614_Velos1_TaGe_SA_K562_3	LQTMKEELDFQK	LQTMKEELDFQK	1508.75448	81.69263	3	292990.4596354167	81.77185821533203	81.77185821533203	81.86952209472656	503.92236328125	3	49	0.9901029260978519	2	-6.110707214994862	0	1	MSMS	False
20100614_Velos1_TaGe_SA_K562_3	LSEDYGVLK	LSEDYGVLK	1022.52843	79.07236	2	75405.5079152132	79.00918579101562	79.00918579101562	80.03868865966797	512.2726440429688	2	0	1	1	2.2543648783452492	0	1	MSMS	False
20100614_Velos1_TaGe_SA_K562_3	LTIHGDLYYEGK	LTIHGDLYYEGK	1407.70343	81.53669	3	1599016.3020833333	81.4566879272461	81.7266845703125	82.00302124023438	470.2400207519531	3	48	0.9981769031733831	2	-3.6702526181345956	82.05219268798828	1	MSMS	False
20100614_Velos1_TaGe_SA_K562_3	LTIHGDLYYEGK	LTIHGDLYYEGK	1407.70343	82.34402	3	496983.7838541667	82.09685516357422	82.24385833740234	82.48052978515625	470.2400207519531	3	59	0.9861158923158396	2	-3.6702526181345956	82.52835845947266	1	MSMS	False
20100614_Velos1_TaGe_SA_K562_3	LTIHGDLYYEGK	LTIHGDLYYEGK	1407.70343	82.73738	3	599860.0963541666	82.62435913085938	82.7603530883789	82.87202453613281	470.2400207519531	3	69	0.990985271382656	1	-3.6702526181345956	82.52835845947266	1	MSMS	False
20100614_Velos1_TaGe_SA_K562_3	LTPEEEEILNK	LTPEEEEILNK	1313.67146	82.43995	2	19259268.5	82.43335723876953	82.57618713378906	82.57618713378906	657.84033203125	2	66	0.9995258105370154	1	-4.071696326639321	0	1	MSMS	False
20100614_Velos1_TaGe_SA_K562_3	LTPEEEEILNK	LTPEEEEILNK	1313.67146	82.78468	3	235640.94270833334	82.68968963623047	82.7603530883789	82.81135559082031	438.8963317871094	3	69	0.9700901064177176	1	-3.291962274200116	0	1	MSMS	False
20100614_Velos1_TaGe_SA_K562_3	LTPSGYEWGR	LTPSGYEWGR	1164.55637	79.46493	2	612636.3046875	79.36185455322266	79.47769165039062	79.6796875	583.2841186523438	2	8	0.9982360826074824	1	-2.306139178437794	0	1	MSMS	False
20100614_Velos1_TaGe_SA_K562_3	LTVEDLEKER	LTVEDLEKER	1230.64558	81.41495	2	143510.0009765625	81.34385681152344	81.39552307128906	81.56285858154297	616.3274536132812	2	42	0.9898607512779896	2	-4.246313707702413	0	1	MSMS	False
20100614_Velos1_TaGe_SA_K562_3	LVPLDYGEDDKNATK	LVPLDYGEDDKNATK	1676.82573	79.26876	3	706075.4895833334	79.24468994140625	79.36185455322266	79.42035675048828	559.9482421875	3	6	0.9949128026536012	1	-1.6894052174462908	0	1	MSMS	False
20100614_Velos1_TaGe_SA_K562_3	LVQAFQYTDK	LVQAFQYTDK	1211.61864	80.84905	2	680029.3203125	80.76435852050781	81.1230239868164	81.2440185546875	606.8145751953125	2	37	0.9922782437120945	1	-3.3364814633276407	0	1	MSMS	False
20100614_Velos1_TaGe_SA_K562_3	LWNLDSK	LWNLDSK	874.45487	82.9026	2	115565.16174249213	82.7603530883789	82.87202453613281	82.93585205078125	438.2336120605469	2	71	1	1	-2.5144953039360765	0	1	MSMS	False
20100614_Velos1_TaGe_SA_K562_3	LYDAYELK	LYDAYELK	1013.50696	80.04526	2	2407908.28125	79.97835540771484	80.20352172851562	81.2440185546875	507.75604248046875	2	21	0.9979685383536727	1	-9.302326666202761	0	1	MSMS	False
20100614_Velos1_TaGe_SA_K562_3	LYEELVER	LYEELVER	1049.53933	82.83074	2	266432.48747689096	82.7603530883789	82.93585205078125	82.93585205078125	525.7753295898438	2	72	1	1	-3.0715895809824345	0	1	MSMS	False
20100614_Velos1_TaGe_SA_K562_3	MAEQWLQEK	MAEQWLQEK	1161.54884	80.10019	2	313895.92632892425	80.03868865966797	80.08969116210938	80.44769287109375	581.7809448242188	2	19	0.9999999999999999	1	-1.2942075862222948	0	1	MSMS	False
20100614_Velos1_TaGe_SA_K562_3	MDLGECLK	MDLGEC[Common Fixed:Carbamidomethyl on C]LK	964.43579	81.27645	2	645925.96875	80.71051788330078	81.01019287109375	81.4566879272461	483.2232971191406	2	35	0.9999347662550947	1	-3.8869311109886007	0	1	MSMS	False
20100614_Velos1_TaGe_SA_K562_3	MDSTNADALYVR	MDSTNADALYVR	1354.61872	79.64908	2	124197.7666015625	79.47769165039062	79.6796875	79.84535217285156	678.3148193359375	2	11	0.9993163038096184	1	-2.6828670157313828	0	1	MSMS	False
20100614_Velos1_TaGe_SA_K562_3	MESALDQLK	MESALDQLK	1033.5114	79.98511	2	976996.5	79.93352508544922	79.97835540771484	79.97835540771484	517.7610473632812	2	17	0.9999676318238906	1	-3.7331056006373458	0	1	MSMS	False
20100614_Velos1_TaGe_SA_K562_3	MFEELGQR	MFEELGQR	1008.46987	79.35372	2	138760.71236483933	79.24468994140625	79.47769165039062	79.6796875	505.2412109375	2	8	1	1	-1.9842523981098972	0	1	MSMS	False
20100614_Velos1_TaGe_SA_K562_3	MLSSAYISDHMK	MLSSAYISDHMK	1381.63701	81.03701	3	198216.36328125	80.88568878173828	81.01019287109375	81.1230239868164	461.5520324707031	3	35	0.9988119695344538	2	-1.962506020039613	0	1	MSMS	False
20100614_Velos1_TaGe_SA_K562_3	MTELYDYPK	MTELYDYPK	1158.52671	81.47094	2	3094423.78125	81.1230239868164	81.2933578491211	81.56285858154297	580.2677001953125	2	40	0.9971829364375112	1	-5.060343522796002	0	1	MSMS	False
20100614_Velos1_TaGe_SA_K562_3	MTVEYVYER	MTVEYVYER	1188.54851	82.16449	2	449672.5078125	82.05219268798828	82.19935607910156	82.33735656738281	595.2807006835938	2	58	0.9998676439046362	1	-1.397979599856115	0	1	MSMS	False
20100614_Velos1_TaGe_SA_K562_3	MWDPHNDPNAQGDAFK	MWDPHNDPNAQGDAFK	1841.77913	79.34826	2	5933879.3547828	79.30785369873047	79.47769165039062	80.66535186767578	614.9309692382812	3	8	0.9898978304495476	2	-4.338549887171834	0	1	MSMS	False
20100614_Velos1_TaGe_SA_K562_3	NAGVEGSLIVEK	NAGVEGSLIVEK	1214.65067	80.06346	2	119888.37003991539	80.61468505859375	80.71051788330078	80.96118927001953	608.330810546875	2	30	1	1	-2.965329947958863	0	1	MSMS	False
20100614_Velos1_TaGe_SA_K562_3	NGQDLGVAFK	NGQDLGVAFK	1047.53491	79.29291	2	123783.9912109375	79.24468994140625	79.30785369873047	79.42035675048828	524.7747802734375	2	5	0.9856042017280996	1	0.09318364086784518	0	1	MSMS	False
20100614_Velos1_TaGe_SA_K562_3	NLQEVLGEEK	NLQEVLGEEK	1157.59282	82.01714	2	646074.4921875	81.95885467529297	82.00302124023438	82.19935607910156	579.8032836914062	2	54	0.9999887120686185	1	-0.695884538781614	0	1	MSMS	False
20100614_Velos1_TaGe_SA_K562_3	NLQMWEEMK	NLQMWEEM[Common Variable:Oxidation on M]K	1223.53148	80.58746	2	190644.92882102297	80.50435638427734	80.55402374267578	80.55402374267578	612.7706298828125	2	27	1	1	-3.9011404374898033	0	1	MSMS	False
20100614_Velos1_TaGe_SA_K562_3	NLQYYDISAK	NLQYYDISAK	1213.5979	81.96512	2	15986442.75	81.91218566894531	82.24385833740234	82.93585205078125	607.8040161132812	2	59	0.9998951748158246	1	-3.6426457194345563	81.86952209472656	1	MSMS	False
20100614_Velos1_TaGe_SA_K562_3	NLVPGESVYGEK	NLVPGESVYGEK	1290.64558	80.70458	2	395909.41796875	80.66535186767578	80.66535186767578	80.66535186767578	646.3287963867188	2	29	0.9998627283167122	1	-1.9681315769720351	0	1	MSMS	False
20100614_Velos1_TaGe_SA_K562_3	NPDSQYGELIEK	NPDSQYGELIEK	1391.65687	79.17235	2	320352.15625	79.08135223388672	79.1326904296875	79.1786880493164	696.8324584960938	2	2	0.9955256861089806	1	-4.674960984327954	0	1	MSMS	False
20100614_Velos1_TaGe_SA_K562_3	QAYLDFK	QAYLDFK	883.44397	81.46759	2	617653.86328125	81.34385681152344	81.50985717773438	81.6788558959961	442.7283935546875	2	44	0.999991910851794	1	-1.9648381130388592	0	1	MSMS	False
20100614_Velos1_TaGe_SA_K562_3	QLDEGEISTIDK	QLDEGEISTIDK	1346.65654	80.40267	2	130776.5285878458	80.50435638427734	80.50435638427734	80.50435638427734	674.3346557617188	2	26	1	1	-1.3228393934196925	0	1	MSMS	False
20100614_Velos1_TaGe_SA_K562_3	QLGLVVCR	QLGLVVC[Common Fixed:Carbamidomethyl on C]R	943.52732	82.54528	2	584378.3125	82.52835845947266	82.52835845947266	82.57618713378906	472.7696228027344	2	65	0.9998498282961348	1	-2.7845810434362144	0	1	MSMS	False
20100614_Velos1_TaGe_SA_K562_3	QLICDPSYVK	QLIC[Common Fixed:Carbamidomethyl on C]DPSYVK	1221.60636	81.49726	2	163512.173828125	81.56285858154297	81.56285858154297	81.6788558959961	611.8090209960938	2	45	0.9789501961683814	1	-2.3501363979174483	0	1	MSMS	False
20100614_Velos1_TaGe_SA_K562_3	QVLEGEEIAYK	QVLEGEEIAYK	1277.65033	80.35953	2	1384565.390625	80.32585144042969	80.50435638427734	80.71051788330078	639.8291625976562	2	26	0.9999314948526198	1	-5.132655071210462	0	1	MSMS	False
20100614_Velos1_TaGe_SA_K562_3	RTDLCDHALHISHDEL	RTDLC[Common Fixed:Carbamidomethyl on C]DHALHISHDEL	1930.89556	79.85579	4	721176.90625	79.84535217285156	79.84535217285156	79.97835540771484	483.9786376953125	4	14	0.9877921165460103	2	-6.673545786135265	0	1	MSMS	False
20100614_Velos1_TaGe_SA_K562_3	SFDVNKPGCEVDDLK	SFDVNKPGC[Common Fixed:Carbamidomethyl on C]EVDDLK	1721.79305	82.77047	2	3759476.5416666665	82.7603530883789	82.81135559082031	82.93585205078125	574.934326171875	3	70	0.9921812270233445	2	-6.911913723751665	0	1	MSMS	False
20100614_Velos1_TaGe_SA_K562_3	SGDSEVYQLGDVSQK	SGDSEVYQLGDVSQK	1610.74239	82.2382	2	3287864.554813072	82.09685516357422	82.38902282714844	82.57618713378906	806.3766479492188	2	62	0.9999567344116896	2	-2.2641952821689806	0	1	MSMS	False
20100614_Velos1_TaGe_SA_K562_3	SGVSLAALK	SGVSLAALK	844.50182	80.62526	2	1529425.8671875	80.61468505859375	80.66535186767578	80.76435852050781	423.2579040527344	2	29	0.9999838735138263	1	-0.6688301620913605	0	1	MSMS	False
20100614_Velos1_TaGe_SA_K562_3	SGYFALGNEK	SGYFALGNEK	1084.51892	80.53899	2	0	NaN	NaN	NaN	NaN	-1	-1	NaN	0	NaN	0	1	MSMS	False
20100614_Velos1_TaGe_SA_K562_3	SIQEIQELDKDDESLRK	SIQEIQELDKDDESLRK	2045.02768	81.98999	4	2907004.695095552	81.7266845703125	81.86952209472656	82.38902282714844	683.0109252929688	3	51	0.9978282022503565	2	-9.614839269666598	0	1	MSMS	False
20100614_Velos1_TaGe_SA_K562_3	SLIEEGGDWDRR	SLIEEGGDWDRR	1431.67426	80.29877	3	107032.35026041667	80.266357421875	80.266357421875	80.266357421875	478.23004150390625	3	22	0.9999942855379806	1	-4.123740942295526	0	1	MSMS	False
20100614_Velos1_TaGe_SA_K562_3	SSEVFTTFK	SSEVFTTFK	1044.51278	82.56934	2	205654.19921875	82.52835845947266	82.52835845947266	82.57618713378906	523.2611694335938	2	65	0.9996224796508915	1	-4.7812402741390905	0	1	MSMS	False
20100614_Velos1_TaGe_SA_K562_3	SSHYDELLAAEAR	SSHYDELLAAEAR	1460.68957	79.15318	2	5132508.796875	79.1326904296875	79.24468994140625	79.84535217285156	731.3511962890625	2	4	0.9990136069748905	2	-1.1846155874664508	0	1	MSMS	False
20100614_Velos1_TaGe_SA_K562_3	SWHDVQVSSAYVK	SWHDVQVSSAYVK	1504.73104	80.64949	3	456097.9375	80.61468505859375	80.66535186767578	80.82652282714844	502.5831298828125	3	29	0.991130253186675	2	-2.312540983658014	0	1	MSMS	False
20100614_Velos1_TaGe_SA_K562_3	SYSFDEIR	SYSFDEIR	1015.46108	81.52419	2	400226.44921875	81.4566879272461	81.56285858154297	81.7266845703125	508.7343444824219	2	45	0.9920156351697869	1	-6.838242302937656	0	1	MSMS	False
20100614_Velos1_TaGe_SA_K562_3	TGISHGHTVYVVHDGFEGLAK	TGISHGHTVYVVHDGFEGLAK	2223.10727	81.57794	4	240232.0324799082	81.39552307128906	81.62085723876953	81.62085723876953	557.0313110351562	4	46	0.9893042156543785	3	-6.29604638741624	0	1	MSMS	False
20100614_Velos1_TaGe_SA_K562_3	THDMFVADNGKPVPLDEESHK	THDMFVADNGKPVPLDEESHK	2365.10086	79.43106	4	491539.974609375	79.24468994140625	79.47769165039062	79.79920196533203	592.5303344726562	4	8	0.9960617305799173	3	-4.855916324039141	0	1	MSMS	False
20100614_Velos1_TaGe_SA_K562_3	TIDDLEDKLK	TIDDLEDKLK	1188.62378	82.4946	3	2949086.0625	82.43335723876953	82.52835845947266	82.68968963623047	595.319091796875	2	65	0.993167141692571	2	-0.12564110736981293	0	1	MSMS	False
20100614_Velos1_TaGe_SA_K562_3	TIGISVDPR	TIGISVDPR	956.5291	82.7934	2	443813.41015625	82.68968963623047	82.93585205078125	82.93585205078125	479.2708435058594	2	72	0.9988893060966744	1	-2.0552663154194897	0	1	MSMS	False
20100614_Velos1_TaGe_SA_K562_3	TIIFCETK	TIIFC[Common Fixed:Carbamidomethyl on C]ETK	1010.51067	79.35372	2	52457.9208984375	79.1326904296875	79.1786880493164	79.36185455322266	506.2637939453125	2	3	0.9923264364924147	1	2.3403581350019254	0	1	MSMS	False
20100614_Velos1_TaGe_SA_K562_3	TKEQILEEFSK	TKEQILEEFSK	1350.7031	81.48745	2	998866.921875	81.39552307128906	81.56285858154297	81.7266845703125	676.3568725585938	2	45	0.9997298466725713	2	-2.893172134214953	0	1	MSMS	False
20100614_Velos1_TaGe_SA_K562_3	TKPYIQVDIGGGQTK	TKPYIQVDIGGGQTK	1603.85697	81.00351	3	124854.83510524732	80.88568878173828	80.96118927001953	81.1230239868164	535.6265258789062	3	34	1	2	0.5232830942303834	0	1	MSMS	False
20100614_Velos1_TaGe_SA_K562_3	TYLEEELTK	TYLEEELTK	1124.56012	82.02444	2	293664.40625	81.95885467529297	82.00302124023438	82.00302124023438	563.286865234375	2	54	0.9837425596336073	1	-0.8380743647262959	81.77185821533203	1	MSMS	False
20100614_Velos1_TaGe_SA_K562_3	VAEVLNDPENMEK	VAEVLNDPENMEK	1486.69736	81.22517	2	517152.0481136955	81.2440185546875	81.2440185546875	81.2933578491211	744.351318359375	2	39	0.9999999999999998	1	-6.239477688961488	0	1	MSMS	False
20100614_Velos1_TaGe_SA_K562_3	VAVEEVDEEGKFVR	VAVEEVDEEGKFVR	1604.8046	81.38884	2	531850.4916468387	81.2933578491211	81.39552307128906	81.56285858154297	535.9404296875	3	42	0.9998771193045543	2	-3.203092848000386	0	1	MSMS	False
20100614_Velos1_TaGe_SA_K562_3	VFQGTDEQLNDLYHNHQR	VFQGTDEQLNDLYHNHQR	2213.02499	82.39947	4	1073861.43359375	82.28885650634766	82.52835845947266	82.7603530883789	554.5118408203125	4	65	0.9850783086223064	3	-4.309996231092455	0	1	MSMS	False
20100614_Velos1_TaGe_SA_K562_3	VFVGGDDFK	VFVGGDDFK	982.476	81.52036	2	3312133.6223626584	81.18818664550781	81.34385681152344	81.7266845703125	492.2445068359375	2	41	1	1	-1.5667170322264605	0	1	MSMS	False
20100614_Velos1_TaGe_SA_K562_3	VHSPSGAVEECHVSELEPDKYAVR	VHSPSGAVEEC[Common Fixed:Carbamidomethyl on C]HVSELEPDKYAVR	2694.27078	80.80845	5	474210.33927321556	80.61468505859375	80.66535186767578	80.76435852050781	674.824462890625	4	29	1	3	-1.8113249705318946	0	1	MSMS	False
20100614_Velos1_TaGe_SA_K562_3	VIEEQLEPAVEK	VIEEQLEPAVEK	1382.72931	82.37648	2	477511.3270263779	82.38902282714844	82.38902282714844	82.38902282714844	692.3717041015625	2	62	1	1	-0.328864536045456	0	1	MSMS	False
20100614_Velos1_TaGe_SA_K562_3	VIEYTDLEK	VIEYTDLEK	1108.56521	79.96509	2	447095.84765625	79.74652099609375	79.79920196533203	80.03868865966797	555.2871704101562	2	13	0.998710406511554	1	-4.891109153197617	0	1	MSMS	False
20100614_Velos1_TaGe_SA_K562_3	VITIMQNPR	VITIMQNPR	1070.59065	79.18983	2	269342.1875	79.08135223388672	79.24468994140625	79.24468994140625	536.3015747070312	2	4	0.9998974976041081	1	-1.9181184663478639	0	1	MSMS	False
20100614_Velos1_TaGe_SA_K562_3	VKELEEQLENETLHK	VKELEEQLENETLHK	1837.94216	79.90424	3	174935.27213541666	79.97835540771484	79.97835540771484	79.97835540771484	613.654052734375	3	17	0.9956461191301249	2	-0.9963303263291244	0	1	MSMS	False
20100614_Velos1_TaGe_SA_K562_3	VKGEEIYSMDEGIR	VKGEEIYSMDEGIR	1624.77667	80.89621	2	313634.5533854167	80.82652282714844	80.96118927001953	81.1230239868164	542.5968017578125	3	34	0.9866005200829737	2	-4.981686005499685	0	1	MSMS	False
20100614_Velos1_TaGe_SA_K562_3	VLELDSVK	VLELDSVK	901.51205	81.09168	2	151623.5361328125	80.96118927001953	81.1230239868164	81.2440185546875	451.7610168457031	2	37	0.9982266767935716	1	-5.0684207180030265	0	1	MSMS	False
20100614_Velos1_TaGe_SA_K562_3	VLFSSNGGVVK	VLFSSNGGVVK	1105.61316	82.18156	2	185425.439453125	82.09685516357422	82.14552307128906	82.14552307128906	553.81201171875	2	57	0.9980171758938031	1	-3.33705892047766	0	1	MSMS	False
20100614_Velos1_TaGe_SA_K562_3	VQEYCYDNIHFMK	VQEYC[Common Fixed:Carbamidomethyl on C]YDNIHFM[Common Variable:Oxidation on M]K	1761.74908	81.65304	3	486186.2623697917	81.62085723876953	81.7266845703125	82.93585205078125	588.25439453125	3	48	0.9936347348048028	2	-4.385304907914487	81.56285858154297	1	MSMS	False
20100614_Velos1_TaGe_SA_K562_3	VQQLLHICSEHFDSK	VQQLLHIC[Common Fixed:Carbamidomethyl on C]SEHFDSK	1839.89377	82.9429	3	750224.203125	82.93585205078125	82.93585205078125	82.93585205078125	614.3035278320312	3	72	0.9946075397429192	2	-2.6930192751795796	0	1	MSMS	False
20100614_Velos1_TaGe_SA_K562_3	VQSEEMLEDKWR	VQSEEMLEDKWR	1548.72424	79.82336	3	244353.38151041666	79.84535217285156	79.84535217285156	79.84535217285156	517.2451171875	3	14	0.9914031999888857	1	-6.920430286894022	0	1	MSMS	False
20100614_Velos1_TaGe_SA_K562_3	VSDGDWICPDK	VSDGDWIC[Common Fixed:Carbamidomethyl on C]PDK	1290.55505	82.50148	2	446755.7259891455	82.24385833740234	82.38902282714844	82.57618713378906	646.2791137695312	2	62	1	1	-8.814342863776618	0	1	MSMS	False
20100614_Velos1_TaGe_SA_K562_3	VSQWWER	VSQWWER	989.47191	79.61358	2	304439.095703125	79.47769165039062	79.60685729980469	79.93352508544922	495.74114990234375	2	10	0.9971044554970927	1	-4.2074252217233665	0	1	MSMS	False
20100614_Velos1_TaGe_SA_K562_3	VSVEFEGYR	VSVEFEGYR	1084.51892	82.63136	2	174661.400390625	82.48052978515625	82.62435913085938	82.62435913085938	543.2659301757812	2	67	0.9599231487057747	1	-1.486910154892467	0	1	MSMS	False
20100614_Velos1_TaGe_SA_K562_3	VSYYENVIK	VSYYENVIK	1113.57063	80.7242	2	29506.468037817907	80.61468505859375	80.61468505859375	80.61468505859375	557.7919921875	2	28	1	1	-1.0763203749417085	0	1	MSMS	False
20100614_Velos1_TaGe_SA_K562_3	VVDLMAHMASK	VVDLMAHMASK	1200.5995	82.22338	2	3326452.078125	82.24385833740234	82.38902282714844	82.93585205078125	601.30126953125	2	62	0.9973202478345686	2	-9.59010166013136	0	1	MSMS	False
20100614_Velos1_TaGe_SA_K562_3	VWDYAGDNYVHR	VWDYAGDNYVHR	1493.66878	79.08784	3	1288695.555315301	79.00918579101562	79.08135223388672	79.30785369873047	498.8960876464844	3	1	1	2	-1.5913693810742473	0	1	MSMS	False
20100614_Velos1_TaGe_SA_K562_3	VYQWDDPDPR	VYQWDDPDPR	1289.56767	79.4348	2	534706.999763757	79.42035675048828	79.47769165039062	79.79920196533203	645.7890625	2	8	1	1	-3.1777578279204417	0	1	MSMS	False
20100614_Velos1_TaGe_SA_K562_3	WIDNPTVDDR	WIDNPTVDDR	1229.56767	79.01593	2	0	NaN	NaN	NaN	NaN	-1	-1	NaN	0	NaN	0	1	MSMS	False
20100614_Velos1_TaGe_SA_K562_3	WMGGAELSDDGR	WMGGAELSDDGR	1292.54555	81.1422	2	29169.61091273999	81.4566879272461	81.50985717773438	81.50985717773438	647.2796020507812	2	44	1	1	-0.6953969209183425	0	1	MSMS	False
20100614_Velos1_TaGe_SA_K562_3	WVIYNDQK	WVIYNDQK	1064.5291	79.68648	2	282078.92184985767	79.47769165039062	79.74652099609375	79.84535217285156	533.2693481445312	2	12	1	1	-4.656185251593599	0	1	MSMS	False
20100614_Velos1_TaGe_SA_K562_3	YADLLEESR	YADLLEESR	1094.5244	80.52652	2	61527.89328514604	81.2440185546875	81.2440185546875	81.50985717773438	548.2656860351562	2	39	1	1	-6.926171262888137	0	1	MSMS	False
20100614_Velos1_TaGe_SA_K562_3	YALYDATYETK	YALYDATYETK	1336.6187	82.41307	2	0	NaN	NaN	NaN	NaN	-1	-1	NaN	0	NaN	0	1	MSMS	False
20100614_Velos1_TaGe_SA_K562_3	YDDISLPK	YDDISLPK	949.47566	81.37058	2	234434.111328125	81.2440185546875	81.34385681152344	81.4566879272461	475.7427978515625	2	41	0.9891508340683737	1	-4.862926799818081	0	1	MSMS	False
20100614_Velos1_TaGe_SA_K562_3	YDECLAVYR	YDEC[Common Fixed:Carbamidomethyl on C]LAVYR	1187.52811	79.37573	2	1580067.409132015	79.36185455322266	79.42035675048828	79.6796875	594.770751953125	2	7	1	1	-0.9760000612010606	0	1	MSMS	False
20100614_Velos1_TaGe_SA_K562_3	YDEVLHMVR	YDEVLHMVR	1160.56483	81.98297	3	474500.9453125	81.91218566894531	81.95885467529297	82.05219268798828	581.2882080078125	2	53	0.999936889522814	2	-2.556443256252519	0	1	MSMS	False
20100614_Velos1_TaGe_SA_K562_3	YEDICPSTHNMDVPNIK	YEDIC[Common Fixed:Carbamidomethyl on C]PSTHNM[Common Variable:Oxidation on M]DVPNIK	2047.89793	79.75709	3	1773932.3576782485	79.74652099609375	79.79920196533203	79.97835540771484	683.9695434570312	3	13	1.0000000000000002	2	-6.793169040858726	0	1	MSMS	False
20100614_Velos1_TaGe_SA_K562_3	YELQLANPK	YELQLANPK	1074.57096	81.78258	2	116123.3361529028	81.7266845703125	81.82218933105469	81.86952209472656	538.2918090820312	2	50	1.0000000000000002	1	-1.763280198647256	0	1	MSMS	False
20100614_Velos1_TaGe_SA_K562_3	YGVSGYPTLK	YGVSGYPTLK	1083.56006	81.61334	2	2106577.625	81.56285858154297	81.7266845703125	81.86952209472656	542.7830810546875	2	48	0.9980611296052807	1	-7.7991287193527965	0	1	MSMS	False
20100614_Velos1_TaGe_SA_K562_3	YHPLFGNQEELDK	YHPLFGNQEELDK	1588.75217	81.55565	3	140201.52123446928	81.39552307128906	81.4566879272461	81.62085723876953	530.5904541015625	3	43	0.9993228054924306	2	-1.6598535626025541	0	1	MSMS	False
20100614_Velos1_TaGe_SA_K562_3	YKVDFIEEK	YKVDFIEEK	1169.59684	79.712	3	199022.04080522372	79.60685729980469	79.79920196533203	79.89068603515625	390.872802734375	3	13	1	1	-0.22332268948161554	0	1	MSMS	False
20100614_Velos1_TaGe_SA_K562_3	YKVDFIEEK	YKVDFIEEK	1169.59684	79.64223	2	58622.06899077824	79.93352508544922	79.93352508544922	79.93352508544922	585.80419921875	2	16	1	1	-2.5602807357084907	0	1	MSMS	False
20100614_Velos1_TaGe_SA_K562_3	YLAEFATGNDR	YLAEFATGNDR	1255.58332	81.31118	2	3784452.59375	81.2933578491211	81.39552307128906	81.77185821533203	628.7970581054688	2	42	0.9999802328767498	1	-2.9920139594985744	0	1	MSMS	False
20100614_Velos1_TaGe_SA_K562_3	YLDEIVK	YLDEIVK	878.47493	81.89276	2	3202724.390625	81.82218933105469	81.95885467529297	82.05219268798828	440.2437438964844	2	53	0.9998689500354709	1	-2.271141407601744	0	1	MSMS	False
20100614_Velos1_TaGe_SA_K562_3	YLECSALQQDGVK	YLEC[Common Fixed:Carbamidomethyl on C]SALQQDGVK	1509.71334	79.09519	2	634270.58203125	79.08135223388672	79.08135223388672	79.1786880493164	755.8607788085938	2	1	0.9979238024363748	1	-4.196370531232662	0	1	MSMS	False
20100614_Velos1_TaGe_SA_K562_3	YLGQDYEQLR	YLGQDYEQLR	1283.61462	82.01355	2	5884995.6875	81.6788558959961	82.28885650634766	82.33735656738281	642.81103515625	2	60	0.9987796328958461	1	-5.533297258742135	0	1	MSMS	False
20100614_Velos1_TaGe_SA_K562_3	YNDTFWK	YNDTFWK	972.43413	81.51654	2	2079958.5625	81.56285858154297	81.62085723876953	81.95885467529297	487.2248840332031	2	46	0.9977387778891231	1	1.1158932156293684	0	1	MSMS	False
20100614_Velos1_TaGe_SA_K562_3	YPDPLIK	YPDPLIK	844.46945	82.26763	2	2835986.640625	82.24385833740234	82.33735656738281	82.52835845947266	423.241455078125	2	61	0.9968056810183045	1	-1.2940403089848813	0	1	MSMS	False
20100614_Velos1_TaGe_SA_K562_3	YPLFEGQETGK	YPLFEGQETGK	1267.60847	82.1602	2	865880.2041786065	82.05219268798828	82.19935607910156	82.28885650634766	634.8085327148438	2	58	1	1	-4.699798251163313	0	1	MSMS	False
20100614_Velos1_TaGe_SA_K562_3	YPNAELAWCQEEHK	YPNAELAWC[Common Fixed:Carbamidomethyl on C]QEEHK	1773.77807	82.06952	3	979677.2604166666	81.91218566894531	82.00302124023438	82.62435913085938	592.263427734375	3	54	0.9970651458142601	2	-5.421308152749595	0	1	MSMS	False
20100614_Velos1_TaGe_SA_K562_3	YQVSWSLDHK	YQVSWSLDHK	1261.60914	81.88293	3	2252304.5833333335	81.82218933105469	81.86952209472656	82.28885650634766	421.5426330566406	3	51	0.9958177869257583	2	-2.4093937184171614	0	1	MSMS	False
20100614_Velos1_TaGe_SA_K562_3	YQVSWSLDHK	YQVSWSLDHK	1261.60914	81.8797	2	25261.099853318006	82.28885650634766	82.28885650634766	82.28885650634766	631.81005859375	2	60	1	2	-2.834274217522873	0	1	MSMS	False
20100614_Velos1_TaGe_SA_K562_3	YSCIDDSAFER	YSC[Common Fixed:Carbamidomethyl on C]IDDSAFER	1361.55578	79.28618	2	0	NaN	NaN	NaN	NaN	-1	-1	NaN	0	NaN	0	1	MSMS	False
20100614_Velos1_TaGe_SA_K562_3	YSLYEVHVSGER	YSLYEVHVSGER	1437.68884	81.28637	2	228738.78255208334	81.1230239868164	81.2440185546875	81.34385681152344	480.2355041503906	3	39	0.9963768474751613	2	-2.8701842654934966	0	1	MSMS	False
20100614_Velos1_TaGe_SA_K562_3	YTVQDESHSEWVSCVR	YTVQDESHSEWVSC[Common Fixed:Carbamidomethyl on C]VR	1980.86359	82.81848	2	0	NaN	NaN	NaN	NaN	-1	-1	NaN	0	NaN	0	1	MSMS	False
20100614_Velos1_TaGe_SA_K562_3	YYIAASYVK	YYIAASYVK	1076.55425	81.78258	2	286545.12586370384	81.6788558959961	81.86952209472656	82.00302124023438	539.2839965820312	2	51	0.9999999999999998	1	-0.7521866134281575	0	1	MSMS	False
20100614_Velos1_TaGe_SA_K562_3	YYLNDLDR	YYLNDLDR	1070.50327	81.63518	2	611079.16015625	81.7266845703125	81.7266845703125	81.91218566894531	536.254638671875	2	48	0.999997948922226	1	-7.982778051458399	0	1	MSMS	False
20100614_Velos1_TaGe_SA_K562_4	ADEWKDPWR	ADEWKDPWR	1201.55162	79.98333	2	331010.79470380483	79.81053161621094	80.05802917480469	80.25569915771484	601.7805786132812	2	15	1	2	-4.174358481182411	0	1	MSMS	False
20100614_Velos1_TaGe_SA_K562_4	AEELENELHHLEK	AEELENELHHLEK	1589.76855	80.50863	4	267806.5729166667	80.39869689941406	80.53820037841797	80.66802978515625	530.9276733398438	3	22	0.9969559322096799	3	-4.667607911852026	0	1	MSMS	False
20100614_Velos1_TaGe_SA_K562_4	AELDNELMEGK	AELDNELMEGK	1247.57037	81.48675	2	386562.8936245643	81.34136199951172	81.45503997802734	81.55653381347656	624.78955078125	2	37	1.0000000000000002	1	-4.666166653172431	0	1	MSMS	False
20100614_Velos1_TaGe_SA_K562_4	AFLIEEQK	AFLIEEQK	976.52295	81.05377	2	375479.87890625	80.77552795410156	81.2860336303711	81.89419555664062	489.2668151855469	2	34	0.9995049999339555	1	-3.9656647743179563	0	1	MSMS	False
20100614_Velos1_TaGe_SA_K562_4	AHQLVMEGYNWCHDR	AHQLVMEGYNWC[Common Fixed:Carbamidomethyl on C]HDR	1914.82537	80.15367	3	80695.04348348592	80.00686645507812	80.05802917480469	80.33403015136719	639.615234375	3	15	1	1	-2.220820139947596	0	1	MSMS	False
20100614_Velos1_TaGe_SA_K562_4	AHTMTDDVTFWK	AHTM[Common Variable:Oxidation on M]TDDVTFWK	1466.65002	81.56751	3	1098093.79296875	81.50202941894531	81.7531967163086	81.89419555664062	734.3265991210938	2	42	0.9981360408151819	2	-7.755559550860949	0	1	MSMS	False
20100614_Velos1_TaGe_SA_K562_4	AICIDPAYSK	AIC[Common Fixed:Carbamidomethyl on C]IDPAYSK	1136.5536	80.45487	2	49752.88802383207	80.33403015136719	81.02953338623047	81.02953338623047	569.2890625	2	30	1	1	8.773951569198944	0	1	MSMS	False
20100614_Velos1_TaGe_SA_K562_4	AINQGGLTSVAVR	AINQGGLTSVAVR	1284.715	81.30033	2	0	NaN	NaN	NaN	NaN	-1	-1	NaN	0	NaN	0	1	MSMS	False
20100614_Velos1_TaGe_SA_K562_4	AIQDHLLEVEQSKDQMEK	AIQDHLLEVEQSKDQM[Common Variable:Oxidation on M]EK	2156.04195	79.57318	3	80020.08391937717	79.53336334228516	79.60369873046875	79.60369873046875	720.0225219726562	3	8	1.0000000000000002	1	0.4587282167213546	0	1	MSMS	False
20100614_Velos1_TaGe_SA_K562_4	ALDAAFYK	ALDAAFYK	897.45962	79.9743	2	214347.55927333052	79.74786376953125	80.05802917480469	80.19269561767578	449.7364501953125	2	15	1	1	-1.417939152308104	0	1	MSMS	False
20100614_Velos1_TaGe_SA_K562_4	ALDTNYCFSSTEK	ALDTNYC[Common Fixed:Carbamidomethyl on C]FSSTEK	1534.66097	79.35815	2	7368.774586899286	79.53336334228516	79.53336334228516	79.53336334228516	768.3388061523438	2	7	0.9928222796073854	1	1.3614543997639277	0	1	MSMS	False
20100614_Velos1_TaGe_SA_K562_4	ALSQLAEVEEK	ALSQLAEVEEK	1215.63468	80.14752	2	237910.43359375	80.05802917480469	80.19269561767578	80.19269561767578	608.818603515625	2	17	0.9941132001747595	1	-9.892694495979379	0	1	MSMS	False
20100614_Velos1_TaGe_SA_K562_4	ALYESELADAR	ALYESELADAR	1236.59863	80.11007	2	62025.821235624055	80.00686645507812	80.00686645507812	80.1263656616211	619.3035888671875	2	14	0.9999999999999999	1	-4.856223545246596	0	1	MSMS	False
20100614_Velos1_TaGe_SA_K562_4	ANTFVAELK	ANTFVAELK	991.53385	82.04492	2	7699.3959950636745	81.95670318603516	81.95670318603516	81.95670318603516	496.7727355957031	2	45	1	1	-2.956774851140081	0	1	MSMS	False
20100614_Velos1_TaGe_SA_K562_4	ASFNHFDKDHGGALGPEEFK	ASFNHFDKDHGGALGPEEFK	2202.01303	81.76005	4	808117.4921875	81.02953338623047	81.15436553955078	81.95670318603516	551.7596435546875	4	32	0.9971090760769463	2	-2.9247608389845454	0	1	MSMS	False
20100614_Velos1_TaGe_SA_K562_4	ASFNHFDKDHGGALGPEEFK	ASFNHFDKDHGGALGPEEFK	2202.01303	81.09698	4	944409.3958333334	81.02953338623047	81.2860336303711	81.95670318603516	735.342529296875	3	34	0.9957247280397873	4	-4.608752873026571	0	1	MSMS	False
20100614_Velos1_TaGe_SA_K562_4	ASLSLIEK	ASLSLIEK	859.50148	79.55984	2	91587.2920620803	79.46170043945312	79.60369873046875	79.60369873046875	430.7578430175781	2	8	1	1	-0.40360442627703036	0	1	MSMS	False
20100614_Velos1_TaGe_SA_K562_4	AVMISAIEK	AVMISAIEK	960.5314	81.87091	2	31522.236258411896	81.82302856445312	81.82302856445312	81.89419555664062	481.2709045410156	2	43	1	1	-4.314124167796056	0	1	MSMS	False
20100614_Velos1_TaGe_SA_K562_4	AYHMVCLDPDMEK	AYHMVC[Common Fixed:Carbamidomethyl on C]LDPDM[Common Variable:Oxidation on M]EK	1623.67314	79.81729	3	101696.21028645833	79.74786376953125	79.81053161621094	80.66802978515625	542.2293701171875	3	11	0.986645008507259	2	-4.224402624897701	0	1	MSMS	False
20100614_Velos1_TaGe_SA_K562_4	CWDLEYNK	C[Common Fixed:Carbamidomethyl on C]WDLEYNK	1126.47535	82.43498	2	1017746.9656010396	82.4283676147461	82.57202911376953	82.97769927978516	564.24267578125	2	54	1	1	-4.040364716372356	0	1	MSMS	False
20100614_Velos1_TaGe_SA_K562_4	DADDAVYELNGK	DADDAVYELNGK	1308.58338	79.28337	2	62261.29826574987	79.18920135498047	79.18920135498047	79.38536834716797	655.2980346679688	2	2	1	1	-1.4241337990818037	0	1	MSMS	False
20100614_Velos1_TaGe_SA_K562_4	DGWLYGEHDVSK	DGWLYGEHDVSK	1404.63099	81.0062	3	1311486.89453125	80.47103118896484	81.02953338623047	81.2860336303711	703.3193969726562	2	30	0.998401299928577	2	-4.80481243365682	0	1	MSMS	False
20100614_Velos1_TaGe_SA_K562_4	DHASIQMNVAEVDK	DHASIQMNVAEVDK	1555.73006	79.77747	3	273384.484375	79.68236541748047	79.74786376953125	80.39869689941406	778.865234375	2	10	0.9960263330690398	2	-9.091669642037806	0	1	MSMS	False
20100614_Velos1_TaGe_SA_K562_4	DIQHWESLKPEER	DIQHWESLKPEER	1665.81108	80.80942	4	39155.9580078125	80.66802978515625	80.66802978515625	80.66802978515625	417.459228515625	4	24	0.8955048682408517	1	-1.9640912797004833	0	1	MSMS	False
20100614_Velos1_TaGe_SA_K562_4	DISLSDYK	DISLSDYK	939.45493	79.26373	2	1573196.21875	79.03986358642578	79.03986358642578	81.34136199951172	470.7335205078125	2	0	0.9999860798845284	1	-2.599292477974351	0	1	MSMS	False
20100614_Velos1_TaGe_SA_K562_4	DLELEQYK	DLELEQYK	1036.50769	81.84265	2	56592.50634765625	81.7531967163086	81.82302856445312	81.89419555664062	519.259765625	2	43	0.9990556636491623	1	-2.6161733136583867	0	1	MSMS	False
20100614_Velos1_TaGe_SA_K562_4	DLFPYEESKEK	DLFPYEESKEK	1383.65581	82.0015	2	155729.84765625	81.89419555664062	81.95670318603516	81.95670318603516	692.8330688476562	2	45	0.995851131337	2	-3.0536773777160273	0	1	MSMS	False
20100614_Velos1_TaGe_SA_K562_4	DNSTMGYMMAK	DNSTMGYMMAK	1247.49847	79.29701	2	4060001.46875	79.18920135498047	79.38536834716797	80.66802978515625	624.754150390625	2	5	0.9996559648060722	1	-3.7852972337602155	0	1	MSMS	False
20100614_Velos1_TaGe_SA_K562_4	DSIPSEVDYETR	DSIPSEVDYETR	1409.63105	79.94299	2	147324.37109375	79.81053161621094	79.95103454589844	80.00686645507812	705.8204956054688	2	13	0.998470677193016	1	-3.2715814684470628	0	1	MSMS	False
20100614_Velos1_TaGe_SA_K562_4	DYILEGEPGK	DYILEGEPGK	1119.5448	80.60998	2	395945.7734375	80.53820037841797	80.66802978515625	80.84469604492188	560.7750854492188	2	24	0.9989586394540957	1	-8.201579177951531	0	1	MSMS	False
20100614_Velos1_TaGe_SA_K562_4	EALLSSAVDHGSDEVK	EALLSSAVDHGSDEVK	1655.80024	80.86755	2	27185.296549479168	81.21536254882812	81.21536254882812	81.21536254882812	552.9366455078125	3	33	0.9726853125087173	2	-7.32750056825665	0	1	MSMS	False
20100614_Velos1_TaGe_SA_K562_4	ECYLEGDQTSLYHAAK	EC[Common Fixed:Carbamidomethyl on C]YLEGDQTSLYHAAK	1883.83598	81.2626	3	78223.89241930556	81.15436553955078	81.2860336303711	81.2860336303711	628.9519653320312	3	34	1	2	-0.9832965324426218	0	1	MSMS	False
20100614_Velos1_TaGe_SA_K562_4	EDITQEFPGK	EDITQEFPGK	1162.55062	81.37714	2	91363.3447265625	81.34136199951172	81.34136199951172	81.40519714355469	582.2796020507812	2	35	0.9976007868047962	1	-5.134255741525571	0	1	MSMS	False
20100614_Velos1_TaGe_SA_K562_4	EEECHFYAGGQVYPGEASR	EEEC[Common Fixed:Carbamidomethyl on C]HFYAGGQVYPGEASR	2184.91708	80.87189	3	774144.5474565321	80.77552795410156	80.96269989013672	82.49786376953125	729.64306640625	3	29	0.9801009335076923	2	-5.7493564883203625	0	1	MSMS	False
20100614_Velos1_TaGe_SA_K562_4	EELEEVIK	EELEEVIK	987.51244	79.9992	2	1343442.3723043813	79.88953399658203	80.19269561767578	81.02953338623047	494.7626647949219	2	17	1	1	-1.6843776813048015	0	1	MSMS	False
20100614_Velos1_TaGe_SA_K562_4	EELLDHLEK	EELLDHLEK	1124.57135	81.30493	2	337966.814453125	81.21536254882812	81.34136199951172	81.50202941894531	563.2919311523438	2	35	0.9999120046791824	2	-1.8145839037064795	0	1	MSMS	False
20100614_Velos1_TaGe_SA_K562_4	EEMHLEDSANFIK	EEM[Common Variable:Oxidation on M]HLEDSANFIK	1577.70317	80.21156	3	212817.27213541666	80.1263656616211	80.19269561767578	80.33403015136719	526.9066772460938	3	17	0.9945154157264345	2	-3.1873533674661334	0	1	MSMS	False
20100614_Velos1_TaGe_SA_K562_4	EEYQLVQVEQK	EEYQLVQVEQK	1391.69326	81.34803	2	753488.40625	81.2860336303711	81.34136199951172	81.34136199951172	696.8533325195312	2	35	0.9996347912902527	2	-0.8248187503456283	0	1	MSMS	False
20100614_Velos1_TaGe_SA_K562_4	EFVSASFDK	EFVSASFDK	1028.48148	80.43376	2	71922.9169921875	80.33403015136719	80.39869689941406	80.47103118896484	515.24658203125	2	20	0.9999013172202507	1	-2.789424324867618	0	1	MSMS	False
20100614_Velos1_TaGe_SA_K562_4	EGIKPMWEDDANK	EGIKPMWEDDANK	1531.69769	80.62843	3	118894.19161439204	80.53820037841797	80.66802978515625	80.84469604492188	511.5725402832031	3	24	1	1	-1.219583643463445	0	1	MSMS	False
20100614_Velos1_TaGe_SA_K562_4	EGVDESFIK	EGVDESFIK	1022.49204	80.78649	2	250663.861328125	80.60336303710938	80.72303009033203	81.02953338623047	512.250732421875	2	25	0.9991985110162371	1	-5.0152859946131665	0	1	MSMS	False
20100614_Velos1_TaGe_SA_K562_4	EGVVECSFVK	EGVVEC[Common Fixed:Carbamidomethyl on C]SFVK	1152.54851	79.67339	2	229712.37890625	79.03986358642578	79.88953399658203	80.1263656616211	577.2799072265625	2	12	0.9998303965155187	1	-2.8185196585950054	0	1	MSMS	False
20100614_Velos1_TaGe_SA_K562_4	EIADYLAAGKDER	EIADYLAAGKDER	1449.70997	80.9989	2	99362.27882674862	80.96269989013672	80.96269989013672	81.02953338623047	725.8604736328125	2	29	0.9999999999999999	1	-2.4664713681871433	0	1	MSMS	False
20100614_Velos1_TaGe_SA_K562_4	ELHSWEPEPDVR	ELHSWEPEPDVR	1492.69466	79.75907	3	529580.9037560216	79.68236541748047	79.81053161621094	80.00686645507812	498.56787109375	3	11	0.9928719876669074	2	-8.626090607756346	0	1	MSMS	False
20100614_Velos1_TaGe_SA_K562_4	ELPEQLQEHAIEDK	ELPEQLQEHAIEDK	1677.82098	82.54843	2	0	NaN	NaN	NaN	NaN	-1	-1	NaN	0	NaN	0	1	MSMS	False
20100614_Velos1_TaGe_SA_K562_4	ELPEQLQEHAIEDK	ELPEQLQEHAIEDK	1677.82098	82.50996	3	0	NaN	NaN	NaN	NaN	-1	-1	NaN	0	NaN	0	1	MSMS	False
20100614_Velos1_TaGe_SA_K562_4	EMQDLSEFCSDKPK	EMQDLSEFC[Common Fixed:Carbamidomethyl on C]SDKPK	1712.73857	79.6374	3	252227.23164882758	79.68236541748047	79.68236541748047	79.81053161621094	571.9152221679688	3	9	1	2	-8.637589032032082	0	1	MSMS	False
20100614_Velos1_TaGe_SA_K562_4	EQEHMINWVEK	EQEHMINWVEK	1441.666	81.03617	3	0	NaN	NaN	NaN	NaN	-1	-1	NaN	0	NaN	0	1	MSMS	False
20100614_Velos1_TaGe_SA_K562_4	EQISDIDDAVR	EQISDIDDAVR	1259.59936	79.91097	2	553550.7578125	79.88953399658203	79.95103454589844	80.53820037841797	630.8033447265625	2	13	0.9982293448994779	1	-5.7347446040315555	0	1	MSMS	False
20100614_Velos1_TaGe_SA_K562_4	ESYSVYVYK	ESYSVYVYK	1136.53899	79.92887	2	228705.259765625	79.68236541748047	79.95103454589844	80.66802978515625	569.273681640625	2	13	0.9968831822773225	1	-5.437255177739952	79.60369873046875	1	MSMS	False
20100614_Velos1_TaGe_SA_K562_4	ESYYQLMK	ESYYQLMK	1060.48993	80.67447	2	1223964.953125	80.66802978515625	80.66802978515625	81.15436553955078	531.2513427734375	2	24	0.9970730723395993	1	-1.694864639402471	0	1	MSMS	False
20100614_Velos1_TaGe_SA_K562_4	ETLEDGFPVHDGK	ETLEDGFPVHDGK	1442.66777	80.56201	2	231771.45936742073	80.60336303710938	80.60336303710938	80.66802978515625	722.3418579101562	2	23	1.0000000000000002	2	0.9654936386638948	80.96269989013672	1	MSMS	False
20100614_Velos1_TaGe_SA_K562_4	ETTIDGEELVK	ETTIDGEELVK	1232.61361	81.19424	2	105969.8486328125	80.96269989013672	81.15436553955078	81.2860336303711	617.3113403320312	2	32	0.9898254721823502	1	-4.44767902220082	0	1	MSMS	False
20100614_Velos1_TaGe_SA_K562_4	EWESSCFVEK	EWESSC[Common Fixed:Carbamidomethyl on C]FVEK	1299.54415	80.56665	2	626234.5949751918	80.47103118896484	80.60336303710938	80.89969635009766	650.7776489257812	2	23	1	1	-2.620212784239294	0	1	MSMS	False
20100614_Velos1_TaGe_SA_K562_4	EYGMIYLGK	EYGM[Common Variable:Oxidation on M]IYLGK	1088.52123	81.63167	2	198177.734375	81.40519714355469	81.40519714355469	81.82302856445312	545.2662353515625	2	36	0.9965532258446508	1	-3.042871872262804	0	1	MSMS	False
20100614_Velos1_TaGe_SA_K562_4	FADFMVK	FADFM[Common Variable:Oxidation on M]VK	872.41023	79.58764	2	47583.02711271489	79.68236541748047	79.68236541748047	79.81053161621094	437.20953369140625	2	9	1.0000000000000002	1	-6.551448789648583	0	1	MSMS	False
20100614_Velos1_TaGe_SA_K562_4	FASFIDK	FASFIDK	826.4225	81.96315	2	824747.8671875	81.89419555664062	81.95670318603516	81.95670318603516	414.2172546386719	2	45	0.9994856308613739	1	-3.077912828145744	0	1	MSMS	False
20100614_Velos1_TaGe_SA_K562_4	FDDAVVQSDMK	FDDAVVQSDMK	1253.5598	79.18012	2	103112.6123046875	79.12120056152344	79.18920135498047	79.25286102294922	627.78564453125	2	2	0.9993692633257207	1	-2.4441364965888197	0	1	MSMS	False
20100614_Velos1_TaGe_SA_K562_4	FDQLLAEEK	FDQLLAEEK	1091.54989	80.34548	2	356134.86328125	80.00686645507812	80.25569915771484	80.60336303710938	546.77978515625	2	18	0.9967620212695765	1	-4.463947367603321	0	1	MSMS	False
20100614_Velos1_TaGe_SA_K562_4	FEDYLNAESR	FEDYLNAESR	1242.55168	80.61879	2	275613.54405156884	80.60336303710938	80.60336303710938	81.45503997802734	622.2837524414062	2	23	1	1	1.0236588747970794	0	1	MSMS	False
20100614_Velos1_TaGe_SA_K562_4	FENNELFAK	FENNELFAK	1110.53457	80.85888	2	176714.85546875	80.84469604492188	80.89969635009766	81.02953338623047	556.2721557617188	2	28	0.981054383480906	1	-4.332517375277727	0	1	MSMS	False
20100614_Velos1_TaGe_SA_K562_4	FFEEVNDPAK	FFEEVNDPAK	1194.5557	82.08733	2	82220.7431640625	81.82302856445312	81.95670318603516	81.95670318603516	598.2823486328125	2	45	0.9958778653027535	1	-4.650823844343359	0	1	MSMS	False
20100614_Velos1_TaGe_SA_K562_4	FGPALSVK	FGPALSVK	817.46979	81.58704	2	133207.97265625	81.45503997802734	81.55653381347656	81.68470001220703	409.7409362792969	2	39	0.9857593673954174	1	-3.0219773186725307	0	1	MSMS	False
20100614_Velos1_TaGe_SA_K562_4	FHWEQDQIAHMK	FHWEQDQIAHMK	1568.71943	80.73678	3	24920.85394255475	80.89969635009766	80.89969635009766	80.96269989013672	523.9129638671875	3	28	0.9993114569004492	1	-1.5093834050479769	0	1	MSMS	False
20100614_Velos1_TaGe_SA_K562_4	FIDVGGYK	FIDVGGYK	897.45962	81.65075	2	49778.888427734375	81.55653381347656	81.68470001220703	81.95670318603516	449.7364501953125	2	41	0.9918935836845588	1	-1.417939152308104	0	1	MSMS	False
20100614_Velos1_TaGe_SA_K562_4	FILSCADDK	FILSC[Common Fixed:Carbamidomethyl on C]ADDK	1067.49575	79.48233	2	0	NaN	NaN	NaN	NaN	-1	-1	NaN	0	NaN	0	1	MSMS	False
20100614_Velos1_TaGe_SA_K562_4	FLEEHPGGEEVLR	FLEEHPGGEEVLR	1510.74161	82.92547	3	133978.9296875	82.8311996459961	82.97769927978516	82.97769927978516	504.5854187011719	3	60	0.9765175370518476	1	-4.775015563068893	0	1	MSMS	False
20100614_Velos1_TaGe_SA_K562_4	FLTGYEVK	FLTGYEVK	955.50148	81.36639	2	101542.13037109375	81.34136199951172	81.40519714355469	81.50202941894531	478.7559509277344	2	36	0.9977211673827967	1	-4.323466133427296	0	1	MSMS	False
20100614_Velos1_TaGe_SA_K562_4	FNLTYVSHDGDDK	FNLTYVSHDGDDK	1509.67359	80.17215	3	2070744.913095932	80.1263656616211	80.25569915771484	80.89969635009766	755.8372192382812	2	18	0.999295179242897	2	-9.07776176681487	0	1	MSMS	False
20100614_Velos1_TaGe_SA_K562_4	FNLTYVSHDGDDK	FNLTYVSHDGDDK	1509.67359	81.71645	3	88344.67545572917	81.55653381347656	81.68470001220703	81.7531967163086	504.2301940917969	3	41	0.9936628697328567	2	-3.2243015025470645	82.27019500732422	1	MSMS	False
20100614_Velos1_TaGe_SA_K562_4	FNLTYVSHDGDDK	FNLTYVSHDGDDK	1509.67359	82.67221	3	208688.46158854166	82.34736633300781	82.70736694335938	82.8311996459961	504.2301940917969	3	56	0.9998926757855114	2	-3.2243015025470645	82.27019500732422	1	MSMS	False
20100614_Velos1_TaGe_SA_K562_4	FVDLYGAQK	FVDLYGAQK	1039.53385	81.84265	2	0	NaN	NaN	NaN	NaN	-1	-1	NaN	0	NaN	0	1	MSMS	False
20100614_Velos1_TaGe_SA_K562_4	FYDDAIVSQK	FYDDAIVSQK	1184.57135	80.13302	2	719578.7734375	79.81053161621094	80.19269561767578	80.96269989013672	593.2884521484375	2	17	0.999934820314295	1	-7.596534293191237	0	1	MSMS	False
20100614_Velos1_TaGe_SA_K562_4	FYQASTSELYGK	FYQASTSELYGK	1392.65615	80.1587	2	157549.56689453125	80.05802917480469	80.1263656616211	80.33403015136719	697.3330688476562	2	16	0.993318149457086	1	-3.2780801243480306	0	1	MSMS	False
20100614_Velos1_TaGe_SA_K562_4	GDNIYEWR	GDNIYEWR	1051.47231	80.72944	2	964879.3359375	80.96269989013672	80.96269989013672	81.21536254882812	526.7422485351562	2	29	0.9994764527193132	1	-2.2500482637034525	0	1	MSMS	False
20100614_Velos1_TaGe_SA_K562_4	GGAAVDPDSGLEHSAHVLEK	GGAAVDPDSGLEHSAHVLEK	1987.95993	81.24811	3	448493.2683214617	81.21536254882812	81.2860336303711	81.7531967163086	663.9895629882812	3	34	1	3	-7.971798531304989	0	1	MSMS	False
20100614_Velos1_TaGe_SA_K562_4	GYAFIEYEHER	GYAFIEYEHER	1412.63608	81.44876	3	1641212.3697916667	81.45503997802734	81.50202941894531	82.4283676147461	471.88543701171875	3	38	0.9956289096440555	1	-1.1746837421525236	0	1	MSMS	False
20100614_Velos1_TaGe_SA_K562_4	GYCYVEFK	GYC[Common Fixed:Carbamidomethyl on C]YVEFK	1064.46372	82.5875	2	140124.03515625	82.64136505126953	82.64136505126953	82.64136505126953	533.2367553710938	2	55	0.9934836016666713	1	-4.473794156681003	0	1	MSMS	False
20100614_Velos1_TaGe_SA_K562_4	GYGFGMVK	GYGFGMVK	857.41056	81.7106	2	130958.02880859375	81.62003326416016	81.68470001220703	81.7531967163086	429.71270751953125	2	41	0.9992592650457324	1	0.35234614385100865	0	1	MSMS	False
20100614_Velos1_TaGe_SA_K562_4	HDDYLVMLK	HDDYLVM[Common Variable:Oxidation on M]LK	1148.5536	81.31432	2	287447.21875	81.2860336303711	81.2860336303711	81.62003326416016	575.283447265625	2	34	0.9044754858339448	1	-1.095641081120347	0	1	MSMS	False
20100614_Velos1_TaGe_SA_K562_4	HEVININLK	HEVININLK	1078.61349	81.07622	2	113703.203125	80.96269989013672	81.02953338623047	81.21536254882812	540.3121337890625	2	30	0.9997827055454451	1	-3.500193227508283	0	1	MSMS	False
20100614_Velos1_TaGe_SA_K562_4	HFSGLEEAVYR	HFSGLEEAVYR	1306.6306	81.41906	3	1511212.078125	80.89969635009766	81.55653381347656	82.97769927978516	654.3231201171875	2	39	0.999943053945521	2	0.8321407880701144	0	1	MSMS	False
20100614_Velos1_TaGe_SA_K562_4	HGVDHQVISVTFEK	HGVDHQVISVTFEK	1594.81036	80.04649	3	25464.971693885454	79.95103454589844	80.00686645507812	80.00686645507812	532.6093139648438	3	14	1	1	-2.701600998947256	0	1	MSMS	False
20100614_Velos1_TaGe_SA_K562_4	HITIFSPEGR	HITIFSPEGR	1155.60366	80.65283	2	101097.841796875	80.53820037841797	80.66802978515625	81.02953338623047	578.8077392578125	2	24	0.9971807793548767	1	-2.3662248811665068	0	1	MSMS	False
20100614_Velos1_TaGe_SA_K562_4	HLMHLELDISDSK	HLM[Common Variable:Oxidation on M]HLELDISDSK	1552.75554	82.59322	3	107087.85286801192	81.68470001220703	82.57202911376953	82.70736694335938	518.58984375	3	54	1	1	-5.047897389190244	0	1	MSMS	False
20100614_Velos1_TaGe_SA_K562_4	HYPSIHGDFSNDFR	HYPSIHGDFSNDFR	1690.74882	83.03311	3	25849.2685546875	82.76470184326172	82.97769927978516	82.97769927978516	564.587158203125	3	60	0.959362998519136	1	-5.426466163357662	0	1	MSMS	False
20100614_Velos1_TaGe_SA_K562_4	IAQLEEQLDNETK	IAQLEEQLDNETK	1529.75732	82.79575	2	58681.793095896515	82.64136505126953	82.70736694335938	82.70736694335938	765.8826904296875	2	56	0.8931181066051844	1	-4.243859008157576	0	1	MSMS	False
20100614_Velos1_TaGe_SA_K562_4	IDQYQGADAVGLEEK	IDQYQGADAVGLEEK	1634.77878	81.16567	2	108156.93033854167	81.09020233154297	81.34136199951172	82.70736694335938	545.9306640625	3	35	0.7452798091753203	2	-5.271179955667063	0	1	MSMS	False
20100614_Velos1_TaGe_SA_K562_4	IDQYQGADAVGLEEK	IDQYQGADAVGLEEK	1634.77878	80.34548	3	0	NaN	NaN	NaN	NaN	-1	-1	NaN	0	NaN	0	1	MSMS	False
20100614_Velos1_TaGe_SA_K562_4	IELEETIK	IELEETIK	973.53318	81.05377	2	76735.2617382233	80.89969635009766	80.96269989013672	81.15436553955078	487.7738342285156	2	29	1	1	-0.06622961399259762	0	1	MSMS	False
20100614_Velos1_TaGe_SA_K562_4	IEYEPFR	IEYEPFR	952.46543	82.36908	2	124850.50390625	82.13703155517578	82.13703155517578	82.27019500732422	477.2359619140625	2	48	0.9339480771700129	1	-8.461310383527847	0	1	MSMS	False
20100614_Velos1_TaGe_SA_K562_4	IGTFDLK	IGTFDLK	792.43815	82.68462	2	245500.521484375	82.57202911376953	82.76470184326172	82.76470184326172	397.22296142578125	2	57	0.9990914596748727	1	-8.555976507808806	0	1	MSMS	False
20100614_Velos1_TaGe_SA_K562_4	IIGVDINK	IIGVDINK	870.51747	81.1095	2	180545.701171875	80.96269989013672	81.15436553955078	81.21536254882812	436.2647705078125	2	32	0.9997011877130748	1	-2.8510836582723798	0	1	MSMS	False
20100614_Velos1_TaGe_SA_K562_4	IIMGLDK	IIMGLDK	788.44661	79.29071	2	30822.388729175862	79.25286102294922	79.38536834716797	79.46170043945312	395.2295837402344	2	5	1	1	-2.530866724341469	0	1	MSMS	False
20100614_Velos1_TaGe_SA_K562_4	IIYIVHDEVK	IIYIVHDEVK	1227.68632	81.05929	2	202875.05938349696	80.96269989013672	81.02953338623047	81.21536254882812	410.2364501953125	3	30	1	2	0.9784138512579095	0	1	MSMS	False
20100614_Velos1_TaGe_SA_K562_4	ILDEIEEHNIK	ILDEIEEHNIK	1351.69835	82.20736	3	260839.71354166666	81.89419555664062	82.64136505126953	82.97769927978516	451.57244873046875	3	55	0.9996659646736887	2	-2.1411910333988486	0	1	MSMS	False
20100614_Velos1_TaGe_SA_K562_4	ILNPEEIEK	ILNPEEIEK	1083.58119	80.68605	2	1359074.4375	80.60336303710938	80.77552795410156	81.15436553955078	542.7926635742188	2	26	0.9979852315651203	1	-9.612371843289685	0	1	MSMS	False
20100614_Velos1_TaGe_SA_K562_4	IMEVDYSVSK	IMEVDYSVSK	1169.56383	80.88612	2	0	NaN	NaN	NaN	NaN	-1	-1	NaN	0	NaN	0	1	MSMS	False
20100614_Velos1_TaGe_SA_K562_4	IRPGEQEQYESTIGFK	IRPGEQEQYESTIGFK	1880.92684	82.71789	3	588684.8125	82.64136505126953	82.70736694335938	82.8311996459961	628.3148193359375	3	56	0.9995691776340816	2	-3.779134060480462	0	1	MSMS	False
20100614_Velos1_TaGe_SA_K562_4	IVVNLTGR	IVVNLTGR	870.5287	80.0831	2	340521.19048802473	80.00686645507812	80.25569915771484	80.66802978515625	436.2716369628906	2	18	1	1	0.02411410828544198	0	1	MSMS	False
20100614_Velos1_TaGe_SA_K562_4	IVVVTAGVR	IVVVTAGVR	912.57565	79.09786	2	40991.474609375	79.03986358642578	79.12120056152344	79.68236541748047	457.29248046875	2	1	0.947012594476696	1	-5.744177217348442	79.88953399658203	1	MSMS	False
20100614_Velos1_TaGe_SA_K562_4	IWGEDLR	IWGEDLR	887.45012	81.62671	2	673631.71875	81.55653381347656	81.7531967163086	81.95670318603516	444.7305908203125	2	42	0.9989029764657801	1	-3.9340725232093328	0	1	MSMS	False
20100614_Velos1_TaGe_SA_K562_4	IWNNEDVNLDK	IWNNEDVNLDK	1358.64664	82.73861	2	0	NaN	NaN	NaN	NaN	-1	-1	NaN	0	NaN	0	1	MSMS	False
20100614_Velos1_TaGe_SA_K562_4	IYFMAGSSR	IYFMAGSSR	1030.4906	82.0494	2	177271.74575866674	81.95670318603516	82.01569366455078	82.06803131103516	516.2510375976562	2	46	1	1	-2.9866729940614465	0	1	MSMS	False
20100614_Velos1_TaGe_SA_K562_4	KESQQDNGDKVMSK	KESQQDNGDKVMSK	1592.74643	80.04649	3	54973.565327865625	80.00686645507812	80.05802917480469	80.1263656616211	531.9180908203125	3	15	1	2	-8.781648751948456	0	1	MSMS	False
20100614_Velos1_TaGe_SA_K562_4	KFMDQHPEMDFSK	KFMDQHPEMDFSK	1638.71705	79.13555	3	181400.34375	79.03986358642578	79.12120056152344	79.31952667236328	547.2437744140625	3	1	0.9909987033953818	2	-4.611020828434525	0	1	MSMS	False
20100614_Velos1_TaGe_SA_K562_4	KGSLESPATDVFGSTEEGEKR	KGSLESPATDVFGSTEEGEKR	2223.06552	80.69052	4	390891.109375	80.60336303710938	80.72303009033203	80.77552795410156	742.360595703125	3	25	0.9905075263470405	2	-3.795823409714526	0	1	MSMS	False
20100614_Velos1_TaGe_SA_K562_4	KITIADCGQLE	KITIADC[Common Fixed:Carbamidomethyl on C]GQLE	1246.62274	80.98304	2	988980.9846700998	80.96269989013672	81.09020233154297	82.90337371826172	624.3178100585938	2	31	1	1	-1.3418787550454572	0	1	MSMS	False
20100614_Velos1_TaGe_SA_K562_4	KLEEEQIILEDQNCK	KLEEEQIILEDQNC[Common Fixed:Carbamidomethyl on C]K	1887.92479	82.9182	3	74703.18508659567	82.8311996459961	82.97769927978516	82.97769927978516	630.3128051757812	3	60	0.9717323278230697	1	-4.313115744823393	0	1	MSMS	False
20100614_Velos1_TaGe_SA_K562_4	KLLPDDPYEK	KLLPDDPYEK	1216.63395	80.62341	2	222782.052734375	80.1263656616211	80.60336303710938	80.66802978515625	609.323974609375	2	23	0.9986983867107115	2	-0.45512046392784206	0	1	MSMS	False
20100614_Velos1_TaGe_SA_K562_4	KLPEEEAECYFHSR	KLPEEEAEC[Common Fixed:Carbamidomethyl on C]YFHSR	1793.80428	80.02116	3	1101049.4693023702	80.05802917480469	80.05802917480469	80.60336303710938	598.9407958984375	3	15	1	2	-2.0747555158715087	0	1	MSMS	False
20100614_Velos1_TaGe_SA_K562_4	KPIPDEHLILK	KPIPDEHLILK	1301.77072	79.152	3	65863.54817708333	79.03986358642578	79.12120056152344	79.25286102294922	434.9287109375	3	1	0.9949788856188007	2	-4.929123107771058	0	1	MSMS	False
20100614_Velos1_TaGe_SA_K562_4	KSSGEIVYCGQVFEK	KSSGEIVYC[Common Fixed:Carbamidomethyl on C]GQVFEK	1729.83452	80.3706	3	116144.40374830931	80.33403015136719	80.39869689941406	80.66802978515625	577.6154174804688	3	20	1	2	-5.872234753919014	0	1	MSMS	False
20100614_Velos1_TaGe_SA_K562_4	KTPVKEPNSENVDISSGGGVTGWK	KTPVKEPNSENVDISSGGGVTGWK	2485.24488	80.17869	4	80992.71875	80.1263656616211	80.1263656616211	80.25569915771484	829.7542114257812	3	16	0.980936965432358	2	-2.771482675667139	0	1	MSMS	False
20100614_Velos1_TaGe_SA_K562_4	KVEELEGEITTLNHK	KVEELEGEITTLNHK	1738.91013	81.37714	3	184224.89322916666	81.2860336303711	81.40519714355469	81.55653381347656	580.642822265625	3	36	0.9798498309732053	1	-2.0085015905737484	0	1	MSMS	False
20100614_Velos1_TaGe_SA_K562_4	LDADYPLR	LDADYPLR	961.4869	79.37176	2	66284.62584678204	79.25286102294922	79.31952667236328	79.46170043945312	481.7499084472656	2	4	1.0000000000000002	1	-1.7015720407448065	0	1	MSMS	False
20100614_Velos1_TaGe_SA_K562_4	LDEFGEQLSK	LDEFGEQLSK	1164.56627	80.26229	2	316686.57421875	80.1263656616211	80.33403015136719	80.77552795410156	583.2894287109375	2	19	0.9991728599216582	1	-1.687763018501025	0	1	MSMS	False
20100614_Velos1_TaGe_SA_K562_4	LEAEDYLK	LEAEDYLK	979.48623	80.41548	2	245837.912109375	80.33403015136719	80.47103118896484	80.72303009033203	490.7502136230469	2	21	0.9969045124819724	1	-0.36313697239897125	0	1	MSMS	False
20100614_Velos1_TaGe_SA_K562_4	LEPDLYEACK	LEPDLYEAC[Common Fixed:Carbamidomethyl on C]K	1236.56964	79.93599	2	125359.29956054688	79.74786376953125	79.95103454589844	80.05802917480469	619.2861328125	2	13	0.9839309232109508	1	-9.645480830342944	0	1	MSMS	False
20100614_Velos1_TaGe_SA_K562_4	LFVIGGK	LFVIGGK	732.45341	82.56307	2	140397.6201171875	82.49786376953125	82.70736694335938	82.90337371826172	367.23089599609375	2	56	0.996879189688899	1	-8.42502947787109	0	1	MSMS	False
20100614_Velos1_TaGe_SA_K562_4	LGDLGAIDEK	LGDLGAIDEK	1029.53424	80.13735	2	201749.08203125	79.88953399658203	80.1263656616211	80.39869689941406	515.7727661132812	2	16	0.9993301340090814	1	-3.1671673156739835	0	1	MSMS	False
20100614_Velos1_TaGe_SA_K562_4	LGGTCVNVGCVPK	LGGTC[Common Fixed:Carbamidomethyl on C]VNVGC[Common Fixed:Carbamidomethyl on C]VPK	1359.66389	79.2438	2	158434.0576171875	79.18920135498047	79.25286102294922	79.25286102294922	680.8380126953125	2	3	0.9955596450455367	1	-1.7780446703677164	0	1	MSMS	False
20100614_Velos1_TaGe_SA_K562_4	LGTDLEYLKK	LGTDLEYLKK	1178.65469	80.29637	3	36081.980143229164	80.05802917480469	80.25569915771484	80.39869689941406	393.89129638671875	3	18	0.9992759470236506	2	-2.2833452917936996	0	1	MSMS	False
20100614_Velos1_TaGe_SA_K562_4	LHTLEEEKEELAQYQK	LHTLEEEKEELAQYQK	1986.98984	81.52909	4	1342055.7769075495	81.45503997802734	81.55653381347656	81.95670318603516	663.66650390625	3	39	1	3	-7.58665723211495	0	1	MSMS	False
20100614_Velos1_TaGe_SA_K562_4	LKEYEAAVEQLK	LKEYEAAVEQLK	1419.76095	79.75451	2	722818.8358924065	79.60369873046875	79.68236541748047	80.66802978515625	710.8843994140625	2	9	0.9999948002756933	2	-4.721996074875715	0	1	MSMS	False
20100614_Velos1_TaGe_SA_K562_4	LKEYEAAVEQLK	LKEYEAAVEQLK	1419.76095	79.61694	3	18613.367692312775	79.88953399658203	79.88953399658203	79.88953399658203	710.8843994140625	2	12	0.9997133763707906	2	-4.721996074875715	0	1	MSMS	False
20100614_Velos1_TaGe_SA_K562_4	LLHDLQIGEK	LLHDLQIGEK	1164.65027	80.52208	3	51511.248046875	80.25569915771484	80.47103118896484	80.53820037841797	583.33203125	2	21	0.9963337436172728	2	-0.6529288469853983	0	1	MSMS	False
20100614_Velos1_TaGe_SA_K562_4	LLPDDPYEK	LLPDDPYEK	1088.53899	79.45275	2	251259.080078125	79.03986358642578	79.03986358642578	79.74786376953125	545.27587890625	2	0	0.9997159151799696	1	-1.6399240399104447	79.81053161621094	1	MSMS	False
20100614_Velos1_TaGe_SA_K562_4	LLVTDMSDAEQYR	LLVTDM[Common Variable:Oxidation on M]SDAEQYR	1555.71882	80.44755	2	133199.43061313368	80.33403015136719	80.47103118896484	81.02953338623047	778.865234375	2	21	0.9977104256043232	2	-1.866779343770867	0	1	MSMS	False
20100614_Velos1_TaGe_SA_K562_4	LMDLLSK	LMDLLSK	818.45718	79.47625	2	378120.162109375	79.38536834716797	79.53336334228516	79.81053161621094	410.2333068847656	2	7	0.9994950145610975	1	-6.254651253347864	0	1	MSMS	False
20100614_Velos1_TaGe_SA_K562_4	LMDLLSK	LMDLLSK	818.45718	80.74789	2	328828.232421875	80.60336303710938	80.89969635009766	81.09020233154297	410.2364501953125	2	28	0.9988196865349634	1	1.426411662796387	0	1	MSMS	False
20100614_Velos1_TaGe_SA_K562_4	LMELYER	LMELYER	952.4688	80.68203	2	479429.25	80.53820037841797	80.72303009033203	81.02953338623047	477.2398986816406	2	25	0.9998037842319939	1	-3.733004668056734	81.21536254882812	1	MSMS	False
20100614_Velos1_TaGe_SA_K562_4	LMVALAK	LMVALAK	744.45678	80.76255	2	144414.4814453125	80.66802978515625	80.72303009033203	80.77552795410156	373.2348937988281	2	25	0.999976766520088	1	-2.0757902180503742	0	1	MSMS	False
20100614_Velos1_TaGe_SA_K562_4	LNETLSSFSDDNK	LNETLSSFSDDNK	1468.66817	80.57277	2	96596.568359375	80.60336303710938	80.60336303710938	80.60336303710938	735.3350219726562	2	23	0.9970745431303352	1	-8.63298374981909	0	1	MSMS	False
20100614_Velos1_TaGe_SA_K562_4	LPDGYEFK	LPDGYEFK	967.4651	79.82336	2	282612.45703125	79.88953399658203	79.88953399658203	80.33403015136719	484.7397766113281	2	12	0.9983899440038005	1	-0.10306428789801002	0	1	MSMS	False
20100614_Velos1_TaGe_SA_K562_4	LQAEIEGLK	LQAEIEGLK	999.56006	80.54505	2	409815.46484375	80.47103118896484	80.60336303710938	80.77552795410156	500.7874450683594	2	23	0.999889679612337	1	0.27732496700634574	0	1	MSMS	False
20100614_Velos1_TaGe_SA_K562_4	LQIEIGK	LQIEIGK	799.48035	80.70393	2	50757.92507844065	80.72303009033203	80.72303009033203	80.77552795410156	400.74554443359375	2	25	1	1	-4.770682069294953	0	1	MSMS	False
20100614_Velos1_TaGe_SA_K562_4	LSGEAFDINK	LSGEAFDINK	1092.54514	79.13555	2	81973.50341796875	79.03986358642578	79.12120056152344	79.25286102294922	547.2776489257812	2	1	0.9904336582855638	1	-4.02279231731788	0	1	MSMS	False
20100614_Velos1_TaGe_SA_K562_4	LTGYSHEIYVDPER	LTGYSHEIYVDPER	1677.79985	80.35415	3	162937.41509076735	79.31952667236328	79.31952667236328	80.60336303710938	560.2787475585938	3	4	0.9999999999999999	1	8.643605485750038	0	1	MSMS	False
20100614_Velos1_TaGe_SA_K562_4	LTIHGDLYYEGK	LTIHGDLYYEGK	1407.70343	82.39777	2	18206.784550355937	81.95670318603516	81.95670318603516	81.95670318603516	470.2400207519531	3	45	0.914845670328521	2	-3.6702526181345956	0	1	MSMS	False
20100614_Velos1_TaGe_SA_K562_4	LTPEEEEILNK	LTPEEEEILNK	1313.67146	82.91419	3	236809.73958333334	82.70736694335938	82.90337371826172	82.97769927978516	438.8963317871094	3	59	0.9980243219999236	1	-3.291962274200116	0	1	MSMS	False
20100614_Velos1_TaGe_SA_K562_4	LTPEEEEILNK	LTPEEEEILNK	1313.67146	82.65226	2	0	NaN	NaN	NaN	NaN	-1	-1	NaN	0	NaN	0	1	MSMS	False
20100614_Velos1_TaGe_SA_K562_4	LTPSGYEWGR	LTPSGYEWGR	1164.55637	79.40962	2	86682.93282178033	79.25286102294922	79.38536834716797	79.46170043945312	583.2841186523438	2	5	1.0000000000000002	1	-2.306139178437794	0	1	MSMS	False
20100614_Velos1_TaGe_SA_K562_4	LTVEDLEKER	LTVEDLEKER	1230.64558	81.37195	3	145869.67861486546	81.2860336303711	81.40519714355469	81.45503997802734	616.3274536132812	2	36	1	2	-4.246313707702413	0	1	MSMS	False
20100614_Velos1_TaGe_SA_K562_4	LVNHFVEEFKR	LVNHFVEEFKR	1416.75138	79.13177	3	255782.75390625	79.03986358642578	79.12120056152344	79.18920135498047	473.25543212890625	3	1	0.9733488410061716	3	-4.836401685322682	0	1	MSMS	False
20100614_Velos1_TaGe_SA_K562_4	LVPLDYGEDDKNATK	LVPLDYGEDDKNATK	1676.82573	79.272	3	104858.56966145833	79.25286102294922	79.25286102294922	79.53336334228516	559.9482421875	3	3	0.9875298813491447	2	-1.6894052174462908	0	1	MSMS	False
20100614_Velos1_TaGe_SA_K562_4	LVQAFQYTDK	LVQAFQYTDK	1211.61864	80.79765	2	352806.171875	80.72303009033203	80.84469604492188	80.96269989013672	606.8145751953125	2	27	0.9998171591610293	1	-3.3364814633276407	0	1	MSMS	False
20100614_Velos1_TaGe_SA_K562_4	LYDAYELK	LYDAYELK	1013.50696	80.0288	2	2175491.59375	79.95103454589844	80.19269561767578	81.21536254882812	507.75604248046875	2	17	0.9996338977331576	1	-9.302326666202761	0	1	MSMS	False
20100614_Velos1_TaGe_SA_K562_4	MDDPTVNWSNER	MDDPTVNWSNER	1462.61469	81.27696	2	167436.33148992798	80.33403015136719	81.2860336303711	81.45503997802734	732.3085327148438	2	34	0.9999966982909498	1	-8.325845592473316	0	1	MSMS	False
20100614_Velos1_TaGe_SA_K562_4	MDLGECLK	MDLGEC[Common Fixed:Carbamidomethyl on C]LK	964.43579	80.27471	2	271232.53858246276	80.19269561767578	80.47103118896484	80.60336303710938	483.2232971191406	2	21	1	1	-3.8869311109886007	0	1	MSMS	False
20100614_Velos1_TaGe_SA_K562_4	MESALDQLK	MESALDQLK	1033.5114	79.08335	2	476981.7578125	79.03986358642578	79.31952667236328	79.31952667236328	517.7610473632812	2	4	0.9990560316680268	1	-3.7331056006373458	0	1	MSMS	False
20100614_Velos1_TaGe_SA_K562_4	MLEYALK	MLEYALK	866.45718	81.85672	2	398023.681640625	81.82302856445312	81.89419555664062	81.95670318603516	434.2339172363281	2	44	0.9992756802200022	1	-4.499311901020381	0	1	MSMS	False
20100614_Velos1_TaGe_SA_K562_4	MQQHFEFEYQTK	MQQHFEFEYQTK	1614.71368	79.40432	3	168705.125	79.31952667236328	79.46170043945312	80.1263656616211	539.2413940429688	3	6	0.9999085574966199	2	-7.052833593896978	0	1	MSMS	False
20100614_Velos1_TaGe_SA_K562_4	MTELYDYPK	MTELYDYPK	1158.52671	80.97416	2	795807.71875	80.89969635009766	81.02953338623047	81.34136199951172	580.2677001953125	2	30	0.9957102720567744	1	-5.060343522796002	0	1	MSMS	False
20100614_Velos1_TaGe_SA_K562_4	MWDPHNDPNAQGDAFK	MWDPHNDPNAQGDAFK	1841.77913	79.31089	3	1406913.34375	79.25286102294922	79.38536834716797	79.74786376953125	614.9309692382812	3	5	0.9995910104938385	2	-4.338549887171834	0	1	MSMS	False
20100614_Velos1_TaGe_SA_K562_4	MEEDPDDVPHGHITSLAVK	M[Common Variable:Oxidation on M]EEDPDDVPHGHITSLAVK	2104.97353	79.90372	4	861201.1228736133	79.81053161621094	79.95103454589844	80.33403015136719	702.995361328125	3	13	1	3	-5.766623530235177	0	1	MSMS	False
20100614_Velos1_TaGe_SA_K562_4	NLLHVTDTGVGMTR	NLLHVTDTGVGM[Common Variable:Oxidation on M]TR	1528.76678	79.85896	3	0	NaN	NaN	NaN	NaN	-1	-1	NaN	0	NaN	0	1	MSMS	False
20100614_Velos1_TaGe_SA_K562_4	NLQEVLGEEK	NLQEVLGEEK	1157.59282	81.6959	2	542728.19140625	81.68470001220703	81.7531967163086	81.95670318603516	579.8032836914062	2	42	0.9999436096333902	1	-0.695884538781614	0	1	MSMS	False
20100614_Velos1_TaGe_SA_K562_4	NLQMWEEMK	NLQMWEEM[Common Variable:Oxidation on M]K	1223.53148	80.7679	2	157388.2727631046	80.72303009033203	80.72303009033203	80.96269989013672	612.7706298828125	2	25	0.9999882492729949	1	-3.9011404374898033	0	1	MSMS	False
20100614_Velos1_TaGe_SA_K562_4	NLQYYDISAK	NLQYYDISAK	1213.5979	81.69149	2	6398833.685497747	81.62003326416016	81.89419555664062	82.97769927978516	607.8040161132812	2	44	1	1	-3.6426457194345563	81.55653381347656	1	MSMS	False
20100614_Velos1_TaGe_SA_K562_4	NVDILKDPETVK	NVDILKDPETVK	1369.7453	82.66653	2	0	NaN	NaN	NaN	NaN	-1	-1	NaN	0	NaN	0	1	MSMS	False
20100614_Velos1_TaGe_SA_K562_4	QAYLDFK	QAYLDFK	883.44397	81.3291	2	295919.685546875	81.15436553955078	81.40519714355469	81.50202941894531	442.7283935546875	2	36	0.9980669797719885	1	-1.9648381130388592	0	1	MSMS	False
20100614_Velos1_TaGe_SA_K562_4	QLDEGEISTIDK	QLDEGEISTIDK	1346.65654	79.83007	2	31300.7197265625	79.74786376953125	79.74786376953125	79.74786376953125	674.3346557617188	2	10	0.9959383507020593	1	-1.3228393934196925	0	1	MSMS	False
20100614_Velos1_TaGe_SA_K562_4	QLICDPSYVK	QLIC[Common Fixed:Carbamidomethyl on C]DPSYVK	1221.60636	81.25545	2	34155.285400390625	81.21536254882812	81.21536254882812	81.21536254882812	611.8090209960938	2	33	0.9943646059506146	1	-2.3501363979174483	0	1	MSMS	False
20100614_Velos1_TaGe_SA_K562_4	QNRPIPQWIR	QNRPIPQWIR	1306.72584	80.924	3	194301.06770833334	80.89969635009766	80.96269989013672	81.02953338623047	436.5816345214844	3	29	0.9908744741305562	2	-2.1399697447462724	0	1	MSMS	False
20100614_Velos1_TaGe_SA_K562_4	QVLEGEEIAYK	QVLEGEEIAYK	1277.65033	80.34062	2	416759.82421875	80.1263656616211	80.33403015136719	80.53820037841797	639.8291625976562	2	19	0.9985646551442114	1	-5.132655071210462	0	1	MSMS	False
20100614_Velos1_TaGe_SA_K562_4	QYDIDDAIAK	QYDIDDAIAK	1150.55062	82.80188	2	226978.04100837948	82.76470184326172	82.8311996459961	82.97769927978516	576.2803344726562	2	58	1	1	-3.914637363412235	0	1	MSMS	False
20100614_Velos1_TaGe_SA_K562_4	RTDLCDHALHISHDEL	RTDLC[Common Fixed:Carbamidomethyl on C]DHALHISHDEL	1930.89556	80.67871	4	1908389.109375	80.72303009033203	80.77552795410156	81.40519714355469	483.9786376953125	4	26	0.998123863191742	4	-6.673545786135265	0	1	MSMS	False
20100614_Velos1_TaGe_SA_K562_4	RVHVTQEDFEMAVAK	RVHVTQEDFEMAVAK	1758.8723	79.51721	3	51661.060709635414	79.46170043945312	79.46170043945312	79.60369873046875	587.296142578125	3	6	0.9996571351338551	2	-3.2416601600523713	0	1	MSMS	False
20100614_Velos1_TaGe_SA_K562_4	SGDSEVYQLGDVSQK	SGDSEVYQLGDVSQK	1610.74239	81.72988	2	1407523.3569588237	81.55653381347656	81.89419555664062	82.64136505126953	806.3766479492188	2	44	0.9999114013248802	2	-2.2641952821689806	0	1	MSMS	False
20100614_Velos1_TaGe_SA_K562_4	SGNVAELALK	SGNVAELALK	1000.55531	79.5804	2	68101.02416992188	79.46170043945312	79.53336334228516	79.60369873046875	501.28314208984375	2	7	0.9943835844994163	1	-3.5767678553463056	0	1	MSMS	False
20100614_Velos1_TaGe_SA_K562_4	SGVSLAALK	SGVSLAALK	844.50182	81.20013	2	517328.83203125	81.09020233154297	81.34136199951172	81.55653381347656	423.2579040527344	2	35	0.9996711924942109	1	-0.6688301620913605	0	1	MSMS	False
20100614_Velos1_TaGe_SA_K562_4	SIQEIQELDKDDESLRK	SIQEIQELDKDDESLRK	2045.02768	82.84213	4	1194072.3832425342	82.76470184326172	82.8311996459961	82.97769927978516	683.0109252929688	3	58	0.9992732749305211	2	-9.614839269666598	0	1	MSMS	False
20100614_Velos1_TaGe_SA_K562_4	SLDFYTR	SLDFYTR	900.43413	79.55479	2	114090.75986705523	79.53336334228516	79.53336334228516	79.53336334228516	451.2246398925781	2	7	1	1	0.6628484843343813	0	1	MSMS	False
20100614_Velos1_TaGe_SA_K562_4	SLGVDMDDKDDAHYAVQAR	SLGVDMDDKDDAHYAVQAR	2104.94838	80.42089	3	1236375.0390625	80.39869689941406	80.47103118896484	82.90337371826172	702.98828125	3	21	0.9957869197562635	3	-3.8861577122070106	80.33403015136719	1	MSMS	False
20100614_Velos1_TaGe_SA_K562_4	SSHYDELLAAEAR	SSHYDELLAAEAR	1460.68957	79.33598	2	1857280.6914712253	79.31952667236328	79.38536834716797	79.88953399658203	731.3511962890625	2	5	0.9971919830078535	2	-1.1846155874664508	0	1	MSMS	False
20100614_Velos1_TaGe_SA_K562_4	SSYHVEGTGYDTYLR	SSYHVEGTGYDTYLR	1746.78493	81.49546	3	7887.227025842282	81.82302856445312	81.82302856445312	81.82302856445312	583.2681884765625	3	43	1	1	-1.2560051966557828	0	1	MSMS	False
20100614_Velos1_TaGe_SA_K562_4	SWHDVQVSSAYVK	SWHDVQVSSAYVK	1504.73104	81.07084	3	133721.75	80.96269989013672	81.09020233154297	81.45503997802734	502.5831298828125	3	31	0.9956898100441861	2	-2.312540983658014	0	1	MSMS	False
20100614_Velos1_TaGe_SA_K562_4	TDWDAGFK	TDWDAGFK	938.4134	79.26373	2	816366.09375	79.18920135498047	79.31952667236328	79.53336334228516	470.21307373046875	2	4	0.9992025771834409	1	-1.9239631705654878	0	1	MSMS	False
20100614_Velos1_TaGe_SA_K562_4	TGTIVVEGHELHDEDIR	TGTIVVEGHELHDEDIR	1918.93847	79.47243	4	2126299.3125	79.46170043945312	79.53336334228516	80.53820037841797	640.6492309570312	3	7	0.9976950594864646	2	-6.537726239125397	0	1	MSMS	False
20100614_Velos1_TaGe_SA_K562_4	TGTIVVEGHELHDEDIR	TGTIVVEGHELHDEDIR	1918.93847	79.54912	2	0	NaN	NaN	NaN	NaN	-1	-1	NaN	0	NaN	0	1	MSMS	False
20100614_Velos1_TaGe_SA_K562_4	TIDDLEDKLK	TIDDLEDKLK	1188.62378	82.91037	3	613826.890625	82.8311996459961	82.97769927978516	82.97769927978516	397.2139892578125	3	60	0.9969337378199006	1	-3.0637340937144693	0	1	MSMS	False
20100614_Velos1_TaGe_SA_K562_4	TIVITSHPGQIVK	TIVITSHPGQIVK	1391.81365	79.14629	3	0	NaN	NaN	NaN	NaN	-1	-1	NaN	0	NaN	0	1	MSMS	False
20100614_Velos1_TaGe_SA_K562_4	TKEQILEEFSK	TKEQILEEFSK	1350.7031	81.69991	2	661426.0546875	81.62003326416016	81.7531967163086	81.95670318603516	676.3568725585938	2	42	0.9957182454768032	2	-2.893172134214953	0	1	MSMS	False
20100614_Velos1_TaGe_SA_K562_4	TKPYIQVDIGGGQTK	TKPYIQVDIGGGQTK	1603.85697	81.3331	2	166535.58203538702	81.2860336303711	81.2860336303711	81.2860336303711	535.6265258789062	3	34	1	2	0.5232830942303834	0	1	MSMS	False
20100614_Velos1_TaGe_SA_K562_4	TLESTWEKPQELK	TLESTWEKPQELK	1587.81444	80.40566	3	200045.55859375	80.25569915771484	80.33403015136719	80.60336303710938	530.276611328125	3	19	0.9908793965093471	1	-4.0530027312845105	0	1	MSMS	False
20100614_Velos1_TaGe_SA_K562_4	TLNNKFASFIDK	TLNNKFASFIDK	1396.73507	79.66626	3	0	NaN	NaN	NaN	NaN	-1	-1	NaN	0	NaN	0	1	MSMS	False
20100614_Velos1_TaGe_SA_K562_4	TVAVIGGISR	TVAVIGGISR	971.57638	81.86368	2	60731.05572056865	81.82302856445312	81.82302856445312	81.89419555664062	486.79449462890625	2	43	0.9999999999999999	1	-2.0005384911815804	0	1	MSMS	False
20100614_Velos1_TaGe_SA_K562_4	TVDLKPDWGK	TVDLKPDWGK	1157.60807	79.20031	2	614275.9140625	79.03986358642578	79.38536834716797	80.05802917480469	579.80859375	2	5	0.9991863514883689	2	-4.6954007137028775	0	1	MSMS	False
20100614_Velos1_TaGe_SA_K562_4	TYLEEELTK	TYLEEELTK	1124.56012	81.63617	2	96287.79296875	81.62003326416016	81.68470001220703	81.7531967163086	563.286865234375	2	41	0.9946245369672012	1	-0.8380743647262959	81.50202941894531	1	MSMS	False
20100614_Velos1_TaGe_SA_K562_4	VCYYYDGDVGNYYYGQGHPMKPHR	VC[Common Fixed:Carbamidomethyl on C]YYYDGDVGNYYYGQGHPM[Common Variable:Oxidation on M]KPHR	2954.25408	80.50225	5	95509.75264697352	80.33403015136719	80.47103118896484	80.66802978515625	739.81494140625	4	21	0.9856521188014984	3	-8.894430595828673	0	1	MSMS	False
20100614_Velos1_TaGe_SA_K562_4	VDDFLANEAK	VDDFLANEAK	1120.54005	79.272	2	47733.5771484375	79.25286102294922	79.25286102294922	79.46170043945312	561.277099609375	2	3	0.9999411707300776	1	-0.3602861032348433	79.53336334228516	1	MSMS	False
20100614_Velos1_TaGe_SA_K562_4	VFVGGDDFK	VFVGGDDFK	982.476	80.69878	2	633103.5118094271	80.66802978515625	80.84469604492188	81.50202941894531	492.2445068359375	2	27	1	1	-1.5667170322264605	0	1	MSMS	False
20100614_Velos1_TaGe_SA_K562_4	VHVTQEDFEMAVAK	VHVTQEDFEM[Common Variable:Oxidation on M]AVAK	1618.76611	79.40432	3	0	NaN	NaN	NaN	NaN	-1	-1	NaN	0	NaN	0	1	MSMS	False
20100614_Velos1_TaGe_SA_K562_4	VIEYTDLEK	VIEYTDLEK	1108.56521	79.34558	2	338030.01171875	79.18920135498047	79.46170043945312	79.60369873046875	555.2871704101562	2	6	0.9999923791521372	1	-4.891109153197617	0	1	MSMS	False
20100614_Velos1_TaGe_SA_K562_4	VITIMQNPR	VITIMQNPR	1070.59065	79.14007	2	128842.8623046875	79.03986358642578	79.12120056152344	79.12120056152344	536.3015747070312	2	1	0.9968821942431324	1	-1.9181184663478639	0	1	MSMS	False
20100614_Velos1_TaGe_SA_K562_4	VKGEEIYSMDEGIR	VKGEEIYSMDEGIR	1624.77667	81.20728	3	235065.1875	81.09020233154297	81.2860336303711	81.45503997802734	542.5968017578125	3	34	0.9984292661595252	2	-4.981686005499685	0	1	MSMS	False
20100614_Velos1_TaGe_SA_K562_4	VKQEPGTEDEICSFSGGVK	VKQEPGTEDEIC[Common Fixed:Carbamidomethyl on C]SFSGGVK	2065.96264	79.62297	3	80543.74687634881	79.53336334228516	79.60369873046875	79.68236541748047	689.9896240234375	3	8	1	2	-9.000542445322916	0	1	MSMS	False
20100614_Velos1_TaGe_SA_K562_4	VLLSDSNLHDA	VLLSDSNLHDA	1182.58807	81.70454	2	132249.61328125	81.68470001220703	81.68470001220703	81.68470001220703	592.3015747070312	2	41	0.9990596270015208	1	0.44519331605941165	0	1	MSMS	False
20100614_Velos1_TaGe_SA_K562_4	VPTTEKPTVTVNFR	VPTTEKPTVTVNFR	1587.86206	81.53774	3	90273.89084351835	81.40519714355469	81.55653381347656	81.7531967163086	530.2904663085938	3	39	0.9898328008089936	1	-7.904660189385308	0	1	MSMS	False
20100614_Velos1_TaGe_SA_K562_4	VQSEEMLEDKWR	VQSEEMLEDKWR	1548.72424	79.96593	3	11052.168882977603	79.81053161621094	79.81053161621094	79.81053161621094	517.2451171875	3	11	1	1	-6.920430286894022	0	1	MSMS	False
20100614_Velos1_TaGe_SA_K562_4	VSQWWER	VSQWWER	989.47191	79.35255	2	40199.02715761266	79.31952667236328	79.31952667236328	79.53336334228516	495.74114990234375	2	4	1	1	-4.2074252217233665	0	1	MSMS	False
20100614_Velos1_TaGe_SA_K562_4	VSYYENVIK	VSYYENVIK	1113.57063	80.85888	2	0	NaN	NaN	NaN	NaN	-1	-1	NaN	0	NaN	0	1	MSMS	False
20100614_Velos1_TaGe_SA_K562_4	VWDYAGDNYVHR	VWDYAGDNYVHR	1493.66878	79.21523	3	129726.2570033426	79.12120056152344	79.12120056152344	79.31952667236328	498.8960876464844	3	1	1	2	-1.5913693810742473	0	1	MSMS	False
20100614_Velos1_TaGe_SA_K562_4	VWEAGTHEELLK	VWEAGTHEELLK	1410.71433	81.18937	3	119020.48079427083	81.09020233154297	81.15436553955078	81.21536254882812	471.2432556152344	3	32	0.9871847205906489	2	-4.553063916212513	0	1	MSMS	False
20100614_Velos1_TaGe_SA_K562_4	VWQWDEK	VWQWDEK	989.46068	80.48596	2	800256.515625	80.25569915771484	80.66802978515625	81.21536254882812	495.7369689941406	2	24	0.9998056384373678	1	-1.3087386926072504	0	1	MSMS	False
20100614_Velos1_TaGe_SA_K562_4	WLPVQESSTDDK	WLPVQESSTDDK	1403.65687	81.90062	2	821690.8359375	81.82302856445312	81.89419555664062	81.95670318603516	702.8334350585938	2	44	0.9957258744882331	1	-3.243539548822897	0	1	MSMS	False
20100614_Velos1_TaGe_SA_K562_4	WMGGAELSDDGR	WMGGAELSDDGR	1292.54555	80.46201	2	5995.5147953917085	80.19269561767578	80.19269561767578	80.19269561767578	647.2858276367188	2	17	0.9999999999999999	1	8.93766543034657	0	1	MSMS	False
20100614_Velos1_TaGe_SA_K562_4	YADLLEESR	YADLLEESR	1094.5244	80.41036	2	839658.296875	80.05802917480469	80.05802917480469	80.19269561767578	548.2656860351562	2	15	0.9998381409585685	1	-6.926171262888137	0	1	MSMS	False
20100614_Velos1_TaGe_SA_K562_4	YALYDATYETK	YALYDATYETK	1336.6187	81.76551	2	7977.7548828125	81.15436553955078	81.15436553955078	81.15436553955078	669.3152465820312	2	32	0.7232491557852068	1	-2.0647397014257947	0	1	MSMS	False
20100614_Velos1_TaGe_SA_K562_4	YAQAGFEGFK	YAQAGFEGFK	1116.52401	79.86616	2	233796.25	79.68236541748047	80.05802917480469	80.25569915771484	559.26806640625	2	15	0.999366994878281	1	-2.176506045900141	0	1	MSMS	False
20100614_Velos1_TaGe_SA_K562_4	YCTDCDEIQFK	YC[Common Fixed:Carbamidomethyl on C]TDC[Common Fixed:Carbamidomethyl on C]DEIQFK	1477.58537	79.69428	2	0	NaN	NaN	NaN	NaN	-1	-1	NaN	0	NaN	0	1	MSMS	False
20100614_Velos1_TaGe_SA_K562_4	YEDICPSTHNMDVPNIK	YEDIC[Common Fixed:Carbamidomethyl on C]PSTHNM[Common Variable:Oxidation on M]DVPNIK	2047.89793	80.03713	3	527070.3307291666	79.95103454589844	80.05802917480469	80.33403015136719	683.9695434570312	3	15	0.9901164643773503	2	-6.793169040858726	0	1	MSMS	False
20100614_Velos1_TaGe_SA_K562_4	YELQLANPK	YELQLANPK	1074.57096	81.74427	2	41063.08670889569	81.62003326416016	81.68470001220703	81.7531967163086	538.2918090820312	2	41	1	1	-1.763280198647256	0	1	MSMS	False
20100614_Velos1_TaGe_SA_K562_4	YHPLFGNQEELDK	YHPLFGNQEELDK	1588.75217	82.15159	3	0	NaN	NaN	NaN	NaN	-1	-1	NaN	0	NaN	0	1	MSMS	False
20100614_Velos1_TaGe_SA_K562_4	YHPLFGNQEELDK	YHPLFGNQEELDK	1588.75217	82.17503	2	0	NaN	NaN	NaN	NaN	-1	-1	NaN	0	NaN	0	1	MSMS	False
20100614_Velos1_TaGe_SA_K562_4	YKVDFIEEK	YKVDFIEEK	1169.59684	80.28915	3	320213.1640625	80.1263656616211	80.25569915771484	80.53820037841797	585.80419921875	2	18	0.9937113351403251	2	-2.5602807357084907	0	1	MSMS	False
20100614_Velos1_TaGe_SA_K562_4	YLAEFATGNDR	YLAEFATGNDR	1255.58332	80.83573	2	564441.84375	80.72303009033203	80.89969635009766	81.09020233154297	628.7970581054688	2	28	0.9917655413951466	1	-2.9920139594985744	0	1	MSMS	False
20100614_Velos1_TaGe_SA_K562_4	YLDEIVK	YLDEIVK	878.47493	81.29666	2	757680.5	81.15436553955078	81.34136199951172	81.55653381347656	440.2437438964844	2	35	0.9999765417346964	1	-2.271141407601744	0	1	MSMS	False
20100614_Velos1_TaGe_SA_K562_4	YLENYDAIR	YLENYDAIR	1155.55604	79.90006	2	1812993.3163300282	79.95103454589844	79.95103454589844	80.47103118896484	578.7814331054688	2	13	0.9999999999999999	1	-6.686584252986422	0	1	MSMS	False
20100614_Velos1_TaGe_SA_K562_4	YLGQDYEQLR	YLGQDYEQLR	1283.61462	81.9794	2	757405.9066410481	81.95670318603516	82.01569366455078	82.49786376953125	642.81103515625	2	46	1	1	-5.533297258742135	0	1	MSMS	False
20100614_Velos1_TaGe_SA_K562_4	YLTEHPDPNNENIVGYNNK	YLTEHPDPNNENIVGYNNK	2230.02907	80.42649	3	436951.5514496796	80.47103118896484	80.53820037841797	80.53820037841797	744.6813354492188	3	22	1	1	-4.40588137043478	0	1	MSMS	False
20100614_Velos1_TaGe_SA_K562_4	YNDTFWK	YNDTFWK	972.43413	81.47898	2	7482.482492850993	81.82302856445312	81.82302856445312	81.89419555664062	487.2248840332031	2	43	1	1	1.1158932156293684	0	1	MSMS	False
20100614_Velos1_TaGe_SA_K562_4	YPDPLIK	YPDPLIK	844.46945	81.93509	2	670619.34765625	81.89419555664062	81.95670318603516	81.95670318603516	423.241455078125	2	45	0.9999336759886985	1	-1.2940403089848813	0	1	MSMS	False
20100614_Velos1_TaGe_SA_K562_4	YPLFEGQETGK	YPLFEGQETGK	1267.60847	81.97494	2	314124.86328125	81.89419555664062	81.95670318603516	82.34736633300781	634.8085327148438	2	45	0.9987733493477498	1	-4.699798251163313	0	1	MSMS	False
20100614_Velos1_TaGe_SA_K562_4	YQVSWSLDHK	YQVSWSLDHK	1261.60914	82.58272	3	0	NaN	NaN	NaN	NaN	-1	-1	NaN	0	NaN	0	1	MSMS	False
20100614_Velos1_TaGe_SA_K562_4	YYIAASYVK	YYIAASYVK	1076.55425	81.78169	2	187465.30031102468	81.7531967163086	81.82302856445312	82.06803131103516	539.2839965820312	2	43	1	1	-0.7521866134281575	0	1	MSMS	False
20100614_Velos1_TaGe_SA_K562_4	YYLNDLDR	YYLNDLDR	1070.50327	81.17893	2	138222.541015625	81.34136199951172	81.34136199951172	81.40519714355469	536.254638671875	2	35	0.9972202105715344	1	-7.982778051458399	0	1	MSMS	False
20100614_Velos1_TaGe_SA_K562_4	YYYDGDMICK	YYYDGDMIC[Common Fixed:Carbamidomethyl on C]K	1326.52606	82.12795	2	538176.6080056443	82.06803131103516	82.27019500732422	82.64136505126953	664.2676391601562	2	50	1.0000000000000002	1	-4.021491628656084	0	1	MSMS	False
